chains,components_are_additive,device,dimension,group,kernel,model,operation,process_cpu_percent,seconds_per_call,status,width
1,False,cuda,8,7993014143067fc485cd,mala,G1,density_loop,0.0,0.0009625800012145191,passed,16
1,False,cuda,8,7993014143067fc485cd,mala,G1,density_batch,0.0,0.00017890000017359853,passed,16
1,False,cuda,8,7993014143067fc485cd,mala,G1,transition_loop,233.36886196853803,0.028808640001807363,passed,16
1,False,cuda,8,7993014143067fc485cd,mala,G1,transition_batch,0.0,0.002297360001830384,passed,16
1,False,cuda,8,7993014143067fc485cd,mala,G1,surrogate_jvp_loop,213.016478886676,0.1435031800006982,passed,16
1,False,cuda,8,7993014143067fc485cd,mala,G1,surrogate_jvp_batch,216.42473266921502,0.010882899997523055,passed,16
1,False,cuda,8,7993014143067fc485cd,mala,G1,affine_scan,0.0,0.00031344000017270447,passed,16
1,False,cuda,8,7993014143067fc485cd,mala,G1,affine_serial,0.0,0.00041729999938979747,passed,16
1,False,cuda,8,7993014143067fc485cd,mala,G1,prefix_scalar_read,0.0,0.00012110000243410468,passed,16
1,False,cuda,8,7993014143067fc485cd,mala,G1,density_loop,2516.508300626679,0.00023780000046826899,passed,4
1,False,cuda,8,7993014143067fc485cd,mala,G1,density_batch,0.0,0.00011698000016622246,passed,4
1,False,cuda,8,7993014143067fc485cd,mala,G1,transition_loop,130.98441600388577,0.007243140001082793,passed,4
1,False,cuda,8,7993014143067fc485cd,mala,G1,transition_batch,283.6062004090643,0.002203759999247268,passed,4
1,False,cuda,8,7993014143067fc485cd,mala,G1,surrogate_jvp_loop,209.23128427353885,0.0351749999972526,passed,4
1,False,cuda,8,7993014143067fc485cd,mala,G1,surrogate_jvp_batch,204.14124419438184,0.010715620004339144,passed,4
1,False,cuda,8,7993014143067fc485cd,mala,G1,affine_scan,0.0,0.00016073999577201903,passed,4
1,False,cuda,8,7993014143067fc485cd,mala,G1,affine_serial,0.0,0.00013378000003285706,passed,4
1,False,cuda,8,7993014143067fc485cd,mala,G1,prefix_scalar_read,0.0,8.749999688006938e-05,passed,4
4,False,cuda,8,57554c9e201545146e62,mala,G1,density_loop,195.44564725468365,0.003260079998290166,passed,16
4,False,cuda,8,57554c9e201545146e62,mala,G1,density_batch,0.0,0.00016446000081487,passed,16
4,False,cuda,8,57554c9e201545146e62,mala,G1,transition_loop,199.73772253926307,0.11325706000206992,passed,16
4,False,cuda,8,57554c9e201545146e62,mala,G1,transition_batch,262.59180172296897,0.002238959999522194,passed,16
4,False,cuda,8,57554c9e201545146e62,mala,G1,surrogate_jvp_loop,212.29285541188867,0.5754012599994894,passed,16
4,False,cuda,8,57554c9e201545146e62,mala,G1,surrogate_jvp_batch,178.6963458187684,0.010578679997706786,passed,16
4,False,cuda,8,57554c9e201545146e62,mala,G1,affine_scan,0.0,0.0003175000019837171,passed,16
4,False,cuda,8,57554c9e201545146e62,mala,G1,affine_serial,0.0,0.00042487999889999627,passed,16
4,False,cuda,8,57554c9e201545146e62,mala,G1,prefix_scalar_read,0.0,0.00011739999754354358,passed,16
4,False,cuda,8,57554c9e201545146e62,mala,G1,density_loop,727.4377897917428,0.000859179999679327,passed,4
4,False,cuda,8,57554c9e201545146e62,mala,G1,density_batch,0.0,0.0001352999999653548,passed,4
4,False,cuda,8,57554c9e201545146e62,mala,G1,transition_loop,215.6589813984111,0.028380719997221603,passed,4
4,False,cuda,8,57554c9e201545146e62,mala,G1,transition_batch,0.0,0.0022394000028725714,passed,4
4,False,cuda,8,57554c9e201545146e62,mala,G1,surrogate_jvp_loop,218.86761774848193,0.14198630000464618,passed,4
4,False,cuda,8,57554c9e201545146e62,mala,G1,surrogate_jvp_batch,196.27283487014668,0.010744539997540414,passed,4
4,False,cuda,8,57554c9e201545146e62,mala,G1,affine_scan,0.0,0.00017444000113755464,passed,4
4,False,cuda,8,57554c9e201545146e62,mala,G1,affine_serial,0.0,0.00010728000197559595,passed,4
4,False,cuda,8,57554c9e201545146e62,mala,G1,prefix_scalar_read,0.0,8.825999684631824e-05,passed,4
1,False,cuda,8,db009510c6a038a7d336,mala,G1,density_loop,322.63726268537795,0.0008452200039755553,passed,16
1,False,cuda,8,db009510c6a038a7d336,mala,G1,density_batch,0.0,0.00016014000284485518,passed,16
1,False,cuda,8,db009510c6a038a7d336,mala,G1,transition_loop,199.04388166743993,0.02836068000178784,passed,16
1,False,cuda,8,db009510c6a038a7d336,mala,G1,transition_batch,136.49506871310055,0.002202100004069507,passed,16
1,False,cuda,8,db009510c6a038a7d336,mala,G1,surrogate_jvp_loop,205.2672520249737,0.14310611999826506,passed,16
1,False,cuda,8,db009510c6a038a7d336,mala,G1,surrogate_jvp_batch,173.222323152042,0.01082424000487663,passed,16
1,False,cuda,8,db009510c6a038a7d336,mala,G1,affine_scan,0.0,0.00029777999734506013,passed,16
1,False,cuda,8,db009510c6a038a7d336,mala,G1,affine_serial,0.0,0.0003910200030077249,passed,16
1,False,cuda,8,db009510c6a038a7d336,mala,G1,prefix_scalar_read,0.0,0.00015501999878324567,passed,16
1,False,cuda,8,db009510c6a038a7d336,mala,G1,density_loop,0.0,0.0002584400004707277,passed,4
1,False,cuda,8,db009510c6a038a7d336,mala,G1,density_batch,2676.888850839451,0.00011122000287286938,passed,4
1,False,cuda,8,db009510c6a038a7d336,mala,G1,transition_loop,176.19232861604365,0.007037239999044686,passed,4
1,False,cuda,8,db009510c6a038a7d336,mala,G1,transition_batch,275.74097106568314,0.0022438200016040356,passed,4
1,False,cuda,8,db009510c6a038a7d336,mala,G1,surrogate_jvp_loop,207.4827692536955,0.035184479999588805,passed,4
1,False,cuda,8,db009510c6a038a7d336,mala,G1,surrogate_jvp_batch,170.66306467382412,0.010715380002511665,passed,4
1,False,cuda,8,db009510c6a038a7d336,mala,G1,affine_scan,0.0,0.0001737200014758855,passed,4
1,False,cuda,8,db009510c6a038a7d336,mala,G1,affine_serial,0.0,9.234000463038683e-05,passed,4
1,False,cuda,8,db009510c6a038a7d336,mala,G1,prefix_scalar_read,0.0,8.106000022962689e-05,passed,4
4,False,cuda,8,9ed4ad1a2379acc98faa,mala,G1,density_loop,176.3315146133891,0.0035766399989370255,passed,16
4,False,cuda,8,9ed4ad1a2379acc98faa,mala,G1,density_batch,0.0,0.00017937999800778925,passed,16
4,False,cuda,8,9ed4ad1a2379acc98faa,mala,G1,transition_loop,201.88639104079903,0.11330069999676198,passed,16
4,False,cuda,8,9ed4ad1a2379acc98faa,mala,G1,transition_batch,259.8169220810873,0.0023026200011372565,passed,16
4,False,cuda,8,9ed4ad1a2379acc98faa,mala,G1,surrogate_jvp_loop,210.9346931996665,0.5721449799952097,passed,16
4,False,cuda,8,9ed4ad1a2379acc98faa,mala,G1,surrogate_jvp_batch,215.771915996298,0.01090645999647677,passed,16
4,False,cuda,8,9ed4ad1a2379acc98faa,mala,G1,affine_scan,0.0,0.0003237399971112609,passed,16
4,False,cuda,8,9ed4ad1a2379acc98faa,mala,G1,affine_serial,0.0,0.00042723999940790235,passed,16
4,False,cuda,8,9ed4ad1a2379acc98faa,mala,G1,prefix_scalar_read,0.0,9.794000070542097e-05,passed,16
4,False,cuda,8,9ed4ad1a2379acc98faa,mala,G1,density_loop,0.0,0.0008753200003411621,passed,4
4,False,cuda,8,9ed4ad1a2379acc98faa,mala,G1,density_batch,0.0,0.00016725999885238707,passed,4
4,False,cuda,8,9ed4ad1a2379acc98faa,mala,G1,transition_loop,222.91605590056858,0.028187700000125916,passed,4
4,False,cuda,8,9ed4ad1a2379acc98faa,mala,G1,transition_batch,271.87151983606043,0.002239419997204095,passed,4
4,False,cuda,8,9ed4ad1a2379acc98faa,mala,G1,surrogate_jvp_loop,213.6135068670093,0.14215042000287212,passed,4
4,False,cuda,8,9ed4ad1a2379acc98faa,mala,G1,surrogate_jvp_batch,223.46049137857574,0.010975499998312443,passed,4
4,False,cuda,8,9ed4ad1a2379acc98faa,mala,G1,affine_scan,0.0,0.00019248000462539493,passed,4
4,False,cuda,8,9ed4ad1a2379acc98faa,mala,G1,affine_serial,0.0,0.0001136800041422248,passed,4
4,False,cuda,8,9ed4ad1a2379acc98faa,mala,G1,prefix_scalar_read,0.0,9.334000060334802e-05,passed,4
1,False,cuda,8,41ebb3a6cbdb29786f9b,rwm,G1,density_loop,372.4405866632365,0.0008701400016434491,passed,16
1,False,cuda,8,41ebb3a6cbdb29786f9b,rwm,G1,density_batch,0.0,0.00014604000025428832,passed,16
1,False,cuda,8,41ebb3a6cbdb29786f9b,rwm,G1,transition_loop,173.5614533284736,0.007202059996780008,passed,16
1,False,cuda,8,41ebb3a6cbdb29786f9b,rwm,G1,transition_batch,0.0,0.0007008000044152141,passed,16
1,False,cuda,8,41ebb3a6cbdb29786f9b,rwm,G1,surrogate_jvp_loop,211.97666715905888,0.05079841999686323,passed,16
1,False,cuda,8,41ebb3a6cbdb29786f9b,rwm,G1,surrogate_jvp_batch,177.0036816436187,0.003531000000657514,passed,16
1,False,cuda,8,41ebb3a6cbdb29786f9b,rwm,G1,affine_scan,0.0,0.00029001999646425245,passed,16
1,False,cuda,8,41ebb3a6cbdb29786f9b,rwm,G1,affine_serial,0.0,0.00044677999685518446,passed,16
1,False,cuda,8,41ebb3a6cbdb29786f9b,rwm,G1,prefix_scalar_read,0.0,9.609999833628535e-05,passed,16
1,False,cuda,8,41ebb3a6cbdb29786f9b,rwm,G1,density_loop,0.0,0.00023921999963931738,passed,4
1,False,cuda,8,41ebb3a6cbdb29786f9b,rwm,G1,density_batch,0.0,0.00014658000436611472,passed,4
1,False,cuda,8,41ebb3a6cbdb29786f9b,rwm,G1,transition_loop,160.91326670367883,0.0018692600016947836,passed,4
1,False,cuda,8,41ebb3a6cbdb29786f9b,rwm,G1,transition_batch,0.0,0.0007026400009635836,passed,4
1,False,cuda,8,41ebb3a6cbdb29786f9b,rwm,G1,surrogate_jvp_loop,194.64007932486092,0.012844220001716167,passed,4
1,False,cuda,8,41ebb3a6cbdb29786f9b,rwm,G1,surrogate_jvp_batch,249.20917653531174,0.004212540003936738,passed,4
1,False,cuda,8,41ebb3a6cbdb29786f9b,rwm,G1,affine_scan,0.0,0.00014881999813951552,passed,4
1,False,cuda,8,41ebb3a6cbdb29786f9b,rwm,G1,affine_serial,0.0,0.0001174400036688894,passed,4
1,False,cuda,8,41ebb3a6cbdb29786f9b,rwm,G1,prefix_scalar_read,0.0,0.00011474000057205558,passed,4
4,False,cuda,8,782053169c32d00a2e93,rwm,G1,density_loop,173.44056122397637,0.003603540000040084,passed,16
4,False,cuda,8,782053169c32d00a2e93,rwm,G1,density_batch,0.0,0.0001618799986317754,passed,16
4,False,cuda,8,782053169c32d00a2e93,rwm,G1,transition_loop,194.786441349573,0.027076519996626303,passed,16
4,False,cuda,8,782053169c32d00a2e93,rwm,G1,transition_batch,888.1120824096208,0.0007037400035187602,passed,16
4,False,cuda,8,782053169c32d00a2e93,rwm,G1,surrogate_jvp_loop,204.94169675768202,0.2011772400001064,passed,16
4,False,cuda,8,782053169c32d00a2e93,rwm,G1,surrogate_jvp_batch,240.31190585529518,0.003901179996319115,passed,16
4,False,cuda,8,782053169c32d00a2e93,rwm,G1,affine_scan,0.0,0.0003617800015490502,passed,16
4,False,cuda,8,782053169c32d00a2e93,rwm,G1,affine_serial,0.0,0.00040592000004835427,passed,16
4,False,cuda,8,782053169c32d00a2e93,rwm,G1,prefix_scalar_read,0.0,7.307999767363072e-05,passed,16
4,False,cuda,8,782053169c32d00a2e93,rwm,G1,density_loop,0.0,0.0007663799973670393,passed,4
4,False,cuda,8,782053169c32d00a2e93,rwm,G1,density_batch,0.0,0.0001923199975863099,passed,4
4,False,cuda,8,782053169c32d00a2e93,rwm,G1,transition_loop,203.30069244718493,0.00723844000021927,passed,4
4,False,cuda,8,782053169c32d00a2e93,rwm,G1,transition_batch,812.828383464125,0.0007626599981449544,passed,4
4,False,cuda,8,782053169c32d00a2e93,rwm,G1,surrogate_jvp_loop,206.1686870507003,0.04878597999922931,passed,4
4,False,cuda,8,782053169c32d00a2e93,rwm,G1,surrogate_jvp_batch,198.3308474384874,0.0036319600010756405,passed,4
4,False,cuda,8,782053169c32d00a2e93,rwm,G1,affine_scan,0.0,0.00016123999957926572,passed,4
4,False,cuda,8,782053169c32d00a2e93,rwm,G1,affine_serial,0.0,0.00012232000008225442,passed,4
4,False,cuda,8,782053169c32d00a2e93,rwm,G1,prefix_scalar_read,0.0,7.631999906152487e-05,passed,4
1,False,cuda,8,1e4770cf09037111e3f1,rwm,G1,density_loop,0.0,0.0009163999988231808,passed,16
1,False,cuda,8,1e4770cf09037111e3f1,rwm,G1,density_batch,0.0,0.0001509999972768128,passed,16
1,False,cuda,8,1e4770cf09037111e3f1,rwm,G1,transition_loop,189.5886986957366,0.0070719200011808425,passed,16
1,False,cuda,8,1e4770cf09037111e3f1,rwm,G1,transition_batch,0.0,0.000675900001078844,passed,16
1,False,cuda,8,1e4770cf09037111e3f1,rwm,G1,surrogate_jvp_loop,202.00787750226357,0.052551859995583074,passed,16
1,False,cuda,8,1e4770cf09037111e3f1,rwm,G1,surrogate_jvp_batch,158.94652787588498,0.003932139999233186,passed,16
1,False,cuda,8,1e4770cf09037111e3f1,rwm,G1,affine_scan,0.0,0.00030910000205039976,passed,16
1,False,cuda,8,1e4770cf09037111e3f1,rwm,G1,affine_serial,0.0,0.0004179399984423071,passed,16
1,False,cuda,8,1e4770cf09037111e3f1,rwm,G1,prefix_scalar_read,0.0,0.00012871999642811717,passed,16
1,False,cuda,8,1e4770cf09037111e3f1,rwm,G1,density_loop,0.0,0.0002429199987091124,passed,4
1,False,cuda,8,1e4770cf09037111e3f1,rwm,G1,density_batch,0.0,0.00016543999663554132,passed,4
1,False,cuda,8,1e4770cf09037111e3f1,rwm,G1,transition_loop,171.02670738357105,0.0018913800013251603,passed,4
1,False,cuda,8,1e4770cf09037111e3f1,rwm,G1,transition_batch,0.0,0.0006659200007561594,passed,4
1,False,cuda,8,1e4770cf09037111e3f1,rwm,G1,surrogate_jvp_loop,245.91350772483614,0.012707719998434185,passed,4
1,False,cuda,8,1e4770cf09037111e3f1,rwm,G1,surrogate_jvp_batch,158.3320667163074,0.0038397600001189858,passed,4
1,False,cuda,8,1e4770cf09037111e3f1,rwm,G1,affine_scan,0.0,0.00016500000492669642,passed,4
1,False,cuda,8,1e4770cf09037111e3f1,rwm,G1,affine_serial,0.0,0.00011048000305891037,passed,4
1,False,cuda,8,1e4770cf09037111e3f1,rwm,G1,prefix_scalar_read,0.0,0.00010946000111289322,passed,4
4,False,cuda,8,133726dd218d56787494,rwm,G1,density_loop,252.45317164712793,0.0037135599995963275,passed,16
4,False,cuda,8,133726dd218d56787494,rwm,G1,density_batch,0.0,0.00017550000338815153,passed,16
4,False,cuda,8,133726dd218d56787494,rwm,G1,transition_loop,190.11495290528856,0.028450840001460163,passed,16
4,False,cuda,8,133726dd218d56787494,rwm,G1,transition_batch,0.0,0.0006861600035335868,passed,16
4,False,cuda,8,133726dd218d56787494,rwm,G1,surrogate_jvp_loop,209.9982826798032,0.1992892000009306,passed,16
4,False,cuda,8,133726dd218d56787494,rwm,G1,surrogate_jvp_batch,155.47727800834082,0.004019879997940734,passed,16
4,False,cuda,8,133726dd218d56787494,rwm,G1,affine_scan,0.0,0.0003305199963506311,passed,16
4,False,cuda,8,133726dd218d56787494,rwm,G1,affine_serial,0.0,0.0003816000011283904,passed,16
4,False,cuda,8,133726dd218d56787494,rwm,G1,prefix_scalar_read,0.0,8.627999923191965e-05,passed,16
4,False,cuda,8,133726dd218d56787494,rwm,G1,density_loop,0.0,0.000982739997562021,passed,4
4,False,cuda,8,133726dd218d56787494,rwm,G1,density_batch,0.0,0.00014959999825805425,passed,4
4,False,cuda,8,133726dd218d56787494,rwm,G1,transition_loop,221.2671347987734,0.007061600004089996,passed,4
4,False,cuda,8,133726dd218d56787494,rwm,G1,transition_batch,0.0,0.0006754799978807569,passed,4
4,False,cuda,8,133726dd218d56787494,rwm,G1,surrogate_jvp_loop,213.54997275071653,0.05002229999518022,passed,4
4,False,cuda,8,133726dd218d56787494,rwm,G1,surrogate_jvp_batch,320.7760215243589,0.003896799997892231,passed,4
4,False,cuda,8,133726dd218d56787494,rwm,G1,affine_scan,0.0,0.0001602600037585944,passed,4
4,False,cuda,8,133726dd218d56787494,rwm,G1,affine_serial,0.0,0.00011145999887958169,passed,4
4,False,cuda,8,133726dd218d56787494,rwm,G1,prefix_scalar_read,0.0,9.231999865733087e-05,passed,4
1,False,cuda,64,36ed2f50bd9ceb31cb1b,mala,G2,density_loop,0.0,0.001045399997383356,passed,16
1,False,cuda,64,36ed2f50bd9ceb31cb1b,mala,G2,density_batch,0.0,0.00010956000187434256,passed,16
1,False,cuda,64,36ed2f50bd9ceb31cb1b,mala,G2,transition_loop,210.49157358875163,0.02852112000109628,passed,16
1,False,cuda,64,36ed2f50bd9ceb31cb1b,mala,G2,transition_batch,278.18578356267216,0.00222154000075534,passed,16
1,False,cuda,64,36ed2f50bd9ceb31cb1b,mala,G2,surrogate_jvp_loop,210.93229222140172,0.1440244800003711,passed,16
1,False,cuda,64,36ed2f50bd9ceb31cb1b,mala,G2,surrogate_jvp_batch,269.917254190076,0.010602380003547296,passed,16
1,False,cuda,64,36ed2f50bd9ceb31cb1b,mala,G2,affine_scan,0.0,0.0002895799989346415,passed,16
1,False,cuda,64,36ed2f50bd9ceb31cb1b,mala,G2,affine_serial,0.0,0.00034471999970264733,passed,16
1,False,cuda,64,36ed2f50bd9ceb31cb1b,mala,G2,prefix_scalar_read,0.0,9.060000302270055e-05,passed,16
1,False,cuda,64,36ed2f50bd9ceb31cb1b,mala,G2,density_loop,0.0,0.0002421199984382838,passed,4
1,False,cuda,64,36ed2f50bd9ceb31cb1b,mala,G2,density_batch,0.0,0.00012413999647833406,passed,4
1,False,cuda,64,36ed2f50bd9ceb31cb1b,mala,G2,transition_loop,184.46917145599528,0.007197099999757484,passed,4
1,False,cuda,64,36ed2f50bd9ceb31cb1b,mala,G2,transition_batch,142.67582217955575,0.0021902800013776868,passed,4
1,False,cuda,64,36ed2f50bd9ceb31cb1b,mala,G2,surrogate_jvp_loop,206.5056683846733,0.035046260000672194,passed,4
1,False,cuda,64,36ed2f50bd9ceb31cb1b,mala,G2,surrogate_jvp_batch,176.06228938782814,0.010237400000914932,passed,4
1,False,cuda,64,36ed2f50bd9ceb31cb1b,mala,G2,affine_scan,0.0,0.00016881999908946455,passed,4
1,False,cuda,64,36ed2f50bd9ceb31cb1b,mala,G2,affine_serial,0.0,0.0001028600032441318,passed,4
1,False,cuda,64,36ed2f50bd9ceb31cb1b,mala,G2,prefix_scalar_read,0.0,7.091999868862331e-05,passed,4
4,False,cuda,64,4ba974c7e6fda33d6179,mala,G2,density_loop,203.55919155451954,0.003070360003039241,passed,16
4,False,cuda,64,4ba974c7e6fda33d6179,mala,G2,density_batch,0.0,0.00015382000128738582,passed,16
4,False,cuda,64,4ba974c7e6fda33d6179,mala,G2,transition_loop,205.36070931845373,0.11260673999786378,passed,16
4,False,cuda,64,4ba974c7e6fda33d6179,mala,G2,transition_batch,0.0,0.0022775999968871474,passed,16
4,False,cuda,64,4ba974c7e6fda33d6179,mala,G2,surrogate_jvp_loop,213.35460493235104,0.5741615000006277,passed,16
4,False,cuda,64,4ba974c7e6fda33d6179,mala,G2,surrogate_jvp_batch,257.576645664689,0.010876520001329482,passed,16
4,False,cuda,64,4ba974c7e6fda33d6179,mala,G2,affine_scan,0.0,0.0003040799987502396,passed,16
4,False,cuda,64,4ba974c7e6fda33d6179,mala,G2,affine_serial,0.0,0.0004054799966979772,passed,16
4,False,cuda,64,4ba974c7e6fda33d6179,mala,G2,prefix_scalar_read,0.0,0.00010413999552838504,passed,16
4,False,cuda,64,4ba974c7e6fda33d6179,mala,G2,density_loop,0.0,0.0009297000011429191,passed,4
4,False,cuda,64,4ba974c7e6fda33d6179,mala,G2,density_batch,0.0,0.00021292000310495495,passed,4
4,False,cuda,64,4ba974c7e6fda33d6179,mala,G2,transition_loop,213.49433239661812,0.03076814000378363,passed,4
4,False,cuda,64,4ba974c7e6fda33d6179,mala,G2,transition_batch,253.86277621712748,0.0024619599978905173,passed,4
4,False,cuda,64,4ba974c7e6fda33d6179,mala,G2,surrogate_jvp_loop,209.67020088300873,0.16113708000048063,passed,4
4,False,cuda,64,4ba974c7e6fda33d6179,mala,G2,surrogate_jvp_batch,219.1798116013668,0.011406160000478848,passed,4
4,False,cuda,64,4ba974c7e6fda33d6179,mala,G2,affine_scan,0.0,0.00020572000066749753,passed,4
4,False,cuda,64,4ba974c7e6fda33d6179,mala,G2,affine_serial,0.0,0.0001335599983576685,passed,4
4,False,cuda,64,4ba974c7e6fda33d6179,mala,G2,prefix_scalar_read,0.0,0.00010907999821938575,passed,4
1,False,cuda,64,b4de2b13c23f466f1883,mala,G2,density_loop,699.605983470773,0.0008933599980082363,passed,16
1,False,cuda,64,b4de2b13c23f466f1883,mala,G2,density_batch,0.0,0.00014388000126928092,passed,16
1,False,cuda,64,b4de2b13c23f466f1883,mala,G2,transition_loop,211.12492339055012,0.028272220003418624,passed,16
1,False,cuda,64,b4de2b13c23f466f1883,mala,G2,transition_batch,271.0767601820236,0.0022157199971843513,passed,16
1,False,cuda,64,b4de2b13c23f466f1883,mala,G2,surrogate_jvp_loop,209.22901157049085,0.14612212000065483,passed,16
1,False,cuda,64,b4de2b13c23f466f1883,mala,G2,surrogate_jvp_batch,233.19894854283712,0.01050299999769777,passed,16
1,False,cuda,64,b4de2b13c23f466f1883,mala,G2,affine_scan,0.0,0.0003203600004781038,passed,16
1,False,cuda,64,b4de2b13c23f466f1883,mala,G2,affine_serial,0.0,0.00043348000035621227,passed,16
1,False,cuda,64,b4de2b13c23f466f1883,mala,G2,prefix_scalar_read,0.0,0.00011617999989539385,passed,16
1,False,cuda,64,b4de2b13c23f466f1883,mala,G2,density_loop,0.0,0.0002602600026875734,passed,4
1,False,cuda,64,b4de2b13c23f466f1883,mala,G2,density_batch,0.0,0.00016563999815844,passed,4
1,False,cuda,64,b4de2b13c23f466f1883,mala,G2,transition_loop,178.61837973101612,0.007017419999465346,passed,4
1,False,cuda,64,b4de2b13c23f466f1883,mala,G2,transition_batch,271.2720707310949,0.002133359998697415,passed,4
1,False,cuda,64,b4de2b13c23f466f1883,mala,G2,surrogate_jvp_loop,190.45545310692458,0.03575756000354886,passed,4
1,False,cuda,64,b4de2b13c23f466f1883,mala,G2,surrogate_jvp_batch,233.54009408829467,0.01070480000344105,passed,4
1,False,cuda,64,b4de2b13c23f466f1883,mala,G2,affine_scan,0.0,0.00017358000040985645,passed,4
1,False,cuda,64,b4de2b13c23f466f1883,mala,G2,affine_serial,0.0,0.00012031999649479986,passed,4
1,False,cuda,64,b4de2b13c23f466f1883,mala,G2,prefix_scalar_read,0.0,9.38399985898286e-05,passed,4
4,False,cuda,64,eee319e15f53bc7b64c8,mala,G2,density_loop,165.16476832001948,0.0037841000012122095,passed,16
4,False,cuda,64,eee319e15f53bc7b64c8,mala,G2,density_batch,0.0,0.00015019999700598418,passed,16
4,False,cuda,64,eee319e15f53bc7b64c8,mala,G2,transition_loop,220.76501001343485,0.11282703999895602,passed,16
4,False,cuda,64,eee319e15f53bc7b64c8,mala,G2,transition_batch,143.7799636545587,0.0021916799945756794,passed,16
4,False,cuda,64,eee319e15f53bc7b64c8,mala,G2,surrogate_jvp_loop,210.7450383383623,0.5660682800051291,passed,16
4,False,cuda,64,eee319e15f53bc7b64c8,mala,G2,surrogate_jvp_batch,200.7267454986729,0.0108979000011459,passed,16
4,False,cuda,64,eee319e15f53bc7b64c8,mala,G2,affine_scan,0.0,0.00032209999626502394,passed,16
4,False,cuda,64,eee319e15f53bc7b64c8,mala,G2,affine_serial,0.0,0.00041675999527797104,passed,16
4,False,cuda,64,eee319e15f53bc7b64c8,mala,G2,prefix_scalar_read,0.0,8.608000352978706e-05,passed,16
4,False,cuda,64,eee319e15f53bc7b64c8,mala,G2,density_loop,0.0,0.0009535400022286922,passed,4
4,False,cuda,64,eee319e15f53bc7b64c8,mala,G2,density_batch,0.0,0.00013491999707184731,passed,4
4,False,cuda,64,eee319e15f53bc7b64c8,mala,G2,transition_loop,218.56157809817014,0.027982360002351925,passed,4
4,False,cuda,64,eee319e15f53bc7b64c8,mala,G2,transition_batch,0.0,0.0021951000031549483,passed,4
4,False,cuda,64,eee319e15f53bc7b64c8,mala,G2,surrogate_jvp_loop,220.07934970491792,0.14156018000212497,passed,4
4,False,cuda,64,eee319e15f53bc7b64c8,mala,G2,surrogate_jvp_batch,205.34044743495423,0.010653039999306202,passed,4
4,False,cuda,64,eee319e15f53bc7b64c8,mala,G2,affine_scan,0.0,0.00019342000014148651,passed,4
4,False,cuda,64,eee319e15f53bc7b64c8,mala,G2,affine_serial,0.0,0.00013495999737642706,passed,4
4,False,cuda,64,eee319e15f53bc7b64c8,mala,G2,prefix_scalar_read,0.0,8.002000395208597e-05,passed,4
1,False,cuda,64,04b73572d2ea745180c1,rwm,G2,density_loop,347.03713581282057,0.0009004799998365342,passed,16
1,False,cuda,64,04b73572d2ea745180c1,rwm,G2,density_batch,0.0,0.0001281999982893467,passed,16
1,False,cuda,64,04b73572d2ea745180c1,rwm,G2,transition_loop,255.41827294927543,0.007261480001034215,passed,16
1,False,cuda,64,04b73572d2ea745180c1,rwm,G2,transition_batch,0.0,0.000631460000295192,passed,16
1,False,cuda,64,04b73572d2ea745180c1,rwm,G2,surrogate_jvp_loop,214.78114760461,0.05000548000098206,passed,16
1,False,cuda,64,04b73572d2ea745180c1,rwm,G2,surrogate_jvp_batch,161.3694457523213,0.003928339999401942,passed,16
1,False,cuda,64,04b73572d2ea745180c1,rwm,G2,affine_scan,0.0,0.0003039000032003969,passed,16
1,False,cuda,64,04b73572d2ea745180c1,rwm,G2,affine_serial,0.0,0.00041475999751128256,passed,16
1,False,cuda,64,04b73572d2ea745180c1,rwm,G2,prefix_scalar_read,0.0,0.0001013800036162138,passed,16
1,False,cuda,64,04b73572d2ea745180c1,rwm,G2,density_loop,0.0,0.00026631999644450844,passed,4
1,False,cuda,64,04b73572d2ea745180c1,rwm,G2,density_batch,0.0,0.00016121999942697585,passed,4
1,False,cuda,64,04b73572d2ea745180c1,rwm,G2,transition_loop,0.0,0.0018440800020471215,passed,4
1,False,cuda,64,04b73572d2ea745180c1,rwm,G2,transition_batch,462.48335090331193,0.0007663200027309358,passed,4
1,False,cuda,64,04b73572d2ea745180c1,rwm,G2,surrogate_jvp_loop,163.98026390620115,0.013340019999304786,passed,4
1,False,cuda,64,04b73572d2ea745180c1,rwm,G2,surrogate_jvp_batch,147.5608777635671,0.004235539998626336,passed,4
1,False,cuda,64,04b73572d2ea745180c1,rwm,G2,affine_scan,0.0,0.0001591399952303618,passed,4
1,False,cuda,64,04b73572d2ea745180c1,rwm,G2,affine_serial,0.0,0.00010851999977603554,passed,4
1,False,cuda,64,04b73572d2ea745180c1,rwm,G2,prefix_scalar_read,0.0,0.0001283199992030859,passed,4
4,False,cuda,64,44d7b9a275a134b0a7d6,rwm,G2,density_loop,177.34118761839142,0.003524279996054247,passed,16
4,False,cuda,64,44d7b9a275a134b0a7d6,rwm,G2,density_batch,0.0,0.00015743999974802137,passed,16
4,False,cuda,64,44d7b9a275a134b0a7d6,rwm,G2,transition_loop,192.62006800702895,0.02854743999778293,passed,16
4,False,cuda,64,44d7b9a275a134b0a7d6,rwm,G2,transition_batch,0.0,0.0007102200004737824,passed,16
4,False,cuda,64,44d7b9a275a134b0a7d6,rwm,G2,surrogate_jvp_loop,204.67817990256637,0.1984823199978564,passed,16
4,False,cuda,64,44d7b9a275a134b0a7d6,rwm,G2,surrogate_jvp_batch,260.9719572699245,0.003592339996248484,passed,16
4,False,cuda,64,44d7b9a275a134b0a7d6,rwm,G2,affine_scan,0.0,0.0003175599966198206,passed,16
4,False,cuda,64,44d7b9a275a134b0a7d6,rwm,G2,affine_serial,0.0,0.00042692000279203056,passed,16
4,False,cuda,64,44d7b9a275a134b0a7d6,rwm,G2,prefix_scalar_read,0.0,0.00014589999918825924,passed,16
4,False,cuda,64,44d7b9a275a134b0a7d6,rwm,G2,density_loop,0.0,0.0009368599974550306,passed,4
4,False,cuda,64,44d7b9a275a134b0a7d6,rwm,G2,density_batch,0.0,0.00017078000237233937,passed,4
4,False,cuda,64,44d7b9a275a134b0a7d6,rwm,G2,transition_loop,181.32287363731993,0.007216480001807213,passed,4
4,False,cuda,64,44d7b9a275a134b0a7d6,rwm,G2,transition_batch,900.8879109788604,0.0006909399991855026,passed,4
4,False,cuda,64,44d7b9a275a134b0a7d6,rwm,G2,surrogate_jvp_loop,208.6340047523489,0.05016181999817491,passed,4
4,False,cuda,64,44d7b9a275a134b0a7d6,rwm,G2,surrogate_jvp_batch,304.6165243235884,0.0040999399963766335,passed,4
4,False,cuda,64,44d7b9a275a134b0a7d6,rwm,G2,affine_scan,0.0,0.00019211999606341123,passed,4
4,False,cuda,64,44d7b9a275a134b0a7d6,rwm,G2,affine_serial,0.0,0.00012131999828852713,passed,4
4,False,cuda,64,44d7b9a275a134b0a7d6,rwm,G2,prefix_scalar_read,0.0,8.354000165127218e-05,passed,4
1,False,cuda,64,801f2e40a6daf6d32d9f,rwm,G2,density_loop,0.0,0.0008929000003263354,passed,16
1,False,cuda,64,801f2e40a6daf6d32d9f,rwm,G2,density_batch,0.0,0.00013780000153928995,passed,16
1,False,cuda,64,801f2e40a6daf6d32d9f,rwm,G2,transition_loop,189.65025455514635,0.00733961999649182,passed,16
1,False,cuda,64,801f2e40a6daf6d32d9f,rwm,G2,transition_batch,0.0,0.0007652000000234694,passed,16
1,False,cuda,64,801f2e40a6daf6d32d9f,rwm,G2,surrogate_jvp_loop,207.7103700667354,0.0487728199979756,passed,16
1,False,cuda,64,801f2e40a6daf6d32d9f,rwm,G2,surrogate_jvp_batch,319.6930946740831,0.003908420004881919,passed,16
1,False,cuda,64,801f2e40a6daf6d32d9f,rwm,G2,affine_scan,0.0,0.00030294000171124933,passed,16
1,False,cuda,64,801f2e40a6daf6d32d9f,rwm,G2,affine_serial,0.0,0.00039933999651111665,passed,16
1,False,cuda,64,801f2e40a6daf6d32d9f,rwm,G2,prefix_scalar_read,0.0,0.00012336000218056143,passed,16
1,False,cuda,64,801f2e40a6daf6d32d9f,rwm,G2,density_loop,0.0,0.0002590999996755272,passed,4
1,False,cuda,64,801f2e40a6daf6d32d9f,rwm,G2,density_batch,0.0,0.00014162000152282417,passed,4
1,False,cuda,64,801f2e40a6daf6d32d9f,rwm,G2,transition_loop,145.6360450386822,0.0018485400010831653,passed,4
1,False,cuda,64,801f2e40a6daf6d32d9f,rwm,G2,transition_batch,0.0,0.00073901999858208,passed,4
1,False,cuda,64,801f2e40a6daf6d32d9f,rwm,G2,surrogate_jvp_loop,212.2282723477608,0.013252240000292658,passed,4
1,False,cuda,64,801f2e40a6daf6d32d9f,rwm,G2,surrogate_jvp_batch,256.9035111407197,0.004000019998056814,passed,4
1,False,cuda,64,801f2e40a6daf6d32d9f,rwm,G2,affine_scan,0.0,0.00018656000029295682,passed,4
1,False,cuda,64,801f2e40a6daf6d32d9f,rwm,G2,affine_serial,0.0,0.00015832000062800943,passed,4
1,False,cuda,64,801f2e40a6daf6d32d9f,rwm,G2,prefix_scalar_read,0.0,0.0001553800015244633,passed,4
4,False,cuda,64,15bd073a685fcfdebd6e,rwm,G2,density_loop,190.01927564900464,0.0034270200005266814,passed,16
4,False,cuda,64,15bd073a685fcfdebd6e,rwm,G2,density_batch,0.0,0.0001396999985445291,passed,16
4,False,cuda,64,15bd073a685fcfdebd6e,rwm,G2,transition_loop,189.6255462080335,0.028015740000410006,passed,16
4,False,cuda,64,15bd073a685fcfdebd6e,rwm,G2,transition_batch,0.0,0.0006749199994374067,passed,16
4,False,cuda,64,15bd073a685fcfdebd6e,rwm,G2,surrogate_jvp_loop,209.31596561771758,0.20572960000135937,passed,16
4,False,cuda,64,15bd073a685fcfdebd6e,rwm,G2,surrogate_jvp_batch,293.3266999698383,0.0038821799971628934,passed,16
4,False,cuda,64,15bd073a685fcfdebd6e,rwm,G2,affine_scan,0.0,0.00031178000499494375,passed,16
4,False,cuda,64,15bd073a685fcfdebd6e,rwm,G2,affine_serial,0.0,0.00039547999622300265,passed,16
4,False,cuda,64,15bd073a685fcfdebd6e,rwm,G2,prefix_scalar_read,0.0,0.00010288000339642167,passed,16
4,False,cuda,64,15bd073a685fcfdebd6e,rwm,G2,density_loop,0.0,0.0009041800047270953,passed,4
4,False,cuda,64,15bd073a685fcfdebd6e,rwm,G2,density_batch,0.0,0.0001429600000847131,passed,4
4,False,cuda,64,15bd073a685fcfdebd6e,rwm,G2,transition_loop,160.46336691660036,0.007144199998583645,passed,4
4,False,cuda,64,15bd073a685fcfdebd6e,rwm,G2,transition_batch,754.7033092328052,0.0006856599997263402,passed,4
4,False,cuda,64,15bd073a685fcfdebd6e,rwm,G2,surrogate_jvp_loop,193.51028428503594,0.05160842000041157,passed,4
4,False,cuda,64,15bd073a685fcfdebd6e,rwm,G2,surrogate_jvp_batch,154.54918615570853,0.004103740002028644,passed,4
4,False,cuda,64,15bd073a685fcfdebd6e,rwm,G2,affine_scan,0.0,0.00018968000076711178,passed,4
4,False,cuda,64,15bd073a685fcfdebd6e,rwm,G2,affine_serial,0.0,0.00012324000126682222,passed,4
4,False,cuda,64,15bd073a685fcfdebd6e,rwm,G2,prefix_scalar_read,0.0,0.00012861999566666783,passed,4
1,False,cuda,8,bf0d935aa555d9bb2ee5,mala,L1,density_loop,0.0,0.0021249999990686774,passed,16
1,False,cuda,8,bf0d935aa555d9bb2ee5,mala,L1,density_batch,0.0,0.0002654600015375763,passed,16
1,False,cuda,8,bf0d935aa555d9bb2ee5,mala,L1,transition_loop,229.90112414096672,0.03941911999718286,passed,16
1,False,cuda,8,bf0d935aa555d9bb2ee5,mala,L1,transition_batch,202.7219886445407,0.003083040000637993,passed,16
1,False,cuda,8,bf0d935aa555d9bb2ee5,mala,L1,surrogate_jvp_loop,208.97033727165123,0.213846139999805,passed,16
1,False,cuda,8,bf0d935aa555d9bb2ee5,mala,L1,surrogate_jvp_batch,190.38439978743085,0.016217819997109473,passed,16
1,False,cuda,8,bf0d935aa555d9bb2ee5,mala,L1,affine_scan,0.0,0.00026628000196069477,passed,16
1,False,cuda,8,bf0d935aa555d9bb2ee5,mala,L1,affine_serial,0.0,0.0003785400011111051,passed,16
1,False,cuda,8,bf0d935aa555d9bb2ee5,mala,L1,prefix_scalar_read,0.0,0.00011780000058934093,passed,16
1,False,cuda,8,bf0d935aa555d9bb2ee5,mala,L1,density_loop,0.0,0.00054048000019975,passed,4
1,False,cuda,8,bf0d935aa555d9bb2ee5,mala,L1,density_batch,0.0,0.00024758000508882103,passed,4
1,False,cuda,8,bf0d935aa555d9bb2ee5,mala,L1,transition_loop,185.14861264779003,0.010071919998154044,passed,4
1,False,cuda,8,bf0d935aa555d9bb2ee5,mala,L1,transition_batch,204.63489883002262,0.0030542199965566397,passed,4
1,False,cuda,8,bf0d935aa555d9bb2ee5,mala,L1,surrogate_jvp_loop,221.19690343367063,0.05368519999901764,passed,4
1,False,cuda,8,bf0d935aa555d9bb2ee5,mala,L1,surrogate_jvp_batch,228.779343279564,0.016391339997062458,passed,4
1,False,cuda,8,bf0d935aa555d9bb2ee5,mala,L1,affine_scan,0.0,0.00016721999854780735,passed,4
1,False,cuda,8,bf0d935aa555d9bb2ee5,mala,L1,affine_serial,0.0,0.00011669999803416431,passed,4
1,False,cuda,8,bf0d935aa555d9bb2ee5,mala,L1,prefix_scalar_read,0.0,0.00011366000398993492,passed,4
4,False,cuda,8,cc2e3de0a76ce09bbd92,mala,L1,density_loop,166.8753721412272,0.008003219997044652,passed,16
4,False,cuda,8,cc2e3de0a76ce09bbd92,mala,L1,density_batch,0.0,0.00021301999804563821,passed,16
4,False,cuda,8,cc2e3de0a76ce09bbd92,mala,L1,transition_loop,215.19001763868974,0.15804237999836915,passed,16
4,False,cuda,8,cc2e3de0a76ce09bbd92,mala,L1,transition_batch,203.2890539360136,0.0030744400050025434,passed,16
4,False,cuda,8,cc2e3de0a76ce09bbd92,mala,L1,surrogate_jvp_loop,214.83273478996884,0.8568420999974478,passed,16
4,False,cuda,8,cc2e3de0a76ce09bbd92,mala,L1,surrogate_jvp_batch,207.80387427677843,0.01586902000126429,passed,16
4,False,cuda,8,cc2e3de0a76ce09bbd92,mala,L1,affine_scan,0.0,0.0003053199965506792,passed,16
4,False,cuda,8,cc2e3de0a76ce09bbd92,mala,L1,affine_serial,0.0,0.0003685600007884204,passed,16
4,False,cuda,8,cc2e3de0a76ce09bbd92,mala,L1,prefix_scalar_read,0.0,9.765999857336283e-05,passed,16
4,False,cuda,8,cc2e3de0a76ce09bbd92,mala,L1,density_loop,152.5566047494828,0.0020664800016675145,passed,4
4,False,cuda,8,cc2e3de0a76ce09bbd92,mala,L1,density_batch,0.0,0.00028179999790154395,passed,4
4,False,cuda,8,cc2e3de0a76ce09bbd92,mala,L1,transition_loop,217.92526183298023,0.04015138000249863,passed,4
4,False,cuda,8,cc2e3de0a76ce09bbd92,mala,L1,transition_batch,207.33398377452036,0.00301445999648422,passed,4
4,False,cuda,8,cc2e3de0a76ce09bbd92,mala,L1,surrogate_jvp_loop,213.4915224785985,0.21803511999896727,passed,4
4,False,cuda,8,cc2e3de0a76ce09bbd92,mala,L1,surrogate_jvp_batch,218.73337624080202,0.016675319999922066,passed,4
4,False,cuda,8,cc2e3de0a76ce09bbd92,mala,L1,affine_scan,0.0,0.00018106000497937204,passed,4
4,False,cuda,8,cc2e3de0a76ce09bbd92,mala,L1,affine_serial,0.0,9.492000099271536e-05,passed,4
4,False,cuda,8,cc2e3de0a76ce09bbd92,mala,L1,prefix_scalar_read,0.0,7.251999923028052e-05,passed,4
1,False,cuda,8,a31c7b96902295727c19,mala,L1,density_loop,149.92611654532823,0.0020497799967415633,passed,16
1,False,cuda,8,a31c7b96902295727c19,mala,L1,density_batch,0.0,0.0002626399975270033,passed,16
1,False,cuda,8,a31c7b96902295727c19,mala,L1,transition_loop,214.29712015006075,0.04083115999819711,passed,16
1,False,cuda,8,a31c7b96902295727c19,mala,L1,transition_batch,200.5326145711594,0.003116700000828132,passed,16
1,False,cuda,8,a31c7b96902295727c19,mala,L1,surrogate_jvp_loop,214.7041296917643,0.21832370000192897,passed,16
1,False,cuda,8,a31c7b96902295727c19,mala,L1,surrogate_jvp_batch,188.355510764607,0.01592030000174418,passed,16
1,False,cuda,8,a31c7b96902295727c19,mala,L1,affine_scan,0.0,0.0002963000035379082,passed,16
1,False,cuda,8,a31c7b96902295727c19,mala,L1,affine_serial,1205.4466868773854,0.0005184800014831126,passed,16
1,False,cuda,8,a31c7b96902295727c19,mala,L1,prefix_scalar_read,0.0,0.00011593999806791544,passed,16
1,False,cuda,8,a31c7b96902295727c19,mala,L1,density_loop,0.0,0.0005608799983747303,passed,4
1,False,cuda,8,a31c7b96902295727c19,mala,L1,density_batch,0.0,0.0002427400031592697,passed,4
1,False,cuda,8,a31c7b96902295727c19,mala,L1,transition_loop,281.8848045568522,0.009920180001063272,passed,4
1,False,cuda,8,a31c7b96902295727c19,mala,L1,transition_batch,206.4668724231356,0.003027120005572215,passed,4
1,False,cuda,8,a31c7b96902295727c19,mala,L1,surrogate_jvp_loop,214.52991061291553,0.05247433999902569,passed,4
1,False,cuda,8,a31c7b96902295727c19,mala,L1,surrogate_jvp_batch,198.4865480215794,0.01574413999915123,passed,4
1,False,cuda,8,a31c7b96902295727c19,mala,L1,affine_scan,0.0,0.00017512000049464406,passed,4
1,False,cuda,8,a31c7b96902295727c19,mala,L1,affine_serial,0.0,0.00010324000031687319,passed,4
1,False,cuda,8,a31c7b96902295727c19,mala,L1,prefix_scalar_read,0.0,9.38399985898286e-05,passed,4
4,False,cuda,8,e70213bcedb7f13b198e,mala,L1,density_loop,196.69922964055675,0.007943599997088314,passed,16
4,False,cuda,8,e70213bcedb7f13b198e,mala,L1,density_batch,0.0,0.0002769600017927587,passed,16
4,False,cuda,8,e70213bcedb7f13b198e,mala,L1,transition_loop,202.51899373936837,0.16202183999703265,passed,16
4,False,cuda,8,e70213bcedb7f13b198e,mala,L1,transition_batch,220.20533711868592,0.0030456600012257694,passed,16
4,False,cuda,8,e70213bcedb7f13b198e,mala,L1,surrogate_jvp_loop,212.67837037287217,0.8713274399982766,passed,16
4,False,cuda,8,e70213bcedb7f13b198e,mala,L1,surrogate_jvp_batch,196.51616146320205,0.016190020000794902,passed,16
4,False,cuda,8,e70213bcedb7f13b198e,mala,L1,affine_scan,0.0,0.0003357000008691102,passed,16
4,False,cuda,8,e70213bcedb7f13b198e,mala,L1,affine_serial,0.0,0.0003847600019071251,passed,16
4,False,cuda,8,e70213bcedb7f13b198e,mala,L1,prefix_scalar_read,0.0,6.834000232629478e-05,passed,16
4,False,cuda,8,e70213bcedb7f13b198e,mala,L1,density_loop,165.31592542690623,0.001958500000182539,passed,4
4,False,cuda,8,e70213bcedb7f13b198e,mala,L1,density_batch,0.0,0.00023954000207595527,passed,4
4,False,cuda,8,e70213bcedb7f13b198e,mala,L1,transition_loop,216.57839250520402,0.04038530000252649,passed,4
4,False,cuda,8,e70213bcedb7f13b198e,mala,L1,transition_batch,104.4430926997902,0.002992060000542551,passed,4
4,False,cuda,8,e70213bcedb7f13b198e,mala,L1,surrogate_jvp_loop,209.8757609560048,0.21590154000441544,passed,4
4,False,cuda,8,e70213bcedb7f13b198e,mala,L1,surrogate_jvp_batch,225.8045869056865,0.01660727999988012,passed,4
4,False,cuda,8,e70213bcedb7f13b198e,mala,L1,affine_scan,1524.538973064432,0.00018638000474311412,passed,4
4,False,cuda,8,e70213bcedb7f13b198e,mala,L1,affine_serial,0.0,0.00012171999551355839,passed,4
4,False,cuda,8,e70213bcedb7f13b198e,mala,L1,prefix_scalar_read,0.0,8.488000021316111e-05,passed,4
1,False,cuda,8,e8711d47d46f98cca26c,rwm,L1,density_loop,296.50925549055995,0.0020266000006813555,passed,16
1,False,cuda,8,e8711d47d46f98cca26c,rwm,L1,density_batch,0.0,0.00024677999899722634,passed,16
1,False,cuda,8,e8711d47d46f98cca26c,rwm,L1,transition_loop,202.9585401416272,0.009238340001320466,passed,16
1,False,cuda,8,e8711d47d46f98cca26c,rwm,L1,transition_batch,0.0,0.000856520002707839,passed,16
1,False,cuda,8,e8711d47d46f98cca26c,rwm,L1,surrogate_jvp_loop,228.04358609562436,0.07768647999619134,passed,16
1,False,cuda,8,e8711d47d46f98cca26c,rwm,L1,surrogate_jvp_batch,217.00484717035084,0.005760239996016025,passed,16
1,False,cuda,8,e8711d47d46f98cca26c,rwm,L1,affine_scan,0.0,0.00031319999834522605,passed,16
1,False,cuda,8,e8711d47d46f98cca26c,rwm,L1,affine_serial,0.0,0.00038801999762654303,passed,16
1,False,cuda,8,e8711d47d46f98cca26c,rwm,L1,prefix_scalar_read,0.0,9.488000068813562e-05,passed,16
1,False,cuda,8,e8711d47d46f98cca26c,rwm,L1,density_loop,0.0,0.0005846599990036339,passed,4
1,False,cuda,8,e8711d47d46f98cca26c,rwm,L1,density_batch,0.0,0.00030818000086583195,passed,4
1,False,cuda,8,e8711d47d46f98cca26c,rwm,L1,transition_loop,251.7846500572153,0.002482279995456338,passed,4
1,False,cuda,8,e8711d47d46f98cca26c,rwm,L1,transition_batch,0.0,0.0008506399986799807,passed,4
1,False,cuda,8,e8711d47d46f98cca26c,rwm,L1,surrogate_jvp_loop,210.5753670289954,0.019292380003025755,passed,4
1,False,cuda,8,e8711d47d46f98cca26c,rwm,L1,surrogate_jvp_batch,219.0622731489605,0.00650755999959074,passed,4
1,False,cuda,8,e8711d47d46f98cca26c,rwm,L1,affine_scan,0.0,0.00020728000090457498,passed,4
1,False,cuda,8,e8711d47d46f98cca26c,rwm,L1,affine_serial,0.0,0.00013373999972827734,passed,4
1,False,cuda,8,e8711d47d46f98cca26c,rwm,L1,prefix_scalar_read,0.0,0.00015218000044114888,passed,4
4,False,cuda,8,3d3d5a7c06af3d9cc7a6,rwm,L1,density_loop,232.380593539334,0.007994419999886305,passed,16
4,False,cuda,8,3d3d5a7c06af3d9cc7a6,rwm,L1,density_batch,0.0,0.00021150000393390655,passed,16
4,False,cuda,8,3d3d5a7c06af3d9cc7a6,rwm,L1,transition_loop,217.56485174865813,0.0387815399968531,passed,16
4,False,cuda,8,3d3d5a7c06af3d9cc7a6,rwm,L1,transition_batch,327.0675906900835,0.0009554599993862212,passed,16
4,False,cuda,8,3d3d5a7c06af3d9cc7a6,rwm,L1,surrogate_jvp_loop,213.49627946642124,0.3059186800033785,passed,16
4,False,cuda,8,3d3d5a7c06af3d9cc7a6,rwm,L1,surrogate_jvp_batch,263.84221837731826,0.005922099994495511,passed,16
4,False,cuda,8,3d3d5a7c06af3d9cc7a6,rwm,L1,affine_scan,0.0,0.00030719999922439455,passed,16
4,False,cuda,8,3d3d5a7c06af3d9cc7a6,rwm,L1,affine_serial,0.0,0.0003628400037996471,passed,16
4,False,cuda,8,3d3d5a7c06af3d9cc7a6,rwm,L1,prefix_scalar_read,0.0,8.85399989783764e-05,passed,16
4,False,cuda,8,3d3d5a7c06af3d9cc7a6,rwm,L1,density_loop,127.64271486071299,0.0022052599990274755,passed,4
4,False,cuda,8,3d3d5a7c06af3d9cc7a6,rwm,L1,density_batch,0.0,0.00023122000275179743,passed,4
4,False,cuda,8,3d3d5a7c06af3d9cc7a6,rwm,L1,transition_loop,156.4906826261105,0.009984620002796873,passed,4
4,False,cuda,8,3d3d5a7c06af3d9cc7a6,rwm,L1,transition_batch,0.0,0.0009172399993985891,passed,4
4,False,cuda,8,3d3d5a7c06af3d9cc7a6,rwm,L1,surrogate_jvp_loop,201.6514446633592,0.07497130000265315,passed,4
4,False,cuda,8,3d3d5a7c06af3d9cc7a6,rwm,L1,surrogate_jvp_batch,214.170918668283,0.005836460000136867,passed,4
4,False,cuda,8,3d3d5a7c06af3d9cc7a6,rwm,L1,affine_scan,0.0,0.0001845400023739785,passed,4
4,False,cuda,8,3d3d5a7c06af3d9cc7a6,rwm,L1,affine_serial,0.0,0.00011796000180765986,passed,4
4,False,cuda,8,3d3d5a7c06af3d9cc7a6,rwm,L1,prefix_scalar_read,0.0,8.627999923191965e-05,passed,4
1,False,cuda,8,66e520f2572a544f785b,rwm,L1,density_loop,287.98127424886167,0.002170280000427738,passed,16
1,False,cuda,8,66e520f2572a544f785b,rwm,L1,density_batch,0.0,0.0002666399988811463,passed,16
1,False,cuda,8,66e520f2572a544f785b,rwm,L1,transition_loop,198.06351977449634,0.009466659999452532,passed,16
1,False,cuda,8,66e520f2572a544f785b,rwm,L1,transition_batch,346.09165795266506,0.0008876400010194629,passed,16
1,False,cuda,8,66e520f2572a544f785b,rwm,L1,surrogate_jvp_loop,193.62819775995885,0.07472816000226885,passed,16
1,False,cuda,8,66e520f2572a544f785b,rwm,L1,surrogate_jvp_batch,293.7306138575545,0.005319499998586252,passed,16
1,False,cuda,8,66e520f2572a544f785b,rwm,L1,affine_scan,0.0,0.00033498000120744107,passed,16
1,False,cuda,8,66e520f2572a544f785b,rwm,L1,affine_serial,0.0,0.00037387999473139646,passed,16
1,False,cuda,8,66e520f2572a544f785b,rwm,L1,prefix_scalar_read,0.0,8.814000175334513e-05,passed,16
1,False,cuda,8,66e520f2572a544f785b,rwm,L1,density_loop,0.0,0.0005055400019045919,passed,4
1,False,cuda,8,66e520f2572a544f785b,rwm,L1,density_batch,0.0,0.0002491599996574223,passed,4
1,False,cuda,8,66e520f2572a544f785b,rwm,L1,transition_loop,0.0,0.002395559998694807,passed,4
1,False,cuda,8,66e520f2572a544f785b,rwm,L1,transition_batch,738.7357584163284,0.0008460399985779077,passed,4
1,False,cuda,8,66e520f2572a544f785b,rwm,L1,surrogate_jvp_loop,243.10414038596247,0.019281859998591243,passed,4
1,False,cuda,8,66e520f2572a544f785b,rwm,L1,surrogate_jvp_batch,205.18443610456652,0.0058625200006645175,passed,4
1,False,cuda,8,66e520f2572a544f785b,rwm,L1,affine_scan,0.0,0.00016770000220276416,passed,4
1,False,cuda,8,66e520f2572a544f785b,rwm,L1,affine_serial,0.0,0.00011381999938748777,passed,4
1,False,cuda,8,66e520f2572a544f785b,rwm,L1,prefix_scalar_read,0.0,0.00010376000427640975,passed,4
4,False,cuda,8,6f1f3aa080430d7013a0,rwm,L1,density_loop,199.5214039413925,0.008421719999751076,passed,16
4,False,cuda,8,6f1f3aa080430d7013a0,rwm,L1,density_batch,0.0,0.0003063600044697523,passed,16
4,False,cuda,8,6f1f3aa080430d7013a0,rwm,L1,transition_loop,210.24880001512028,0.04060723999864422,passed,16
4,False,cuda,8,6f1f3aa080430d7013a0,rwm,L1,transition_batch,0.0,0.0009534000011626631,passed,16
4,False,cuda,8,6f1f3aa080430d7013a0,rwm,L1,surrogate_jvp_loop,208.54607681358647,0.330883160000667,passed,16
4,False,cuda,8,6f1f3aa080430d7013a0,rwm,L1,surrogate_jvp_batch,207.84075084214518,0.006014219997450709,passed,16
4,False,cuda,8,6f1f3aa080430d7013a0,rwm,L1,affine_scan,0.0,0.0003255199990235269,passed,16
4,False,cuda,8,6f1f3aa080430d7013a0,rwm,L1,affine_serial,644.35647270502,0.0004420200013555586,passed,16
4,False,cuda,8,6f1f3aa080430d7013a0,rwm,L1,prefix_scalar_read,0.0,0.00010320000001229346,passed,16
4,False,cuda,8,6f1f3aa080430d7013a0,rwm,L1,density_loop,462.9080993311301,0.002044160000514239,passed,4
4,False,cuda,8,6f1f3aa080430d7013a0,rwm,L1,density_batch,0.0,0.00025622000102885065,passed,4
4,False,cuda,8,6f1f3aa080430d7013a0,rwm,L1,transition_loop,200.0554819792935,0.009280240000225603,passed,4
4,False,cuda,8,6f1f3aa080430d7013a0,rwm,L1,transition_batch,0.0,0.0009082400007173419,passed,4
4,False,cuda,8,6f1f3aa080430d7013a0,rwm,L1,surrogate_jvp_loop,208.86776704717778,0.07804143999819643,passed,4
4,False,cuda,8,6f1f3aa080430d7013a0,rwm,L1,surrogate_jvp_batch,207.5046978455045,0.004936180001823232,passed,4
4,False,cuda,8,6f1f3aa080430d7013a0,rwm,L1,affine_scan,0.0,0.00015745999990031124,passed,4
4,False,cuda,8,6f1f3aa080430d7013a0,rwm,L1,affine_serial,0.0,0.00011301999911665917,passed,4
4,False,cuda,8,6f1f3aa080430d7013a0,rwm,L1,prefix_scalar_read,0.0,0.00012854000087827444,passed,4
1,False,cuda,64,e37c3c860aa24b6cc386,rwm,G2,density_loop,0.0,0.0009828000038396567,passed,16
1,False,cuda,64,e37c3c860aa24b6cc386,rwm,G2,density_batch,0.0,0.0001694799982942641,passed,16
1,False,cuda,64,e37c3c860aa24b6cc386,rwm,G2,transition_loop,175.24625605760434,0.007203380001010373,passed,16
1,False,cuda,64,e37c3c860aa24b6cc386,rwm,G2,transition_batch,0.0,0.0006663399981334805,passed,16
1,False,cuda,64,e37c3c860aa24b6cc386,rwm,G2,surrogate_jvp_loop,191.30525278806303,0.0522724799986463,passed,16
1,False,cuda,64,e37c3c860aa24b6cc386,rwm,G2,surrogate_jvp_batch,238.40160298395332,0.00421100000385195,passed,16
1,False,cuda,64,e37c3c860aa24b6cc386,rwm,G2,affine_scan,0.0,0.00031863999902270734,passed,16
1,False,cuda,64,e37c3c860aa24b6cc386,rwm,G2,affine_serial,0.0,0.00038641999708488584,passed,16
1,False,cuda,64,e37c3c860aa24b6cc386,rwm,G2,prefix_scalar_read,0.0,9.982000337913633e-05,passed,16
1,False,cuda,64,e37c3c860aa24b6cc386,rwm,G2,density_loop,0.0,0.00023681999882683158,passed,4
1,False,cuda,64,e37c3c860aa24b6cc386,rwm,G2,density_batch,0.0,0.00012112000258639455,passed,4
1,False,cuda,64,e37c3c860aa24b6cc386,rwm,G2,transition_loop,0.0,0.0018509199959225952,passed,4
1,False,cuda,64,e37c3c860aa24b6cc386,rwm,G2,transition_batch,0.0,0.0006908599985763431,passed,4
1,False,cuda,64,e37c3c860aa24b6cc386,rwm,G2,surrogate_jvp_loop,220.318280603225,0.012460440001450478,passed,4
1,False,cuda,64,e37c3c860aa24b6cc386,rwm,G2,surrogate_jvp_batch,171.4602375611457,0.00393661999842152,passed,4
1,False,cuda,64,e37c3c860aa24b6cc386,rwm,G2,affine_scan,0.0,0.00017214000108651818,passed,4
1,False,cuda,64,e37c3c860aa24b6cc386,rwm,G2,affine_serial,0.0,0.00013137999922037126,passed,4
1,False,cuda,64,e37c3c860aa24b6cc386,rwm,G2,prefix_scalar_read,0.0,0.00011446000426076352,passed,4
4,False,cuda,64,32a2afea23f433784944,rwm,G2,density_loop,170.71558503530144,0.0036304800014477223,passed,16
4,False,cuda,64,32a2afea23f433784944,rwm,G2,density_batch,0.0,0.00014483999693766237,passed,16
4,False,cuda,64,32a2afea23f433784944,rwm,G2,transition_loop,180.90402637207268,0.028130039997631685,passed,16
4,False,cuda,64,32a2afea23f433784944,rwm,G2,transition_batch,0.0,0.0007453600002918393,passed,16
4,False,cuda,64,32a2afea23f433784944,rwm,G2,surrogate_jvp_loop,213.09726158993917,0.20475429999642075,passed,16
4,False,cuda,64,32a2afea23f433784944,rwm,G2,surrogate_jvp_batch,178.0413739102533,0.003900020004948601,passed,16
4,False,cuda,64,32a2afea23f433784944,rwm,G2,affine_scan,0.0,0.00032623999868519604,passed,16
4,False,cuda,64,32a2afea23f433784944,rwm,G2,affine_serial,613.3464215078028,0.00044420000049285593,passed,16
4,False,cuda,64,32a2afea23f433784944,rwm,G2,prefix_scalar_read,0.0,0.0001226399966981262,passed,16
4,False,cuda,64,32a2afea23f433784944,rwm,G2,density_loop,0.0,0.0009307999978773295,passed,4
4,False,cuda,64,32a2afea23f433784944,rwm,G2,density_batch,0.0,0.00019715999951586127,passed,4
4,False,cuda,64,32a2afea23f433784944,rwm,G2,transition_loop,136.0351732181515,0.006891600001836196,passed,4
4,False,cuda,64,32a2afea23f433784944,rwm,G2,transition_batch,0.0,0.0006884600035846234,passed,4
4,False,cuda,64,32a2afea23f433784944,rwm,G2,surrogate_jvp_loop,222.53054127204976,0.0519591600052081,passed,4
4,False,cuda,64,32a2afea23f433784944,rwm,G2,surrogate_jvp_batch,158.26711438434316,0.004104420001385734,passed,4
4,False,cuda,64,32a2afea23f433784944,rwm,G2,affine_scan,0.0,0.00016300000133924187,passed,4
4,False,cuda,64,32a2afea23f433784944,rwm,G2,affine_serial,2141.8780105459196,0.00014589999918825924,passed,4
4,False,cuda,64,32a2afea23f433784944,rwm,G2,prefix_scalar_read,0.0,0.00010089999996125698,passed,4
1,False,cuda,64,38fccea812fd56fa5bca,rwm,G2,density_loop,758.4215123218812,0.0009558799967635423,passed,16
1,False,cuda,64,38fccea812fd56fa5bca,rwm,G2,density_batch,0.0,0.00014126000460237264,passed,16
1,False,cuda,64,38fccea812fd56fa5bca,rwm,G2,transition_loop,129.11266891243176,0.007261099998140707,passed,16
1,False,cuda,64,38fccea812fd56fa5bca,rwm,G2,transition_batch,0.0,0.0006650199997238815,passed,16
1,False,cuda,64,38fccea812fd56fa5bca,rwm,G2,surrogate_jvp_loop,200.12207446306664,0.05043214000179432,passed,16
1,False,cuda,64,38fccea812fd56fa5bca,rwm,G2,surrogate_jvp_batch,160.3921267893859,0.004145319998497143,passed,16
1,False,cuda,64,38fccea812fd56fa5bca,rwm,G2,affine_scan,0.0,0.0003257600008510053,passed,16
1,False,cuda,64,38fccea812fd56fa5bca,rwm,G2,affine_serial,0.0,0.00045089999912306666,passed,16
1,False,cuda,64,38fccea812fd56fa5bca,rwm,G2,prefix_scalar_read,0.0,0.00011035999632440508,passed,16
16,False,cuda,64,9ddd37f33470e4d6d948,rwm,G2,density_loop,0.0,0.0010067199997138231,passed,1
16,False,cuda,64,9ddd37f33470e4d6d948,rwm,G2,density_batch,0.0,0.00012353999773040414,passed,1
16,False,cuda,64,9ddd37f33470e4d6d948,rwm,G2,transition_loop,166.3481653812636,0.007297979999566451,passed,1
16,False,cuda,64,9ddd37f33470e4d6d948,rwm,G2,transition_batch,0.0,0.000821100000757724,passed,1
16,False,cuda,64,9ddd37f33470e4d6d948,rwm,G2,surrogate_jvp_loop,215.9046785998178,0.057364280003821475,passed,1
16,False,cuda,64,9ddd37f33470e4d6d948,rwm,G2,surrogate_jvp_batch,160.19315453654923,0.0039015399990603326,passed,1
16,False,cuda,64,9ddd37f33470e4d6d948,rwm,G2,affine_scan,0.0,3.4819997381418943e-05,passed,1
16,False,cuda,64,9ddd37f33470e4d6d948,rwm,G2,affine_serial,0.0,4.1400000918656586e-05,passed,1
16,False,cuda,64,9ddd37f33470e4d6d948,rwm,G2,prefix_scalar_read,0.0,7.75400025304407e-05,passed,1
1,False,cuda,8,823278771a3d432ab7ad,rwm,L1,density_loop,159.46155590896745,0.001959600002737716,passed,16
1,False,cuda,8,823278771a3d432ab7ad,rwm,L1,density_batch,0.0,0.00019834000268019735,passed,16
1,False,cuda,8,823278771a3d432ab7ad,rwm,L1,transition_loop,213.60462070965022,0.009035040001617745,passed,16
1,False,cuda,8,823278771a3d432ab7ad,rwm,L1,transition_batch,0.0,0.0008014200022444129,passed,16
1,False,cuda,8,823278771a3d432ab7ad,rwm,L1,surrogate_jvp_loop,206.4801737761464,0.0735367999994196,passed,16
1,False,cuda,8,823278771a3d432ab7ad,rwm,L1,surrogate_jvp_batch,200.35069391270508,0.005764399998588488,passed,16
1,False,cuda,8,823278771a3d432ab7ad,rwm,L1,affine_scan,0.0,0.00029707999783568084,passed,16
1,False,cuda,8,823278771a3d432ab7ad,rwm,L1,affine_serial,0.0,0.0003403000009711832,passed,16
1,False,cuda,8,823278771a3d432ab7ad,rwm,L1,prefix_scalar_read,0.0,8.325999951921403e-05,passed,16
16,False,cuda,8,54c9e2c8827114837ab0,rwm,L1,density_loop,0.0,0.002081499999621883,passed,1
16,False,cuda,8,54c9e2c8827114837ab0,rwm,L1,density_batch,1370.8545285973603,0.00023523999843746423,passed,1
16,False,cuda,8,54c9e2c8827114837ab0,rwm,L1,transition_loop,129.68257860491119,0.00949360000086017,passed,1
16,False,cuda,8,54c9e2c8827114837ab0,rwm,L1,transition_batch,664.201152186063,0.0009365600009914488,passed,1
16,False,cuda,8,54c9e2c8827114837ab0,rwm,L1,surrogate_jvp_loop,218.60677207630673,0.07719340000185185,passed,1
16,False,cuda,8,54c9e2c8827114837ab0,rwm,L1,surrogate_jvp_batch,164.45118027540153,0.005852600000798703,passed,1
16,False,cuda,8,54c9e2c8827114837ab0,rwm,L1,affine_scan,0.0,2.8139998903498054e-05,passed,1
16,False,cuda,8,54c9e2c8827114837ab0,rwm,L1,affine_serial,0.0,4.744000034406781e-05,passed,1
16,False,cuda,8,54c9e2c8827114837ab0,rwm,L1,prefix_scalar_read,0.0,8.329999982379377e-05,passed,1
1,False,cuda,64,0e45916f4053d69f1363,rwm,G2,density_loop,0.0,0.0009413800027687103,passed,16
1,False,cuda,64,0e45916f4053d69f1363,rwm,G2,density_batch,0.0,0.00013735999818891286,passed,16
1,False,cuda,64,0e45916f4053d69f1363,rwm,G2,transition_loop,217.92858354394173,0.006943980004871264,passed,16
1,False,cuda,64,0e45916f4053d69f1363,rwm,G2,transition_batch,0.0,0.0006733999995049089,passed,16
1,False,cuda,64,0e45916f4053d69f1363,rwm,G2,surrogate_jvp_loop,202.34897482344007,0.05207938000094146,passed,16
1,False,cuda,64,0e45916f4053d69f1363,rwm,G2,surrogate_jvp_batch,154.3652007793102,0.004048840003088116,passed,16
1,False,cuda,64,0e45916f4053d69f1363,rwm,G2,affine_scan,0.0,0.0003108799981418997,passed,16
1,False,cuda,64,0e45916f4053d69f1363,rwm,G2,affine_serial,0.0,0.000379440002143383,passed,16
1,False,cuda,64,0e45916f4053d69f1363,rwm,G2,prefix_scalar_read,0.0,8.741999627090991e-05,passed,16
1,False,cuda,64,0e45916f4053d69f1363,rwm,G2,density_loop,0.0,0.00023283999762497843,passed,4
1,False,cuda,64,0e45916f4053d69f1363,rwm,G2,density_batch,0.0,0.00017308000242337583,passed,4
1,False,cuda,64,0e45916f4053d69f1363,rwm,G2,transition_loop,0.0,0.0018566399987321347,passed,4
1,False,cuda,64,0e45916f4053d69f1363,rwm,G2,transition_batch,0.0,0.000715479999780655,passed,4
1,False,cuda,64,0e45916f4053d69f1363,rwm,G2,surrogate_jvp_loop,197.69909878011583,0.012645480001810937,passed,4
1,False,cuda,64,0e45916f4053d69f1363,rwm,G2,surrogate_jvp_batch,199.4854872009332,0.003506239998387173,passed,4
1,False,cuda,64,0e45916f4053d69f1363,rwm,G2,affine_scan,0.0,0.00018493999959900975,passed,4
1,False,cuda,64,0e45916f4053d69f1363,rwm,G2,affine_serial,0.0,0.00011784000089392066,passed,4
1,False,cuda,64,0e45916f4053d69f1363,rwm,G2,prefix_scalar_read,0.0,0.00011675999849103391,passed,4
4,False,cuda,64,036d1d236201c7b8d07c,rwm,G2,density_loop,164.0351060623706,0.0037753999989945442,passed,16
4,False,cuda,64,036d1d236201c7b8d07c,rwm,G2,density_batch,0.0,0.00017312000272795558,passed,16
4,False,cuda,64,036d1d236201c7b8d07c,rwm,G2,transition_loop,205.89100842463844,0.02749465999659151,passed,16
4,False,cuda,64,036d1d236201c7b8d07c,rwm,G2,transition_batch,0.0,0.0006998799974098802,passed,16
4,False,cuda,64,036d1d236201c7b8d07c,rwm,G2,surrogate_jvp_loop,208.22833577075335,0.201111000002129,passed,16
4,False,cuda,64,036d1d236201c7b8d07c,rwm,G2,surrogate_jvp_batch,158.41955582182212,0.003945219999877736,passed,16
4,False,cuda,64,036d1d236201c7b8d07c,rwm,G2,affine_scan,0.0,0.0003107999975327402,passed,16
4,False,cuda,64,036d1d236201c7b8d07c,rwm,G2,affine_serial,0.0,0.00044097999925725163,passed,16
4,False,cuda,64,036d1d236201c7b8d07c,rwm,G2,prefix_scalar_read,0.0,0.00011802000226452946,passed,16
4,False,cuda,64,036d1d236201c7b8d07c,rwm,G2,density_loop,0.0,0.000831180001841858,passed,4
4,False,cuda,64,036d1d236201c7b8d07c,rwm,G2,density_batch,0.0,0.00013478000182658433,passed,4
4,False,cuda,64,036d1d236201c7b8d07c,rwm,G2,transition_loop,181.51561185741156,0.007104519999120385,passed,4
4,False,cuda,64,036d1d236201c7b8d07c,rwm,G2,transition_batch,0.0,0.0007342199969571084,passed,4
4,False,cuda,64,036d1d236201c7b8d07c,rwm,G2,surrogate_jvp_loop,227.4168563890132,0.048913080000784245,passed,4
4,False,cuda,64,036d1d236201c7b8d07c,rwm,G2,surrogate_jvp_batch,240.55485412781474,0.0038972400012426077,passed,4
4,False,cuda,64,036d1d236201c7b8d07c,rwm,G2,affine_scan,0.0,0.0001616199966520071,passed,4
4,False,cuda,64,036d1d236201c7b8d07c,rwm,G2,affine_serial,3275.681381998762,0.00010301999864168466,passed,4
4,False,cuda,64,036d1d236201c7b8d07c,rwm,G2,prefix_scalar_read,0.0,8.387999841943383e-05,passed,4
1,False,cuda,64,eafc8bec072d544ebbab,rwm,G2,density_loop,0.0,0.0009050599997863174,passed,16
1,False,cuda,64,eafc8bec072d544ebbab,rwm,G2,density_batch,0.0,0.00013451999984681606,passed,16
1,False,cuda,64,eafc8bec072d544ebbab,rwm,G2,transition_loop,218.76706396092138,0.0069455599994398655,passed,16
1,False,cuda,64,eafc8bec072d544ebbab,rwm,G2,transition_batch,0.0,0.0006544400006532669,passed,16
1,False,cuda,64,eafc8bec072d544ebbab,rwm,G2,surrogate_jvp_loop,204.14849540470368,0.04979824000038206,passed,16
1,False,cuda,64,eafc8bec072d544ebbab,rwm,G2,surrogate_jvp_batch,179.89235243431054,0.0034742999996524304,passed,16
1,False,cuda,64,eafc8bec072d544ebbab,rwm,G2,affine_scan,0.0,0.0002943200001027435,passed,16
1,False,cuda,64,eafc8bec072d544ebbab,rwm,G2,affine_serial,0.0,0.0003685000003315508,passed,16
1,False,cuda,64,eafc8bec072d544ebbab,rwm,G2,prefix_scalar_read,0.0,8.696000440977514e-05,passed,16
16,False,cuda,64,6fe64a55f7f4ee354d55,rwm,G2,density_loop,0.0,0.0009337000024970621,passed,1
16,False,cuda,64,6fe64a55f7f4ee354d55,rwm,G2,density_batch,0.0,0.00014048000448383391,passed,1
16,False,cuda,64,6fe64a55f7f4ee354d55,rwm,G2,transition_loop,272.66381649174804,0.007294059998821467,passed,1
16,False,cuda,64,6fe64a55f7f4ee354d55,rwm,G2,transition_batch,0.0,0.0006912600016221404,passed,1
16,False,cuda,64,6fe64a55f7f4ee354d55,rwm,G2,surrogate_jvp_loop,207.20401227180923,0.05207341999630444,passed,1
16,False,cuda,64,6fe64a55f7f4ee354d55,rwm,G2,surrogate_jvp_batch,167.4579612438488,0.00395645999815315,passed,1
16,False,cuda,64,6fe64a55f7f4ee354d55,rwm,G2,affine_scan,0.0,2.9499997617676853e-05,passed,1
16,False,cuda,64,6fe64a55f7f4ee354d55,rwm,G2,affine_serial,0.0,4.770000232383609e-05,passed,1
16,False,cuda,64,6fe64a55f7f4ee354d55,rwm,G2,prefix_scalar_read,0.0,0.00011983999866060913,passed,1
1,False,cuda,8,de4f3c281b578ab2c8bd,rwm,L1,density_loop,325.0873834728458,0.0019225600000936538,passed,16
1,False,cuda,8,de4f3c281b578ab2c8bd,rwm,L1,density_batch,0.0,0.0002699800010304898,passed,16
1,False,cuda,8,de4f3c281b578ab2c8bd,rwm,L1,transition_loop,223.79066085152755,0.009774759999709203,passed,16
1,False,cuda,8,de4f3c281b578ab2c8bd,rwm,L1,transition_batch,0.0,0.0008855200023390353,passed,16
1,False,cuda,8,de4f3c281b578ab2c8bd,rwm,L1,surrogate_jvp_loop,204.65891446313816,0.07634654000285082,passed,16
1,False,cuda,8,de4f3c281b578ab2c8bd,rwm,L1,surrogate_jvp_batch,216.22556662572768,0.0056870800035540015,passed,16
1,False,cuda,8,de4f3c281b578ab2c8bd,rwm,L1,affine_scan,0.0,0.000334979995386675,passed,16
1,False,cuda,8,de4f3c281b578ab2c8bd,rwm,L1,affine_serial,0.0,0.00038503999821841716,passed,16
1,False,cuda,8,de4f3c281b578ab2c8bd,rwm,L1,prefix_scalar_read,0.0,0.00012940000160597265,passed,16
16,False,cuda,8,b6c942d8354585579f51,rwm,L1,density_loop,297.42359787458304,0.002101379999658093,passed,1
16,False,cuda,8,b6c942d8354585579f51,rwm,L1,density_batch,0.0,0.0002661999955307692,passed,1
16,False,cuda,8,b6c942d8354585579f51,rwm,L1,transition_loop,200.20073464014644,0.009592059999704361,passed,1
16,False,cuda,8,b6c942d8354585579f51,rwm,L1,transition_batch,0.0,0.000902600004337728,passed,1
16,False,cuda,8,b6c942d8354585579f51,rwm,L1,surrogate_jvp_loop,214.89301422650806,0.07998165999888443,passed,1
16,False,cuda,8,b6c942d8354585579f51,rwm,L1,surrogate_jvp_batch,200.88001513615077,0.00595401999889873,passed,1
16,False,cuda,8,b6c942d8354585579f51,rwm,L1,affine_scan,0.0,3.0159996822476386e-05,passed,1
16,False,cuda,8,b6c942d8354585579f51,rwm,L1,affine_serial,0.0,4.774000262841582e-05,passed,1
16,False,cuda,8,b6c942d8354585579f51,rwm,L1,prefix_scalar_read,0.0,9.669999708421529e-05,passed,1
