JVPs_per_transition,acceptance_fraction,api_wall_seconds,cached_sample_seconds,chains,confirmed,device,draws,fallback,first_audit_seconds,forward_maps_per_transition,group,group_status,host_scalar_wait_seconds,kernel,label,mean_confirmed_prefix_per_round,model,paired_cached_ratio,post_probe_over_preprobe,post_probe_sample_seconds,process_cpu_percent,replicate,role,seconds_per_confirmed_transition,solver_iterations,state_repairs,status,step_size,total_transitions
0.0,0.96875,0.2945359000004828,0.2935579000040889,1,128,cuda,128,False,0.003188100003171712,1.0,7993014143067fc485cd,completed,8.570001227781177e-05,mala,sequential,,G1,1.0,0.9997744907927417,0.29349169999477454,206.89328533431785,0,window_chain_grid,0.0022934210937819444,128,0,completed,0.1,128
3.9375,0.96875,1.9555946000036784,1.9546592000115197,1,128,cuda,128,False,0.003293299989309162,7.875,7993014143067fc485cd,completed,0.030420200200751424,mala,quasi_deer-w4,,G1,0.15018367396339924,0.9814980534726996,1.9184942000138108,214.41485604372775,0,window_chain_grid,0.015270775000089998,126,0,completed,0.1,128
5.375,0.96875,0.6729361999896355,0.67206320000696,1,128,cuda,128,False,0.003052300016861409,10.75,7993014143067fc485cd,completed,0.009027799998875707,mala,quasi_deer-w16,,G1,0.4368010329996476,0.9990072361999339,0.6713959999906365,215.9380042301753,0,window_chain_grid,0.005250493750054375,43,0,completed,0.1,128
0.0,0.978515625,0.29530940001131967,0.29445260000647977,4,512,cuda,128,False,0.010452399990754202,1.0,57554c9e201545146e62,completed,8.249998791143298e-05,mala,sequential,,G1,1.0,1.009289101161815,0.29718779999529943,199.4228336710557,0,window_chain_grid,0.0005751027343876558,128,0,completed,0.1,512
4.0,0.978515625,1.976391700009117,1.975384599994868,4,512,cuda,128,False,0.010532500018598512,8.0,57554c9e201545146e62,completed,0.027124099957291037,mala,quasi_deer-w4,,G1,0.1490608968032072,1.0114545289050474,1.9980116999940947,208.06638260152408,0,window_chain_grid,0.0038581730468649766,128,0,completed,0.1,512
5.75,0.978515625,0.7256416000018362,0.724659800005611,4,512,cuda,128,False,0.010699499980546534,11.5,57554c9e201545146e62,completed,0.009563499974319711,mala,quasi_deer-w16,,G1,0.4063321851221771,1.020595871325745,0.7395848000014666,211.02015099411682,0,window_chain_grid,0.001415351171885959,46,0,completed,0.1,512
0.0,0.9765625,0.29084890001104213,0.289893100009067,1,128,cuda,128,False,0.0038687000051140785,1.0,db009510c6a038a7d336,completed,5.9699988923966885e-05,mala,sequential,,G1,1.0,1.0176958333088466,0.2950229999842122,213.55788459976816,1,window_chain_grid,0.002264789843820836,128,0,completed,0.1,128
3.875,0.9765625,1.9172411999898031,1.916341200005263,1,128,cuda,128,False,0.002742000011494383,7.75,db009510c6a038a7d336,completed,0.02702620008494705,mala,quasi_deer-w4,,G1,0.15127426160240715,1.0124095333312289,1.9401221000007354,211.07803233216163,1,window_chain_grid,0.014971415625041118,124,0,completed,0.1,128
5.5,0.9765625,0.6841834000078961,0.6834063999995124,1,128,cuda,128,False,0.0030408000166062266,11.0,db009510c6a038a7d336,completed,0.009124900272581726,mala,quasi_deer-w16,,G1,0.4241884477658884,0.9924293948397515,0.6782325999811292,204.00736853940373,1,window_chain_grid,0.00533911249999619,44,0,completed,0.1,128
0.0,0.982421875,0.2924133000196889,0.2914790000068024,4,512,cuda,128,False,0.011391200008802116,1.0,9ed4ad1a2379acc98faa,completed,8.070000330917537e-05,mala,sequential,,G1,1.0,1.0108594443339196,0.2946442999818828,219.08203216367556,1,window_chain_grid,0.0005692949218882859,128,0,completed,0.1,512
4.0,0.982421875,2.0013178999943193,2.0003682999813464,4,512,cuda,128,False,0.012030900019453838,8.0,9ed4ad1a2379acc98faa,completed,0.027755299961427227,mala,quasi_deer-w4,,G1,0.145712667017129,0.9826526445165409,1.9656671999837272,207.82549106814957,1,window_chain_grid,0.003906969335901067,128,0,completed,0.1,512
6.0,0.982421875,0.759082300006412,0.7581686000048649,4,512,cuda,128,False,0.013883400009945035,12.0,9ed4ad1a2379acc98faa,completed,0.011155700136441737,mala,quasi_deer-w16,,G1,0.38445142677358585,1.0114061700611077,0.7668163999915123,212.0158775914556,1,window_chain_grid,0.0014807980468845017,48,0,completed,0.1,512
0.0,0.4921875,0.09057410000241362,0.08989920001477003,1,128,cuda,128,False,0.0012176000163890421,1.0,41ebb3a6cbdb29786f9b,completed,7.219999679364264e-05,rwm,sequential,,G1,1.0,1.0457846117279046,0.09401519998209551,197.91424774561122,0,window_chain_grid,0.0007023375001153909,128,0,completed,0.5,128
0.0,0.4921875,0.09675280001829378,0.09597739999298938,1,128,cuda,128,False,0.0012843000004068017,2.515625,41ebb3a6cbdb29786f9b,completed,0.005651599931297824,rwm,online_picard-w4,3.1219512195121952,G1,0.9366705080710321,1.0106056218364767,0.09699530000216328,193.41661423695516,0,window_chain_grid,0.0007498234374452295,41,0,completed,0.5,128
0.0,0.4921875,0.07151180002256297,0.07076660002348945,1,128,cuda,128,False,0.0012472000089474022,6.859375,41ebb3a6cbdb29786f9b,completed,0.00419150001835078,rwm,online_picard-w16,4.413793103448276,G1,1.2703620067225208,1.0037447041469372,0.07103160000406206,236.50656916617814,0,window_chain_grid,0.0005528640626835113,29,0,completed,0.5,128
0.0,0.509765625,0.09749399998690933,0.09638930001528934,4,512,cuda,128,False,0.005246200016699731,1.0,782053169c32d00a2e93,completed,6.0600024880841374e-05,rwm,sequential,,G1,1.0,0.9785795722725205,0.09432459998060949,213.19930685225475,0,window_chain_grid,0.00018826035159236199,128,0,completed,0.5,512
0.0,0.509765625,0.12475799999083392,0.12396219998481683,4,512,cuda,128,False,0.004446099977940321,3.234375,782053169c32d00a2e93,completed,0.007670000137295574,rwm,online_picard-w4,2.4615384615384617,G1,0.7775700982000586,0.9956244726422755,0.12341979998745956,211.45339025666843,0,window_chain_grid,0.00024211367184534538,52,0,completed,0.5,512
0.0,0.509765625,0.07489099999656901,0.07397820000187494,4,512,cuda,128,False,0.005370099999709055,7.59375,782053169c32d00a2e93,completed,0.005015900038415566,rwm,online_picard-w16,4,G1,1.3029419479366409,1.053802336105965,0.07795839998289011,199.1942989484127,0,window_chain_grid,0.000144488671878662,32,0,completed,0.5,512
0.0,0.5390625,0.09507029998349026,0.09432920001563616,1,128,cuda,128,False,0.0011878999939654022,1.0,1e4770cf09037111e3f1,completed,5.889998283237219e-05,rwm,sequential,,G1,1.0,0.9767823749205543,0.09213910001562908,207.69172566862227,1,window_chain_grid,0.0007369468751221575,128,0,completed,0.5,128
0.0,0.5390625,0.08135230001062155,0.08073670000885613,1,128,cuda,128,False,0.0012845999735873193,2.171875,1e4770cf09037111e3f1,completed,0.004610100062564015,rwm,online_picard-w4,3.657142857142857,G1,1.168355902647607,0.9623975217210262,0.0777008000004571,194.42253083894005,1,window_chain_grid,0.0006307554688191885,35,0,completed,0.5,128
0.0,0.5390625,0.05193590000271797,0.051269999996293336,1,128,cuda,128,False,0.00114380000741221,5.265625,1e4770cf09037111e3f1,completed,0.0028800001309718937,rwm,online_picard-w16,5.818181818181818,G1,1.8398517656028062,1.0860269163055,0.05568059999495745,226.22398819982374,1,window_chain_grid,0.0004005468749710417,22,0,completed,0.5,128
0.0,0.501953125,0.09661929999128915,0.09584449999965727,4,512,cuda,128,False,0.0051278000173624605,1.0,133726dd218d56787494,completed,5.859998054802418e-05,rwm,sequential,,G1,1.0,1.049195311343808,0.10055960001773201,178.30781087690679,1,window_chain_grid,0.0001871962890618306,128,0,completed,0.5,512
0.0,0.501953125,0.11532169999554753,0.11456950000138022,4,512,cuda,128,False,0.004667500004870817,2.921875,133726dd218d56787494,completed,0.006658899976173416,rwm,online_picard-w4,2.723404255319149,G1,0.836562086755224,1.0076730718036608,0.11544860000140034,203.2358177247205,1,window_chain_grid,0.00022376855469019574,47,0,completed,0.5,512
0.0,0.501953125,0.07425020000664517,0.07347549998667091,4,512,cuda,128,False,0.004885899979854003,6.890625,133726dd218d56787494,completed,0.004199799848720431,rwm,online_picard-w16,4.413793103448276,G1,1.3044416168252586,0.9458499772111923,0.06949679998797365,196.6945248698276,1,window_chain_grid,0.00014350683591146662,29,0,completed,0.5,512
0.0,0.984375,0.2913305000110995,0.2887985999986995,1,128,cuda,128,False,0.004074800002854317,1.0,36ed2f50bd9ceb31cb1b,completed,8.549998165108263e-05,mala,sequential,,G2,1.0,1.0063933828012281,0.29064500000094995,226.88086134519463,0,window_chain_grid,0.00225623906248984,128,0,completed,0.1,128
3.96875,0.984375,1.9918892999994569,1.9894505999982357,1,128,cuda,128,False,0.004031100019346923,7.9375,36ed2f50bd9ceb31cb1b,completed,0.027224899706197903,mala,quasi_deer-w4,,G2,0.14516500183465506,0.9912086784172399,1.9719607000006363,211.52588253045923,0,window_chain_grid,0.015542582812486216,127,0,completed,0.1,128
11.0,0.984375,1.3813223000033759,1.379085299995495,1,128,cuda,128,False,0.0044689000060316175,22.0,36ed2f50bd9ceb31cb1b,completed,0.019724599755136296,mala,quasi_deer-w16,,G2,0.20941315232614177,1.0164031188015303,1.4017066000087652,211.5273893712466,0,window_chain_grid,0.010774103906214805,88,0,completed,0.1,128
0.0,0.98046875,0.3272341999982018,0.32425880001392215,4,512,cuda,128,False,0.014547300001140684,1.0,4ba974c7e6fda33d6179,completed,8.599998545832932e-05,mala,sequential,,G2,1.0,0.9093014591598043,0.2948489999980666,210.0941771990146,0,window_chain_grid,0.0006333179687771917,128,0,completed,0.1,512
4.0,0.98046875,2.2424954999878537,2.2398233999847434,4,512,cuda,128,False,0.019505600008415058,8.0,4ba974c7e6fda33d6179,completed,0.02896490035345778,mala,quasi_deer-w4,,G2,0.1447698064124747,0.8930040198742073,2.0001712999946903,213.21113019071376,0,window_chain_grid,0.004374655078095202,128,0,completed,0.1,512
11.0,0.98046875,1.582641400018474,1.5795976000081282,4,512,cuda,128,False,0.019435099995462224,22.0,4ba974c7e6fda33d6179,completed,0.018026900361292064,mala,quasi_deer-w16,,G2,0.20527936989284715,0.8774394187301275,1.3860011999786366,212.26381415024187,0,window_chain_grid,0.0030851515625158754,88,0,completed,0.1,512
0.0,0.9765625,0.29003910001483746,0.28766189998714253,1,128,cuda,128,False,0.003777400008402765,1.0,b4de2b13c23f466f1883,completed,8.490000618621707e-05,mala,sequential,,G2,1.0,1.0010244665804175,0.2879565999901388,207.5522778873416,1,window_chain_grid,0.002247358593649551,128,0,completed,0.1,128
4.0,0.9765625,1.9860174000205006,1.983699800010072,1,128,cuda,128,False,0.004063400003360584,8.0,b4de2b13c23f466f1883,completed,0.02685490029398352,mala,quasi_deer-w4,,G2,0.14501281896871793,0.9985099559874717,1.9807440000004135,209.04446459345317,1,window_chain_grid,0.015497654687578688,128,0,completed,0.1,128
10.875,0.9765625,1.3626076999935322,1.3604192999773659,1,128,cuda,128,False,0.004387799999676645,21.75,b4de2b13c23f466f1883,completed,0.01929110017954372,mala,quasi_deer-w16,,G2,0.21145091075371286,1.0064413964282717,1.3691822999971919,215.41859137933423,1,window_chain_grid,0.010628275781073171,87,0,completed,0.1,128
0.0,0.970703125,0.29276099998969585,0.28990580001845956,4,512,cuda,128,False,0.016727799986256287,1.0,eee319e15f53bc7b64c8,completed,6.540000322274864e-05,mala,sequential,,G2,1.0,1.1687855157508786,0.33883769999374636,207.79307134100034,1,window_chain_grid,0.0005662222656610538,128,0,completed,0.1,512
4.0,0.970703125,2.06803399999626,2.0651385999808554,4,512,cuda,128,False,0.017735599976731464,8.0,eee319e15f53bc7b64c8,completed,0.02804830003879033,mala,quasi_deer-w4,,G2,0.14038079575925175,1.008965354688727,2.083653300011065,210.49639123111686,1,window_chain_grid,0.004033473828087608,128,0,completed,0.1,512
11.25,0.970703125,1.438035500003025,1.4352355000155512,4,512,cuda,128,False,0.018186100001912564,22.5,eee319e15f53bc7b64c8,completed,0.020862000208580866,mala,quasi_deer-w16,,G2,0.20199179856916746,1.103777324342361,1.5841804000083357,210.79104097177182,1,window_chain_grid,0.0028031943359678735,90,0,completed,0.1,512
0.0,0.0,0.10212629998568445,0.09897690001525916,1,128,cuda,128,False,0.002938599995104596,1.0,04b73572d2ea745180c1,completed,6.78999931551516e-05,rwm,sequential,,G2,1.0,0.910259868475518,0.0900946999900043,228.95673875392427,0,window_chain_grid,0.0007732570313692122,128,0,completed,1.0,128
0.0,0.0,0.08211610000580549,0.07933639999828301,1,128,cuda,128,False,0.002734699985012412,2.0,04b73572d2ea745180c1,completed,0.0044046999537386,rwm,online_picard-w4,4,G2,1.2475597584135556,1.046533495305639,0.08302819999516942,200.71515906745094,0,window_chain_grid,0.000619815624986586,32,0,completed,1.0,128
0.0,0.0,0.023606000002473593,0.020673999999416992,1,128,cuda,128,False,0.0028457000153139234,2.0,04b73572d2ea745180c1,completed,0.001096000021789223,rwm,online_picard-w16,16,G2,4.787506047114749,0.8831914470450265,0.01825909997569397,132.38159788496745,0,window_chain_grid,0.00016151562499544525,8,0,completed,1.0,128
0.0,0.0,0.09541810001246631,0.0930872000171803,4,512,cuda,128,False,0.008378300000913441,1.0,44d7b9a275a134b0a7d6,completed,5.6899996707215905e-05,rwm,sequential,,G2,1.0,1.0227593050284973,0.09520579999662004,196.50359834822035,0,window_chain_grid,0.00018181093753355526,128,0,completed,1.0,512
0.0,0.0,0.07760220000636764,0.07500320000690408,4,512,cuda,128,False,0.008925400004955009,2.0,44d7b9a275a134b0a7d6,completed,0.0044241999567020684,rwm,online_picard-w4,4,G2,1.2411097127670763,0.9933749493341877,0.07450630000676028,221.4821229113309,0,window_chain_grid,0.00014649062501348453,32,0,completed,1.0,512
0.0,0.0,0.022122299997135997,0.019374299998162314,4,512,cuda,128,False,0.008474300004309043,2.0,44d7b9a275a134b0a7d6,completed,0.001284099998883903,rwm,online_picard-w16,16,G2,4.804674234734146,0.8874488375794798,0.017193700012285262,143.13851228513315,0,window_chain_grid,3.784042968391077e-05,8,0,completed,1.0,512
0.0,0.046875,0.09388280002167448,0.09177840000484139,1,128,cuda,128,False,0.002793699997710064,1.0,801f2e40a6daf6d32d9f,completed,6.049999501556158e-05,rwm,sequential,,G2,1.0,1.0191842523935888,0.09353909999481402,216.36018520230016,1,window_chain_grid,0.0007170187500378233,128,0,completed,1.0,128
0.0,0.046875,0.07896590000018477,0.07678760000271723,1,128,cuda,128,False,0.002455099980579689,2.0,801f2e40a6daf6d32d9f,completed,0.004334600060246885,rwm,online_picard-w4,4,G2,1.1952242289327142,1.0802994234260401,0.08295360000920482,197.870219929912,1,window_chain_grid,0.0005999031250212283,32,0,completed,1.0,128
0.0,0.046875,0.02406580001115799,0.021942000021226704,1,128,cuda,128,False,0.0027125000196974725,2.25,801f2e40a6daf6d32d9f,completed,0.0013584998960141093,rwm,online_picard-w16,14.222222222222221,G2,4.182772760735343,1.0446176271058927,0.022920999996131286,132.41637649768177,1,window_chain_grid,0.00017142187516583363,9,0,completed,1.0,128
0.0,0.013671875,0.09660850002546795,0.09399919997667894,4,512,cuda,128,False,0.00894889998016879,1.0,15bd073a685fcfdebd6e,completed,7.310000364668667e-05,rwm,sequential,,G2,1.0,1.0309630296288699,0.09690969999064691,184.21761059427763,1,window_chain_grid,0.00018359218745445105,128,0,completed,1.0,512
0.0,0.013671875,0.0788763000164181,0.07639509998261929,4,512,cuda,128,False,0.00856359998579137,2.0,15bd073a685fcfdebd6e,completed,0.004452699911780655,rwm,online_picard-w4,4,G2,1.230434936246759,0.9845016238784676,0.07521109998924658,198.094991737032,1,window_chain_grid,0.0001492091796535533,32,0,completed,1.0,512
0.0,0.013671875,0.023647199996048585,0.021106400003191084,4,512,cuda,128,False,0.007877900003222749,2.25,15bd073a685fcfdebd6e,completed,0.0012234000314492732,rwm,online_picard-w16,14.222222222222221,G2,4.453587535651137,1.0110345676215098,0.02133930000127293,125.06653535017251,1,window_chain_grid,4.1223437506232585e-05,9,0,completed,1.0,512
0.0,0.9765625,0.4158723000145983,0.4140045999956783,1,128,cuda,128,False,0.006929099996341392,1.0,bf0d935aa555d9bb2ee5,completed,8.140000863932073e-05,mala,sequential,,L1,1.0,0.9464027694735937,0.3918151000107173,206.64396257452913,0,window_chain_grid,0.0032344109374662366,128,0,completed,0.005,128
4.0,0.9765625,2.825463600020157,2.823752099997364,1,128,cuda,128,False,0.007807899994077161,8.0,bf0d935aa555d9bb2ee5,completed,0.027222500153584406,mala,quasi_deer-w4,,L1,0.1466150658183007,1.0048302752873823,2.8373915999836754,211.61176309441055,0,window_chain_grid,0.022060563281229406,128,0,completed,0.005,128
10.75,0.9765625,1.9073509000008926,1.9055821000074502,1,128,cuda,128,False,0.008298700005980209,21.5,bf0d935aa555d9bb2ee5,completed,0.01817830020445399,mala,quasi_deer-w16,,L1,0.2172588627874179,0.9924996146938375,1.8912895000248682,214.0763269691146,0,window_chain_grid,0.014887360156308205,86,0,completed,0.005,128
0.0,0.978515625,0.40444189999834634,0.4028073000081349,4,512,cuda,128,False,0.0309521000017412,1.0,cc2e3de0a76ce09bbd92,completed,7.179999374784529e-05,mala,sequential,,L1,1.0,1.0055378837200029,0.4050379999971483,204.75746949151065,0,window_chain_grid,0.0007867330078283885,128,0,completed,0.005,512
4.0,0.978515625,2.908153399999719,2.906580799986841,4,512,cuda,128,False,0.030958900024415925,8.0,cc2e3de0a76ce09bbd92,completed,0.028114799672039226,mala,quasi_deer-w4,,L1,0.13858458708939334,0.9704404570513457,2.820663599995896,211.85194928393847,0,window_chain_grid,0.005676915624974299,128,0,completed,0.005,512
11.125,0.978515625,2.005775400000857,2.003944500000216,4,512,cuda,128,False,0.03095670000766404,22.25,cc2e3de0a76ce09bbd92,completed,0.020576300041284412,mala,quasi_deer-w16,,L1,0.2010072135271668,0.9878889859510055,1.9796747000073083,211.10913016473282,0,window_chain_grid,0.003913954101562922,89,0,completed,0.005,512
0.0,0.984375,0.41849129999172874,0.41670679999515414,1,128,cuda,128,False,0.008093699987512082,1.0,a31c7b96902295727c19,completed,6.6100008552894e-05,mala,sequential,,L1,1.0,0.9279745375271888,0.38669330000993796,212.81804425028733,1,window_chain_grid,0.0032555218749621417,128,0,completed,0.005,128
3.96875,0.984375,2.9580125999927986,2.956351300003007,1,128,cuda,128,False,0.008273399987956509,7.9375,a31c7b96902295727c19,completed,0.02831820023129694,mala,quasi_deer-w4,,L1,0.1409530727944038,0.9803352531189021,2.898215399996843,217.39226773725747,1,window_chain_grid,0.023096494531273493,127,0,completed,0.005,128
10.75,0.984375,1.9861913000058848,1.9843239999900106,1,128,cuda,128,False,0.008043000008910894,21.5,a31c7b96902295727c19,completed,0.01850840015686117,mala,quasi_deer-w16,,L1,0.20999937510066496,0.9651932345669366,1.9152560999791604,214.36175123858777,1,window_chain_grid,0.015502531249921958,86,0,completed,0.005,128
0.0,0.970703125,0.4117758999927901,0.4100670000188984,4,512,cuda,128,False,0.03208410000661388,1.0,e70213bcedb7f13b198e,completed,7.559999357908964e-05,mala,sequential,,L1,1.0,1.0370422394469907,0.42525680002290756,216.09841932356053,1,window_chain_grid,0.0008009121094119109,128,0,completed,0.005,512
4.0,0.970703125,2.8218539000081364,2.8200960000103805,4,512,cuda,128,False,0.03183529997477308,8.0,e70213bcedb7f13b198e,completed,0.029149899986805394,mala,quasi_deer-w4,,L1,0.1454088797038785,1.020336364422598,2.8774464999733027,211.1705389985711,1,window_chain_grid,0.0055080000000202745,128,0,completed,0.005,512
11.125,0.970703125,1.978849499981152,1.9772467000002507,4,512,cuda,128,False,0.030314599978737533,22.25,e70213bcedb7f13b198e,completed,0.020706500101368874,mala,quasi_deer-w16,,L1,0.2073929368646039,1.0153439123138353,2.0075853999878746,208.140804350353,1,window_chain_grid,0.0038618099609379897,89,0,completed,0.005,512
0.0,0.53125,0.11683539999648929,0.1154868999728933,1,128,cuda,128,False,0.0043701000104192644,1.0,e8711d47d46f98cca26c,completed,7.770000956952572e-05,rwm,sequential,,L1,1.0,1.0123555142516647,0.11691380001138896,213.97624350797113,0,window_chain_grid,0.0009022414060382289,128,0,completed,0.1,128
0.0,0.53125,0.09742740000365302,0.09583810000913218,1,128,cuda,128,False,0.004014100006315857,2.109375,e8711d47d46f98cca26c,completed,0.0048621999740134925,rwm,online_picard-w4,3.764705882352941,L1,1.2050207585698052,1.0419885201685535,0.09986220000428148,228.73689938198035,0,window_chain_grid,0.0007487351563213451,34,0,completed,0.1,128
0.0,0.53125,0.05746430001454428,0.056014300003880635,1,128,cuda,128,False,0.004421999998157844,4.84375,e8711d47d46f98cca26c,completed,0.0028031998372171074,rwm,online_picard-w16,6.095238095238095,L1,2.0617395908704106,0.9983700591330251,0.05592300000716932,176.6142067625227,0,window_chain_grid,0.00043761171878031746,21,0,completed,0.1,128
0.0,0.474609375,0.12023590001626872,0.11886509999749251,4,512,cuda,128,False,0.017885499983094633,1.0,3d3d5a7c06af3d9cc7a6,completed,5.9399986639618874e-05,rwm,sequential,,L1,1.0,1.062422864064365,0.12628499997663312,196.6804122441694,0,window_chain_grid,0.00023215839843260255,128,0,completed,0.1,512
0.0,0.474609375,0.10573149999254383,0.1042992000002414,4,512,cuda,128,False,0.01520560000790283,2.5,3d3d5a7c06af3d9cc7a6,completed,0.005523700034245849,rwm,online_picard-w4,3.1219512195121952,L1,1.1396549541819823,1.0452553806542009,0.10901929999818094,182.2603786174866,0,window_chain_grid,0.00020370937500047148,41,0,completed,0.1,512
0.0,0.474609375,0.0640830000047572,0.06252120001590811,4,512,cuda,128,False,0.01617620000615716,5.15625,3d3d5a7c06af3d9cc7a6,completed,0.003235100011806935,rwm,online_picard-w16,5.565217391304348,L1,1.9011967135507326,1.0023719953254615,0.06266950001008809,195.0595321547378,0,window_chain_grid,0.00012211171878107052,23,0,completed,0.1,512
0.0,0.4921875,0.11747129997820593,0.11583309998968616,1,128,cuda,128,False,0.003825100022368133,1.0,66e520f2572a544f785b,completed,8.11999780125916e-05,rwm,sequential,,L1,1.0,1.034268270602681,0.11980250000488013,199.5168181874916,1,window_chain_grid,0.0009049460936694231,128,0,completed,0.1,128
0.0,0.4921875,0.10197550000157207,0.10048580000875518,1,128,cuda,128,False,0.004067400004714727,2.1875,66e520f2572a544f785b,completed,0.004610600037267432,rwm,online_picard-w4,3.5555555555555554,L1,1.1527310324403428,1.0220498815854404,0.10270149999996647,245.1569249438796,1,window_chain_grid,0.0007850453125683998,36,0,completed,0.1,128
0.0,0.4921875,0.04376649999176152,0.042288600001484156,1,128,cuda,128,False,0.0036549000069499016,3.78125,66e520f2572a544f785b,completed,0.002030799922067672,rwm,online_picard-w16,8,L1,2.7391093577375676,0.9229532305878085,0.039030399988405406,185.01502621207743,1,window_chain_grid,0.00033037968751159497,16,0,completed,0.1,128
0.0,0.46875,0.11566140002105385,0.11419560000649653,4,512,cuda,128,False,0.01581149999401532,1.0,6f1f3aa080430d7013a0,completed,7.54999928176403e-05,rwm,sequential,,L1,1.0,1.0141607908044177,0.11581270000897348,189.8029606478733,1,window_chain_grid,0.00022303828126268854,128,0,completed,0.1,512
0.0,0.46875,0.12011639997945167,0.1185037000104785,4,512,cuda,128,False,0.01583250000840053,2.546875,6f1f3aa080430d7013a0,completed,0.005912199936574325,rwm,online_picard-w4,3.0476190476190474,L1,0.9636458608161516,0.9522436850618771,0.11284439999144524,221.13966123313762,1,window_chain_grid,0.00023145253908296581,42,0,completed,0.1,512
0.0,0.46875,0.05889409998781048,0.05738700000802055,4,512,cuda,128,False,0.014473299990640953,5.015625,6f1f3aa080430d7013a0,completed,0.003452500212006271,rwm,online_picard-w16,5.818181818181818,L1,1.989921062096577,1.0996811122504084,0.06310739999753423,218.3268825712006,1,window_chain_grid,0.00011208398439066514,22,0,completed,0.1,512
0.0,0.703125,0.10014059999957681,0.09775590000208467,1,128,cuda,128,False,0.0022507999965455383,1.0,e37c3c860aa24b6cc386,completed,7.310000364668667e-05,rwm,sequential,,G2,1.0,1.0321832237587505,0.1009020000055898,201.45931761650021,0,prespecified_step_contrast,0.0007637179687662865,128,0,completed,0.25,128
0.0,0.703125,0.0812560000049416,0.07933919999049976,1,128,cuda,128,False,0.002235299994936213,2.203125,e37c3c860aa24b6cc386,completed,0.004813899897271767,rwm,online_picard-w4,3.5555555555555554,G2,1.23212611185631,0.9476160585028606,0.07518309997976758,211.52284137731047,0,prespecified_step_contrast,0.0006198374999257794,36,0,completed,0.25,128
0.0,0.703125,0.031444699998246506,0.029496399976778775,1,128,cuda,128,False,0.002043699991190806,3.015625,e37c3c860aa24b6cc386,completed,0.0017713000415824354,rwm,online_picard-w16,9.846153846153847,G2,3.314163765037212,1.1163633538937556,0.03292870000586845,248.45204439653293,0,prespecified_step_contrast,0.00023044062481858418,13,0,completed,0.25,128
0.0,0.666015625,0.09758370000054128,0.09502530001918785,4,512,cuda,128,False,0.00921420002123341,1.0,32a2afea23f433784944,completed,7.740000728517771e-05,rwm,sequential,,G2,1.0,1.0602892068378633,0.10075429998687468,192.1427451500199,0,prespecified_step_contrast,0.00018559628909997627,128,0,completed,0.25,512
0.0,0.666015625,0.09267690000706352,0.08994320000056177,4,512,cuda,128,False,0.008736199990380555,2.4375,32a2afea23f433784944,completed,0.005101799935800955,rwm,online_picard-w4,3.282051282051282,G2,1.0565034379318763,1.0231079169238617,0.09202159999404103,202.3157874138101,0,prespecified_step_contrast,0.00017567031250109721,39,0,completed,0.25,512
0.0,0.666015625,0.045417999994242564,0.042782100004842505,4,512,cuda,128,False,0.008700900012627244,4.265625,32a2afea23f433784944,completed,0.00252609999733977,rwm,online_picard-w16,7.111111111111111,G2,2.2211462272406437,1.0887614209129477,0.046579499990912154,206.41595845674462,0,prespecified_step_contrast,8.355878907195802e-05,18,0,completed,0.25,512
0.0,0.6796875,0.3907597000070382,0.38785139998071827,1,512,cuda,512,False,0.008449300017673522,1.0,38fccea812fd56fa5bca,completed,6.0399994254112244e-05,rwm,sequential,,G2,1.0,1.0147773090811336,0.3935827999957837,209.10875780709657,0,equal_512_output_chain_allocation,0.0007575222655873404,512,0,completed,0.25,512
0.0,0.6796875,0.10823959999834187,0.10567849999642931,1,512,cuda,512,False,0.009605500003090128,2.7109375,38fccea812fd56fa5bca,completed,0.006245399883482605,rwm,online_picard-w16,11.636363636363637,G2,3.670106975343358,1.0029523509353577,0.10599050001474097,187.03770032857005,0,equal_512_output_chain_allocation,0.000206403320305526,44,0,completed,0.25,512
0.0,0.63671875,0.02609410000150092,0.023851900012232363,16,512,cuda,32,False,0.008089799986919388,1.0,9ddd37f33470e4d6d948,completed,7.700000423938036e-05,rwm,sequential,,G2,1.0,1.1323290803769415,0.02700820000609383,231.33839429252907,0,equal_512_output_chain_allocation,4.6585742211391334e-05,32,0,completed,0.25,512
0.0,0.572265625,0.4865394000080414,0.48476630001096055,1,512,cuda,512,False,0.014165000000502914,1.0,823278771a3d432ab7ad,completed,6.229997961781919e-05,rwm,sequential,,L1,1.0,0.9276783472445199,0.449707199994009,215.16756915939337,0,equal_512_output_chain_allocation,0.0009468091797089073,512,0,completed,0.1,512
0.0,0.572265625,0.2243954000005033,0.22284090000903234,1,512,cuda,512,False,0.01929470000322908,4.96484375,823278771a3d432ab7ad,completed,0.010361399967223406,rwm,online_picard-w16,6.4,L1,2.175391950002498,0.9330320420952865,0.20791769999777898,228.23253625092053,0,equal_512_output_chain_allocation,0.0004352361328301413,80,0,completed,0.1,512
0.0,0.4609375,0.035304499993799254,0.03362260002177209,16,512,cuda,32,False,0.01701900002080947,1.0,54c9e2c8827114837ab0,completed,9.06999921426177e-05,rwm,sequential,,L1,1.0,1.012515390641448,0.034043399995425716,187.60205562925088,0,equal_512_output_chain_allocation,6.56691406675236e-05,32,0,completed,0.1,512
0.0,0.6875,0.0944485999934841,0.0924304999934975,1,128,cuda,128,False,0.002217700006440282,1.0,0e45916f4053d69f1363,completed,7.159999222494662e-05,rwm,sequential,,G2,1.0,1.0800093045604533,0.09982580001815222,232.71202329649915,1,prespecified_step_contrast,0.0007221132811991993,128,0,completed,0.25,128
0.0,0.6875,0.0845499999995809,0.08236959998612292,1,128,cuda,128,False,0.0023941000108607113,2.1875,0e45916f4053d69f1363,completed,0.0049707002472132444,rwm,online_picard-w4,3.657142857142857,G2,1.1221433636811344,1.0590666944896916,0.08723489998374134,221.76227084675267,1,prespecified_step_contrast,0.0006435124998915853,35,0,completed,0.25,128
0.0,0.6875,0.0345083000138402,0.03248399999574758,1,128,cuda,128,False,0.002226300013717264,3.046875,0e45916f4053d69f1363,completed,0.001978499931283295,rwm,online_picard-w16,9.846153846153847,G2,2.845416205073187,0.9371352047660764,0.030441899987636134,178.61684831525739,1,prespecified_step_contrast,0.000253781249966778,13,0,completed,0.25,128
0.0,0.615234375,0.09623260001535527,0.09390849998453632,4,512,cuda,128,False,0.008880499983206391,1.0,036d1d236201c7b8d07c,completed,5.400000372901559e-05,rwm,sequential,,G2,1.0,1.0056224945911676,0.09443650001776405,216.32784920436762,1,prespecified_step_contrast,0.0001834150390322975,128,0,completed,0.25,512
0.0,0.615234375,0.08991179999429733,0.08746540002175607,4,512,cuda,128,False,0.00801840002532117,2.359375,036d1d236201c7b8d07c,completed,0.0049631999572739005,rwm,online_picard-w4,3.3684210526315788,G2,1.0736645571983618,1.1624230834474352,0.10167179998825304,243.29398367497288,1,prespecified_step_contrast,0.00017083085941749232,38,0,completed,0.25,512
0.0,0.615234375,0.040894300007494166,0.03857780000544153,4,512,cuda,128,False,0.00931490000220947,3.59375,036d1d236201c7b8d07c,completed,0.0019231000915169716,rwm,online_picard-w16,8.533333333333333,G2,2.434262709933957,0.9108165835342675,0.0351373000012245,229.24955307419287,1,prespecified_step_contrast,7.534726563562799e-05,15,0,completed,0.25,512
0.0,0.63671875,0.39008949999697506,0.3872317000059411,1,512,cuda,512,False,0.007815100019797683,1.0,eafc8bec072d544ebbab,completed,5.830000736750662e-05,rwm,sequential,,G2,1.0,0.9176307105024563,0.3553357000055257,206.73811025624912,1,equal_512_output_chain_allocation,0.0007563119140741037,512,0,completed,0.25,512
0.0,0.63671875,0.12802229999215342,0.12536830001045018,1,512,cuda,512,False,0.008640299987746403,3.234375,eafc8bec072d544ebbab,completed,0.008196899812901393,rwm,online_picard-w16,9.660377358490566,G2,3.088752898249901,0.9502434028340743,0.1191304000094533,187.9391762856411,1,equal_512_output_chain_allocation,0.0002448599609579105,53,0,completed,0.25,512
0.0,0.673828125,0.02634150002268143,0.023777299997163936,16,512,cuda,32,False,0.008090899995295331,1.0,6fe64a55f7f4ee354d55,completed,8.329999400302768e-05,rwm,sequential,,G2,1.0,0.9070836469679183,0.021567999996477738,226.98054137813318,1,equal_512_output_chain_allocation,4.6440039056960813e-05,32,0,completed,0.25,512
0.0,0.50390625,0.4803863000124693,0.47869590000482276,1,512,cuda,512,False,0.01604900002712384,1.0,de4f3c281b578ab2c8bd,completed,6.650001159869134e-05,rwm,sequential,,L1,1.0,0.9780668687604757,0.4681966000061948,198.4080311980712,1,equal_512_output_chain_allocation,0.0009349529296969195,512,0,completed,0.1,512
0.0,0.50390625,0.20812920000753365,0.20652000000700355,1,512,cuda,512,False,0.01572999998461455,4.6484375,de4f3c281b578ab2c8bd,completed,0.011054500180762261,rwm,online_picard-w16,6.7368421052631575,L1,2.317915456074904,1.0563286848099311,0.218152999994345,189.3076609881286,1,equal_512_output_chain_allocation,0.0004033593750136788,76,0,completed,0.1,512
0.0,0.4453125,0.03127469998435117,0.029838599992217496,16,512,cuda,32,False,0.01660139998421073,1.0,b6c942d8354585579f51,completed,7.089998689480126e-05,rwm,sequential,,L1,1.0,1.0801076461916077,0.03222890000324696,190.80357305214355,1,equal_512_output_chain_allocation,5.82785156097998e-05,32,0,completed,0.1,512
