workflow,budget,function,planned,received,missing,rhat_finite,rhat_undefined,rhat_minimum,rhat_maximum,rhat_median,rhat_above_1_01,ess_bulk_finite,ess_bulk_undefined,ess_bulk_minimum,ess_bulk_maximum,ess_bulk_median,ess_tail_finite,ess_tail_undefined,ess_tail_minimum,ess_tail_maximum,ess_tail_median,mcse_mean_finite,mcse_mean_undefined,mcse_mean_minimum,mcse_mean_maximum,mcse_mean_median
cpu-mala-quasi_deer,64,standard_q1,1,1,0,1,0,1.06048552108639,1.06048552108639,1.06048552108639,1,1,0,81.3594885301077,81.3594885301077,81.3594885301077,1,0,61.4389347281478,61.4389347281478,61.4389347281478,1,0,0.106954885588946,0.106954885588946,0.106954885588946
cpu-mala-quasi_deer,64,standard_q1_squared,1,1,0,1,0,1.02274373557845,1.02274373557845,1.02274373557845,1,1,0,100.747644849258,100.747644849258,100.747644849258,1,0,95.2531246849099,95.2531246849099,95.2531246849099,1,0,0.15151355729331,0.15151355729331,0.15151355729331
cpu-mala-quasi_deer,64,standard_q1_gt1,1,1,0,1,0,1.08498034716245,1.08498034716245,1.08498034716245,1,1,0,73.30519372632,73.30519372632,73.30519372632,0,1,,,,1,0,0.046038987818609,0.046038987818609,0.046038987818609
cpu-mala-sequential,64,standard_q1,1,1,0,1,0,1.06051801595148,1.06051801595148,1.06051801595148,1,1,0,81.1536491370701,81.1536491370701,81.1536491370701,1,0,61.4389347281478,61.4389347281478,61.4389347281478,1,0,0.106954885589012,0.106954885589012,0.106954885589012
cpu-mala-sequential,64,standard_q1_squared,1,1,0,1,0,1.02323196182681,1.02323196182681,1.02323196182681,1,1,0,100.656445916041,100.656445916041,100.656445916041,1,0,95.2531246849099,95.2531246849099,95.2531246849099,1,0,0.151513557293228,0.151513557293228,0.151513557293228
cpu-mala-sequential,64,standard_q1_gt1,1,1,0,1,0,1.08498034716245,1.08498034716245,1.08498034716245,1,1,0,73.30519372632,73.30519372632,73.30519372632,0,1,,,,1,0,0.046038987818609,0.046038987818609,0.046038987818609
cpu-nuts-spawn_chains,64,standard_q1,1,1,0,1,0,1.04081127536483,1.04081127536483,1.04081127536483,1,1,0,616.509431119833,616.509431119833,616.509431119833,1,0,147.017652680059,147.017652680059,147.017652680059,1,0,0.0463250036522152,0.0463250036522152,0.0463250036522152
cpu-nuts-spawn_chains,64,standard_q1_squared,1,1,0,1,0,1.04190158459401,1.04190158459401,1.04190158459401,1,1,0,98.0642844750183,98.0642844750183,98.0642844750183,1,0,70.5197153359623,70.5197153359623,70.5197153359623,1,0,0.229615932543047,0.229615932543047,0.229615932543047
cpu-nuts-spawn_chains,64,standard_q1_gt1,1,1,0,1,0,1.00479698110361,1.00479698110361,1.00479698110361,0,1,0,398.214868538542,398.214868538542,398.214868538542,0,1,,,,1,0,0.0203440373757669,0.0203440373757669,0.0203440373757669
cpu-rwm-online_picard,64,standard_q1,1,1,0,1,0,1.12743986675156,1.12743986675156,1.12743986675156,1,1,0,24.7090323617838,24.7090323617838,24.7090323617838,1,0,37.3460751699059,37.3460751699059,37.3460751699059,1,0,0.14011403126215,0.14011403126215,0.14011403126215
cpu-rwm-online_picard,64,standard_q1_squared,1,1,0,1,0,1.1671633500099,1.1671633500099,1.1671633500099,1,1,0,20.0426911785408,20.0426911785408,20.0426911785408,1,0,49.5822810845753,49.5822810845753,49.5822810845753,1,0,0.130799667633057,0.130799667633057,0.130799667633057
cpu-rwm-online_picard,64,standard_q1_gt1,1,1,0,1,0,1.13758391776314,1.13758391776314,1.13758391776314,1,1,0,22.6701088348689,22.6701088348689,22.6701088348689,0,1,,,,1,0,0.0814714032520089,0.0814714032520089,0.0814714032520089
cpu-rwm-sequential,64,standard_q1,1,1,0,1,0,1.12743986675156,1.12743986675156,1.12743986675156,1,1,0,24.7090323617838,24.7090323617838,24.7090323617838,1,0,37.3460751699059,37.3460751699059,37.3460751699059,1,0,0.140114031262149,0.140114031262149,0.140114031262149
cpu-rwm-sequential,64,standard_q1_squared,1,1,0,1,0,1.1671633500099,1.1671633500099,1.1671633500099,1,1,0,20.0426911785408,20.0426911785408,20.0426911785408,1,0,49.5822810845753,49.5822810845753,49.5822810845753,1,0,0.130799667633057,0.130799667633057,0.130799667633057
cpu-rwm-sequential,64,standard_q1_gt1,1,1,0,1,0,1.13758391776314,1.13758391776314,1.13758391776314,1,1,0,22.6701088348689,22.6701088348689,22.6701088348689,0,1,,,,1,0,0.0814714032520089,0.0814714032520089,0.0814714032520089
cuda-mala-quasi_deer,64,standard_q1,1,1,0,1,0,1.06048673881379,1.06048673881379,1.06048673881379,1,1,0,81.3254492601516,81.3254492601516,81.3254492601516,1,0,61.4389347281478,61.4389347281478,61.4389347281478,1,0,0.106954885588946,0.106954885588946,0.106954885588946
cuda-mala-quasi_deer,64,standard_q1_squared,1,1,0,1,0,1.02292929187426,1.02292929187426,1.02292929187426,1,1,0,100.700985504894,100.700985504894,100.700985504894,1,0,95.2531246849099,95.2531246849099,95.2531246849099,1,0,0.15151355729331,0.15151355729331,0.15151355729331
cuda-mala-quasi_deer,64,standard_q1_gt1,1,1,0,1,0,1.08498034716245,1.08498034716245,1.08498034716245,1,1,0,73.30519372632,73.30519372632,73.30519372632,0,1,,,,1,0,0.046038987818609,0.046038987818609,0.046038987818609
cuda-mala-sequential,64,standard_q1,1,1,0,1,0,1.06051801595148,1.06051801595148,1.06051801595148,1,1,0,81.1536491370701,81.1536491370701,81.1536491370701,1,0,61.4389347281478,61.4389347281478,61.4389347281478,1,0,0.106954885589012,0.106954885589012,0.106954885589012
cuda-mala-sequential,64,standard_q1_squared,1,1,0,1,0,1.02323196182681,1.02323196182681,1.02323196182681,1,1,0,100.656445916041,100.656445916041,100.656445916041,1,0,95.2531246849099,95.2531246849099,95.2531246849099,1,0,0.151513557293228,0.151513557293228,0.151513557293228
cuda-mala-sequential,64,standard_q1_gt1,1,1,0,1,0,1.08498034716245,1.08498034716245,1.08498034716245,1,1,0,73.30519372632,73.30519372632,73.30519372632,0,1,,,,1,0,0.046038987818609,0.046038987818609,0.046038987818609
cuda-rwm-online_picard,64,standard_q1,1,1,0,1,0,1.12743986675156,1.12743986675156,1.12743986675156,1,1,0,24.7090323617838,24.7090323617838,24.7090323617838,1,0,37.3460751699059,37.3460751699059,37.3460751699059,1,0,0.14011403126215,0.14011403126215,0.14011403126215
cuda-rwm-online_picard,64,standard_q1_squared,1,1,0,1,0,1.1671633500099,1.1671633500099,1.1671633500099,1,1,0,20.0426911785408,20.0426911785408,20.0426911785408,1,0,49.5822810845753,49.5822810845753,49.5822810845753,1,0,0.130799667633057,0.130799667633057,0.130799667633057
cuda-rwm-online_picard,64,standard_q1_gt1,1,1,0,1,0,1.13758391776314,1.13758391776314,1.13758391776314,1,1,0,22.6701088348689,22.6701088348689,22.6701088348689,0,1,,,,1,0,0.0814714032520089,0.0814714032520089,0.0814714032520089
cuda-rwm-sequential,64,standard_q1,1,1,0,1,0,1.12743986675156,1.12743986675156,1.12743986675156,1,1,0,24.7090323617838,24.7090323617838,24.7090323617838,1,0,37.3460751699059,37.3460751699059,37.3460751699059,1,0,0.140114031262149,0.140114031262149,0.140114031262149
cuda-rwm-sequential,64,standard_q1_squared,1,1,0,1,0,1.1671633500099,1.1671633500099,1.1671633500099,1,1,0,20.0426911785408,20.0426911785408,20.0426911785408,1,0,49.5822810845753,49.5822810845753,49.5822810845753,1,0,0.130799667633057,0.130799667633057,0.130799667633057
cuda-rwm-sequential,64,standard_q1_gt1,1,1,0,1,0,1.13758391776314,1.13758391776314,1.13758391776314,1,1,0,22.6701088348689,22.6701088348689,22.6701088348689,0,1,,,,1,0,0.0814714032520089,0.0814714032520089,0.0814714032520089
