model,kernel,chains,window,planned,failed,cached_speed_ratio,batch_throughput_factor,forward_per_transition,jvp_per_transition,core_equivalents,confirmed_per_round,mean_rounds_per_window
G1,mala,1,16,3,0,0.2146101089421959,0.6673221788796114,12.0,5.5,1.4594995085363665,,5.5
G1,mala,1,64,3,0,0.22976431012236448,1.3646133934973854,15.0,7.0,1.0908141485379121,,7.0
G1,mala,4,16,3,0,0.17946360045300316,0.3814647775375889,12.0625,5.53125,1.132085244040943,,5.5
G1,mala,4,64,3,0,0.1422791452348081,1.14457759892093,14.5,6.75,1.1269256663026659,,6.75
G1,rwm,1,16,3,0,0.5568596944154741,0.24364620956967453,6.125,0.0,1.1475282678657357,5.224489795918367,
G1,rwm,1,64,3,0,0.2802330502208096,1.6142334163127836,24.5,0.0,1.0751849751166942,5.224489795918367,
G1,rwm,4,16,3,0,0.4022798893904909,0.2777665010984812,5.5,0.0,1.0263915038451032,5.565217391304348,
G1,rwm,4,64,3,0,0.16961667177211961,1.5278683874627712,20.875,0.0,1.0111122843822182,5.565217391304348,
G2,mala,1,16,3,0,0.05137107857885687,1.1845921428102262,23.0,11.0,1.0418927262942252,,11.0
G2,mala,1,64,3,0,0.026811084092779828,1.6058513067210383,45.5,22.25,1.0131427835866496,,22.25
G2,mala,4,16,3,0,0.06004746992187462,1.4939553282074094,22.84375,10.921875,0.9992647805676949,,10.9375
G2,mala,4,64,3,0,0.03252811714636033,1.4692282480400063,44.5,21.75,2.129529070086151,,22.0
G2,rwm,1,16,3,0,0.7319031065496883,1.1898684595437485,2.0,0.0,1.0676220418848785,16.0,
G2,rwm,1,64,3,0,0.7008202297220413,1.401098754894556,2.0,0.0,1.0655543256379743,64.0,
G2,rwm,4,16,3,0,0.574451251666356,1.2187042042118181,2.0625,0.0,1.5048083583424068,16.0,
G2,rwm,4,64,3,0,0.3565776199218957,2.354433513507141,2.375,0.0,1.6390869192703694,64.0,
L1,mala,1,16,3,0,0.03312285981475443,0.8926273473261048,21.625,10.3125,1.0056780309827504,,10.3125
L1,mala,1,64,3,0,0.014499628705565603,1.906377430494301,40.0,19.5,1.174170918867486,,19.5
L1,mala,4,16,3,0,0.030304901260641177,0.9381130224837785,21.75,10.375,1.1511008316755755,,10.4375
L1,mala,4,64,3,0,0.0291785490824424,0.4886746376063422,40.375,19.6875,2.992029597149976,,20.0
L1,rwm,1,16,3,0,0.19223690653490944,0.6496481038963758,5.0,0.0,1.013464293152574,6.4,
L1,rwm,1,64,3,0,0.04774939482787284,0.9079397705788671,21.0,0.0,1.0076481571681035,6.095238095238095,
L1,rwm,4,16,3,0,0.239345537711069,2.456695556297277,4.65625,0.0,0.9961835881532741,6.7368421052631575,
L1,rwm,4,64,3,0,0.09281132194421518,0.9384468538425847,18.125,0.0,2.40954553489127,6.7368421052631575,
