task_id,model,budget,outcome,returned_workers,unreturned_workers,median_returned_child_post_hook_fraction,child_legacy_ess_all_null,failure_stage_of_unreturned_workers
00088f5a35a41fad7ac72c3b,G1,4096,output_failure_unclassified,3,1,0.014345218890275171,0,unknown
0103bc28d4b9a39f2ba671a8,G2,1024,valid,4,0,0.012776578087358851,0,not_applicable
015e00c0b44a47b689e2fde4,M1,1024,valid,4,0,0.0023700934483382396,0,not_applicable
019970fb8f5e26366b71c018,L2,1024,valid,4,0,0.0019436152941854409,0,not_applicable
01f57e63430c165785c66553,L1,1024,valid,4,0,0.001983114096397305,0,not_applicable
03da8215e24f299bfaa9d7cf,H2,1024,valid,4,0,0.002312799217175738,0,not_applicable
053bb5a3e5326ae28655de4b,H2,4096,output_failure_unclassified,3,1,0.01408863277161051,0,unknown
0550352d3b9b44bf927a81fd,G1,1024,valid,4,0,0.002827565527524451,0,not_applicable
06333f05021d1e53f79b8027,W1,4096,valid,4,0,0.007979158449456068,0,not_applicable
064414754cdbbe914a6ef369,A1,4096,valid,4,0,0.08745084924873289,4,not_applicable
06c0619e34394f3623139967,G2,1024,valid,4,0,0.012750400395952679,0,not_applicable
0736db92962874a9d28797af,G2,4096,valid,4,0,0.06324392745867533,4,not_applicable
074bf16e4531286fd215b761,M1,1024,valid,4,0,0.002518903541423331,0,not_applicable
087c90cf451f44616ba459fa,W1,4096,valid,4,0,0.007606051059371267,0,not_applicable
09700e8dee18e04a70a368c4,L2,4096,output_failure_unclassified,3,1,0.010313775688363705,0,unknown
0bf1aabe69d22d236137a0da,L1,1024,valid,4,0,0.0022802330396767935,0,not_applicable
0cb80a19377327877481e681,A1,4096,valid,4,0,0.08857451919174644,4,not_applicable
0cbed9499bb3bbfad8b8d5ce,H2,1024,valid,4,0,0.0019621705853581136,0,not_applicable
0d45e2c7d0df685b61b7c0ec,W1,1024,valid,4,0,0.0016577525422605665,0,not_applicable
0dac3a580d6d285e56886d7e,L2,4096,output_failure_unclassified,3,1,0.010177602242072682,0,unknown
0debad124287233dcbced085,G1,4096,output_failure_unclassified,2,2,0.014542827383442905,0,unknown
0e0ab7ef0a2925ce5744daa1,W1,4096,valid,4,0,0.007265811386082104,0,not_applicable
0eee47c84f073b548ba631ae,G1,4096,valid,4,0,0.013004230809022218,0,not_applicable
1026098de039c277f6a3beca,G1,4096,output_failure_unclassified,3,1,0.01225034593245614,0,unknown
10a1734775002b1470e28c00,H1,1024,valid,4,0,0.0005964183424885404,0,not_applicable
117dada9f3d6022a92dfdf6d,G1,1024,valid,4,0,0.002738518669526918,0,not_applicable
11c9aeaf7e368b170053a706,W1,4096,valid,4,0,0.007593951501697662,0,not_applicable
1283cf040ba0a2b14d117390,A1,1024,valid,4,0,0.014012277346307056,0,not_applicable
12b67d8c11b89117e85cacaf,H1,1024,valid,4,0,0.0005751641186131134,0,not_applicable
12f6d8b22b14298f17e796d2,L1,4096,output_failure_unclassified,3,1,0.012484934773618112,0,unknown
13137c72b83eab0f5f19b984,G2,4096,valid,4,0,0.06317815769511831,4,not_applicable
137110bc9e50d2993dc0c21b,H1,1024,valid,4,0,0.0005647012624894023,0,not_applicable
13b91a84e4b11433c1e73b9f,L2,4096,valid,4,0,0.009115772382276205,0,not_applicable
14c098674dea75271bbc449a,H2,1024,valid,4,0,0.002491023483119873,0,not_applicable
14d8300c934d3a9a779ff53f,G1,1024,valid,4,0,0.003067013510050994,0,not_applicable
14f10353d3dd640d59b8893e,G1,1024,valid,4,0,0.0030167582583158136,0,not_applicable
160d5f96dad2c8a697b96224,W1,1024,valid,4,0,0.002086367205265459,0,not_applicable
16159fcbbf68516d022bf98b,L2,4096,output_failure_unclassified,3,1,0.010326606503481002,0,unknown
161961a926f8f4a0f3c82c10,W1,4096,valid,4,0,0.007721196814398154,0,not_applicable
16ab5cdd687e98eb30ebd53a,L2,1024,valid,4,0,0.0018615704610667665,0,not_applicable
16b2959e60a342b018902504,G1,1024,valid,4,0,0.0027152999084355256,0,not_applicable
16bc1edb545bad53bf8d780c,G1,4096,output_failure_unclassified,3,1,0.01398617881567627,0,unknown
16ed2fdfd71caf86193c80d3,M1,4096,output_failure_unclassified,3,1,0.012704894010442433,0,unknown
16fccbd608db2feb478fe736,M1,4096,valid,4,0,0.013250440273385237,0,not_applicable
1712cc22dadd4b51a0500841,L2,1024,valid,4,0,0.0019308888540114665,0,not_applicable
1757c9ba32459047ef8cd128,H1,4096,valid,4,0,0.003345798990387161,0,not_applicable
18735d2f7cc5a22bf924a42b,L2,4096,output_failure_unclassified,3,1,0.010079680929983641,0,unknown
19185a561efcfd3ecc7dd954,L1,1024,valid,4,0,0.0022162008661591507,0,not_applicable
19547e3aef584746623e2f2c,G2,4096,valid,4,0,0.06380741626593936,4,not_applicable
1a888a3b813e30153d7eaf0f,A1,4096,valid,4,0,0.08832787969749117,4,not_applicable
1c9fc5faafe3f6682c6f12f3,M1,1024,valid,4,0,0.0023327810313364533,0,not_applicable
1cdd76ebc7fe926d3a2701c4,G1,4096,output_failure_unclassified,3,1,0.014576745719832564,0,unknown
1d13e0943fc137c14b757ffa,H1,4096,output_failure_unclassified,3,1,0.001882225168613657,0,unknown
1d4f44520c829aeba0eaf29b,H2,1024,valid,4,0,0.0026583923261720753,0,not_applicable
1e6c53538e8c8638a1ad8e2e,G2,4096,valid,4,0,0.08699683096334433,4,not_applicable
1ea404a29b68ddb522d285af,W1,1024,valid,4,0,0.0019934316412350372,0,not_applicable
1f54dc797ebc780738408f97,W1,4096,valid,4,0,0.006657567334383283,0,not_applicable
1f769fba6d087c993f7e12c2,L2,4096,output_failure_unclassified,3,1,0.009683309104903733,0,unknown
206d3af2ee6d2559ef7879b5,L1,1024,valid,4,0,0.0022858130273398494,0,not_applicable
209e4c506a028d67bdcc2d80,W1,4096,valid,4,0,0.007786333765370554,0,not_applicable
20e99370a69d09bd56eaf748,H2,4096,output_failure_unclassified,3,1,0.014588586303022753,0,unknown
223196d58af87e624864888a,M1,4096,output_failure_unclassified,3,1,0.011141841058479261,0,unknown
2266e45ff58fa6bc6e04b3d8,H1,4096,output_failure_unclassified,3,1,0.003138993800548419,0,unknown
231b4b2ef1de33dc9aba3ad3,M1,1024,valid,4,0,0.00238828728733404,0,not_applicable
23dadf8e9893f628f012fc94,M1,4096,valid,4,0,0.012824652979755722,0,not_applicable
23f1f9f96b9c150546b4fe1b,H2,4096,output_failure_unclassified,3,1,0.014351762280827055,0,unknown
2518b3bc5624ab57f7944d8f,L2,4096,output_failure_unclassified,2,2,0.010116739864422544,0,unknown
27d9a57da48f4414655eac1d,L2,1024,valid,4,0,0.0019700713981108575,0,not_applicable
28600b3375f151a2e659d546,H2,1024,valid,4,0,0.0025462628214741826,0,not_applicable
28c5ff22f51382e1df3e262c,W1,1024,valid,4,0,0.0018124491334282492,0,not_applicable
2a6e154af69a1a906bc64d33,M1,4096,output_failure_unclassified,2,2,0.012395140510970912,0,unknown
2be8ac5ed2e66a6d546bdc54,H2,4096,valid,4,0,0.012487287982274865,0,not_applicable
2c83781b7323c9b8da3096fb,L2,4096,output_failure_unclassified,3,1,0.010020363727900605,0,unknown
2d430df54a70ae84f3ac29f9,L2,1024,valid,4,0,0.0019330318060421501,0,not_applicable
2d8b07856ec2dcd4fd144234,H1,1024,valid,4,0,0.0006282637681052792,0,not_applicable
2dfcf0f62901ded896534bab,M1,4096,valid,4,0,0.012283310165394499,0,not_applicable
2e4147752c302ad616f8d85f,M1,4096,output_failure_unclassified,3,1,0.012092238367646986,0,unknown
2f442331b55b0aa79d3a118e,A1,1024,valid,4,0,0.012928771647500434,0,not_applicable
3024eafe5e170fc3a7e69dcc,M1,4096,output_failure_unclassified,3,1,0.012412658385506072,0,unknown
31e2a19d9af5ee2d70f2ecb0,H1,4096,valid,4,0,0.002798092487634167,0,not_applicable
31ff4bcc076489b10b85ecb3,G1,1024,valid,4,0,0.00272735981617728,0,not_applicable
3371e9941dfbb890c2115963,L1,4096,output_failure_unclassified,2,2,0.011749078424071684,0,unknown
341929007fdb51399a166abf,A1,4096,valid,4,0,0.06227833776165877,4,not_applicable
342803fb3ab2cc4fc6be22c9,W1,1024,valid,4,0,0.0018263343930268524,0,not_applicable
34bb9d93af86377adf194178,H2,4096,output_failure_unclassified,3,1,0.013175261460550003,0,unknown
35d44be9e10f38a7c3e3b131,G1,1024,valid,4,0,0.002793115318965232,0,not_applicable
35ec6aaeb9819dfadf10e35d,A1,1024,valid,4,0,0.013026798351047114,0,not_applicable
35f48c8f6751d6cb551e5e71,A1,4096,valid,4,0,0.06446480422461524,4,not_applicable
368ad06a1c5f658a7b7f72c5,H2,1024,valid,4,0,0.0022400659158931403,0,not_applicable
36b751a56e24b1620153762f,A1,4096,valid,4,0,0.06395392503269434,4,not_applicable
370b2cd0a1a536397623d9b7,G2,1024,valid,4,0,0.009267772114854767,0,not_applicable
374b78fe2b977e473bed66f8,G2,4096,valid,4,0,0.0889081349415997,4,not_applicable
374bd3b5799a9416f4e8b6ee,H2,4096,valid,4,0,0.013057865945446582,0,not_applicable
377b28f3fc4b609272ebcf51,L2,4096,output_failure_unclassified,3,1,0.009813913230925701,0,unknown
3786f8df4d34474483f16abb,L1,1024,valid,4,0,0.0024317871687607817,0,not_applicable
38c41b9fa005c04b6874e5f5,A1,4096,valid,4,0,0.08803009282035704,4,not_applicable
38cd1509c403b59f5a501223,A1,1024,valid,4,0,0.012837645917154951,0,not_applicable
3a759dfdf2a6dd48da107f53,H2,1024,valid,4,0,0.0025520810795563367,0,not_applicable
3b8ef28c490877839ecd75a4,W1,4096,valid,4,0,0.007884073928366249,0,not_applicable
3ba78bf763b14d52cd5cd9a6,W1,1024,valid,4,0,0.0019443797279880114,0,not_applicable
3bab6a3d92db85d0286e7ecb,G1,1024,valid,4,0,0.0028240745415387316,0,not_applicable
3bb02a22ee562ed49bea681d,H1,1024,valid,4,0,0.0003247754755720472,0,not_applicable
3cc80990c748b3d86a3241e8,L2,4096,valid,4,0,0.009283257707432999,0,not_applicable
3d67b42eca815446d2d33330,M1,1024,valid,4,0,0.0024105729620608786,0,not_applicable
3d69564281c670709bf03435,W1,4096,valid,4,0,0.006727571930812959,0,not_applicable
3ddb38d1906eff39c87c437f,G2,4096,valid,4,0,0.06730122885555613,4,not_applicable
3e28f2ac6719683e72fd715f,L1,1024,valid,4,0,0.002291477341528193,0,not_applicable
3ededc5513be739de02c4592,L1,4096,valid,4,0,0.01127123816659941,0,not_applicable
401eb01099cfd6a281d3f0ba,A1,1024,valid,4,0,0.014781558693039225,0,not_applicable
40a2a44cbe0cda94bfb03116,L2,4096,output_failure_unclassified,3,1,0.008663407851592506,0,unknown
40c62bf66de50dab27dbc6ef,H2,4096,output_failure_unclassified,3,1,0.012452293291148768,0,unknown
40faee30696a1614fe1b4b01,G2,4096,valid,4,0,0.0673226676302258,4,not_applicable
4256dfbb3aac7a43211885f0,W1,1024,valid,4,0,0.0015609357363071167,0,not_applicable
436c383aeda67b5d6cf75375,G2,4096,valid,4,0,0.06044049143309171,4,not_applicable
439dc78a30628067277a7fcd,L1,4096,output_failure_unclassified,3,1,0.012650538959021799,0,unknown
43a9b75c0d7d7ce7ba68180f,H2,4096,output_failure_unclassified,3,1,0.013309785964930586,0,unknown
4475609027fa26d388f43116,W1,1024,valid,4,0,0.0016495924885764816,0,not_applicable
456aa16e3b1df367ab84d505,L2,1024,valid,4,0,0.001955864575052748,0,not_applicable
45e88ccc406dd8fd4ec13af8,L1,4096,output_failure_unclassified,2,2,0.011117482351696361,0,unknown
464eea15e9cb017897d6bb24,G1,4096,valid,4,0,0.013003023604208566,0,not_applicable
472b902a425ae5575324cd27,A1,1024,valid,4,0,0.014466543990623085,0,not_applicable
47588926f3cddd9f73550c6d,A1,1024,valid,4,0,0.01361774355972392,0,not_applicable
4779949158905e0f8f4ffd0e,M1,4096,output_failure_unclassified,3,1,0.01085961181886186,0,unknown
482194f6a3010f3d1c2de260,M1,4096,output_failure_unclassified,3,1,0.013742365565487313,0,unknown
496666b8a5866544f3341447,G1,4096,output_failure_unclassified,2,2,0.012029492028026759,0,unknown
49e70c9655d7cd51f93cf961,A1,1024,valid,4,0,0.011643856569588686,0,not_applicable
4aac361ee1eda82fe93b7240,L1,1024,valid,4,0,0.0023674313062343084,0,not_applicable
4b2727559f2a820ce76aa3fc,G2,4096,valid,4,0,0.0874027233626394,4,not_applicable
4ba2ef28a24e62b5ab28eec6,M1,1024,valid,4,0,0.0019041089455070315,0,not_applicable
4bd166b10537e7004fcf60b4,H2,4096,output_failure_unclassified,3,1,0.013020506510208656,0,unknown
4c7aa926796595844f7204e9,L1,4096,output_failure_unclassified,3,1,0.011893211649036893,0,unknown
4caa9f6842b1a56225233be4,M1,1024,valid,4,0,0.001989654679256148,0,not_applicable
4d214edce0171e5af78e50fe,M1,4096,output_failure_unclassified,3,1,0.012304621364235258,0,unknown
4d8d30be2e7319ea504f1181,G2,4096,valid,4,0,0.08856662106594157,4,not_applicable
4d977147ee6abeed456c13e3,G1,4096,output_failure_unclassified,3,1,0.015055096677005159,0,unknown
4e3a65f5c91ee2c3b82584c9,A1,4096,valid,4,0,0.08801488920527464,4,not_applicable
4f53db2d2ebb30d5238d3d5b,L2,4096,output_failure_unclassified,3,1,0.009777857942251932,0,unknown
4f6f00b409e52dab795530bd,G2,1024,valid,4,0,0.01571595231248092,0,not_applicable
4f7891157018b441b3acdb7f,L2,4096,output_failure_unclassified,3,1,0.010535754984599415,0,unknown
4fa3ee963816bd0515fc0073,A1,1024,valid,4,0,0.011672462322329023,0,not_applicable
500e3589de1b9e2222ff1e27,M1,1024,valid,4,0,0.0024030261112406863,0,not_applicable
502fb90b5f9c4ce82fb50131,M1,4096,output_failure_unclassified,3,1,0.012476853483061346,0,unknown
5034273258ce45ab363eecb6,L1,4096,output_failure_unclassified,3,1,0.012324643026912505,0,unknown
5098091767360f7458097548,W1,1024,valid,4,0,0.0018839144875810385,0,not_applicable
520f956e276c1c243d302c96,L2,1024,valid,4,0,0.0018981848570657422,0,not_applicable
52747e0890931c5267fc723d,G1,4096,output_failure_unclassified,3,1,0.014606299813586885,0,unknown
52b78d540ea1e363d3cfdca6,H1,4096,valid,4,0,0.0028367622211300527,0,not_applicable
53ae72e126da7b455562f58e,G2,4096,valid,4,0,0.06389075447087482,4,not_applicable
54c7182b10a01a42a61df4a9,L2,1024,valid,4,0,0.001958326416991049,0,not_applicable
562dd2b961df22e5b2f16a07,A1,4096,valid,4,0,0.06775196503762133,4,not_applicable
56e0bdc75465bece1c58adf0,L2,1024,valid,4,0,0.001749606818681743,0,not_applicable
572285b76e67b31c2166da40,W1,4096,valid,4,0,0.007141953409566875,0,not_applicable
57df6855c87841f5cbf75b8a,M1,4096,output_failure_unclassified,3,1,0.011782778916303346,0,unknown
5817883ebe5aa673b51e75b0,G2,1024,valid,4,0,0.013284713972002017,0,not_applicable
5880403f28a58695dd13faa5,L1,4096,valid,4,0,0.01093220237675278,0,not_applicable
59b8065b0d60e0221b256ac9,L1,4096,output_failure_unclassified,3,1,0.012748781153799056,0,unknown
59f3cff1bf4b08b74383a076,H1,4096,valid,4,0,0.0015207364547939737,0,not_applicable
5a2b041d3e4d72c6f8b0eb99,H1,4096,output_failure_unclassified,3,1,0.0047321863285908865,0,unknown
5ac6b876ebb136ff2855aa6f,M1,1024,valid,4,0,0.0021770913297641647,0,not_applicable
5ad429fc632ac1f52939868a,G1,4096,output_failure_unclassified,3,1,0.01419960473785463,0,unknown
5af46f1845e60b9171310f55,H2,1024,valid,4,0,0.0026999189752770743,0,not_applicable
5b32ccd6e891518fdce3753b,L1,4096,output_failure_unclassified,3,1,0.01160120304807392,0,unknown
5c3bfb1380697297cc935dfc,L2,1024,valid,4,0,0.001845662116044242,0,not_applicable
5cd6b0302fbcb50706e07aad,G1,4096,output_failure_unclassified,3,1,0.014908778306805716,0,unknown
5cd819e078c99cf39895b398,M1,4096,output_failure_unclassified,3,1,0.01228944581078897,0,unknown
5d0e3a5e3cff3264b6358eed,G1,4096,output_failure_unclassified,3,1,0.01335334848374316,0,unknown
5d556805633c4f613a45c40f,H1,1024,valid,4,0,0.0005172294051647155,0,not_applicable
5eb39db514ffadf3a52c2d1f,W1,1024,valid,4,0,0.0016893960450840755,0,not_applicable
5ec896cc66e2f693e007ce5b,G2,4096,valid,4,0,0.06308259696866467,4,not_applicable
5ef082478edeb339108c8190,L1,4096,output_failure_unclassified,3,1,0.011690749189525486,0,unknown
60089e19c2233ef72e948c36,G2,4096,valid,4,0,0.08823597042167888,4,not_applicable
609deab5a79a5f53c4f723f4,G1,4096,output_failure_unclassified,2,2,0.015120244604985657,0,unknown
61747f4136043c55181bd256,G2,4096,valid,4,0,0.08708057121175569,4,not_applicable
6181e0c764f4a108a028fc01,L2,1024,valid,4,0,0.0014860029485343584,0,not_applicable
61a292df52e1aa66a2afc978,G2,1024,valid,4,0,0.01107928699698614,0,not_applicable
61f808470c824c04d1364074,W1,4096,valid,4,0,0.008001253804728858,0,not_applicable
62900952acd143ffd32665fd,H1,4096,output_failure_unclassified,3,1,0.0027600985648004598,0,unknown
62b1ac06c284e27e6f310bf6,L1,4096,valid,4,0,0.009053025931490018,0,not_applicable
653c15e1c104d61ded6f6987,A1,4096,valid,4,0,0.08779509799950144,4,not_applicable
658d66880f26c836a6b6e9b5,A1,1024,valid,4,0,0.013008408884215875,0,not_applicable
6681e5d23850c2ee04ab44f3,G2,1024,valid,4,0,0.012977234233403908,0,not_applicable
669050a18a02a5fd9a41f0a9,W1,4096,valid,4,0,0.0070549444359646486,0,not_applicable
6826978ec18c47bdffee955d,H2,4096,output_failure_unclassified,3,1,0.01257786377711317,0,unknown
6940fd508dcad2bc9826ced2,W1,4096,valid,4,0,0.006713002448853719,0,not_applicable
6ae78b1ec1897fe3d4db06ad,G2,4096,valid,4,0,0.08833490586773038,4,not_applicable
6af181f2628b5e5a036f4425,G1,1024,valid,4,0,0.0025305171013118534,0,not_applicable
6b1b577555f47ccf81518c83,H1,4096,output_failure_unclassified,3,1,0.003540325126984635,0,unknown
6b386470ec1ce624b0faef15,G1,1024,valid,4,0,0.002748680848003041,0,not_applicable
6c11cacf728c1d910974a426,A1,4096,valid,4,0,0.0676138720701646,4,not_applicable
6c861183248461bfea755a8c,L2,1024,valid,4,0,0.001869707715584396,0,not_applicable
6d14565aafdc00f4e61275b8,A1,4096,valid,4,0,0.06852703328353184,4,not_applicable
6db35a2275ac81f9317312c0,G1,4096,output_failure_unclassified,3,1,0.015018637145501293,0,unknown
6dc87e6e8e83e8724712bc41,H2,4096,output_failure_unclassified,3,1,0.013139204381737405,0,unknown
6dce102953c9291569e5a897,A1,4096,valid,4,0,0.08624698406548789,4,not_applicable
6eccb3b6a5acbf98380d7c91,H1,1024,valid,4,0,0.000771861653612786,0,not_applicable
702a4299139da8c530e4b75b,G1,1024,valid,4,0,0.0027392191748287853,0,not_applicable
703d9ed46d74f9c6a960ec15,L2,1024,valid,4,0,0.0018827517747881464,0,not_applicable
7060f8c1c5378e364519c745,M1,1024,valid,4,0,0.002315436858736225,0,not_applicable
70b08d01b24b6b7c7da08907,M1,4096,output_failure_unclassified,2,2,0.013054889358033749,0,unknown
71b168bcc66a0a1454c3c720,L2,4096,output_failure_unclassified,3,1,0.009614179414340594,0,unknown
71cf34f3ff772cbe83fc3c1b,L1,4096,output_failure_unclassified,3,1,0.010568614067017763,0,unknown
7315244747dd33d0698372c8,H2,1024,valid,4,0,0.002394404991565823,0,not_applicable
74b0900615c8050abf4f210a,L2,4096,valid,4,0,0.009638581959950777,0,not_applicable
74f22c34bf2617516d287b52,W1,1024,valid,4,0,0.001724944387687064,0,not_applicable
74fa16acfa80e50e106259d3,H2,1024,valid,4,0,0.0025541181989739937,0,not_applicable
74fa9802fcc80ee6e312064c,G1,1024,valid,4,0,0.002071520343935651,0,not_applicable
76a6c08db4c3f5f88c2d4c75,L2,1024,valid,4,0,0.0018659770789375843,0,not_applicable
770c059f595de085161bf385,H2,4096,valid,4,0,0.014056043718965579,0,not_applicable
787e48f248295b385c700267,H2,4096,output_failure_unclassified,3,1,0.013173390207594365,0,unknown
7921644a2e91d377320a3e66,H1,1024,valid,4,0,0.0004517864657010844,0,not_applicable
7a90b3e9af776a3a9a6db14e,L2,4096,output_failure_unclassified,3,1,0.01015996644791087,0,unknown
7aa2ee96c6b2b2b3a42fc75c,L2,1024,valid,4,0,0.0020569300758213616,0,not_applicable
7ae312e3e43a8d8dad989b45,L2,1024,valid,4,0,0.0020600702957212897,0,not_applicable
7afbe6913ff98af71d6fefce,W1,4096,valid,4,0,0.008340376313115938,0,not_applicable
7c0c7a5ca9cf8661e0bbe3d2,W1,1024,valid,4,0,0.0016847136307366322,0,not_applicable
7c1ffa636531222ce3f98b33,M1,4096,output_failure_unclassified,3,1,0.012345591153949521,0,unknown
7ce3db5f085541f88b884c86,G2,1024,valid,4,0,0.013494509929773494,0,not_applicable
7d79e9f872e167684ddc657f,L1,4096,output_failure_unclassified,3,1,0.01106263922770219,0,unknown
7d7e8d81e7e9bdd338388909,H1,1024,valid,4,0,0.00044696211262651854,0,not_applicable
7f0093ca62fe76fa952ce827,G2,4096,valid,4,0,0.06326448808714656,4,not_applicable
7f7ea7485c1f5ba89600585e,L2,1024,valid,4,0,0.0019110857050421387,0,not_applicable
80cae7e258cecea24a965a82,H2,1024,valid,4,0,0.0025795180552575653,0,not_applicable
81277dfef9b5bf6b99be7375,A1,1024,valid,4,0,0.012734910315003543,0,not_applicable
81911106af6293e8062c8e7e,H1,1024,valid,4,0,0.0007271919319177823,0,not_applicable
84bc0b1236e654a832a74bbd,A1,4096,valid,4,0,0.06324965954669501,4,not_applicable
851ba9a20f122992c8ff1e38,L2,1024,valid,4,0,0.0018951332456469186,0,not_applicable
86fad20fb90fd06766825e84,M1,4096,output_failure_unclassified,3,1,0.010924272233552513,0,unknown
8773ffe5ce0d82122b034fd4,L1,4096,valid,4,0,0.012594971642433665,0,not_applicable
881f129c233847d0438eec0d,M1,1024,valid,4,0,0.002431362869047181,0,not_applicable
88f1e77a49b3ae0071030caf,H1,4096,output_failure_unclassified,3,1,0.004345688049876453,0,unknown
898afd50aae2facc78b06c6f,W1,1024,valid,4,0,0.0016241358200618041,0,not_applicable
89c325f8460eaa4d27394c34,G2,1024,valid,4,0,0.01430094386779706,0,not_applicable
89f7537f0e1ed8789a6790aa,A1,1024,valid,4,0,0.01270000806247765,0,not_applicable
8a40b75ad24cf28b4193a6ed,H1,1024,valid,4,0,0.000491318456111636,0,not_applicable
8a69bf9c9facb65f455b74eb,H2,1024,valid,4,0,0.0027080534070349927,0,not_applicable
8b9233918258fd15cb0bd300,M1,4096,output_failure_unclassified,3,1,0.012485485299690027,0,unknown
8b9d1677da0420a25ad4a170,L1,1024,valid,4,0,0.0022783697721637745,0,not_applicable
8bab25d9f9f13848e20ab590,H1,4096,valid,4,0,0.004746830454112352,0,not_applicable
8c30d20fa922b145d98d5416,L1,1024,valid,4,0,0.002166718508319147,0,not_applicable
8c547b80d3abe95a44983452,G1,1024,valid,4,0,0.0028652445044403097,0,not_applicable
8dd33eacf835eedbd232559a,G2,1024,valid,4,0,0.013689722486012478,0,not_applicable
8e5f76732b423c0870c3c490,W1,4096,valid,4,0,0.00827027579359155,0,not_applicable
8f6055ef2acaa13bd1ea86fd,A1,4096,valid,4,0,0.08750803379699235,4,not_applicable
9009c9b9a931bb33b177e432,G2,4096,valid,4,0,0.06315397096203647,4,not_applicable
90b0af3e35ee0ae0e1557e6f,A1,4096,valid,4,0,0.08854922267570725,4,not_applicable
9161836b53aeafa28685bcb0,H1,1024,valid,4,0,0.0006477103112470424,0,not_applicable
91dd73ce6adeb4211372eebd,L1,1024,valid,4,0,0.0020802974047229284,0,not_applicable
9233bbb38d736e6cf1549272,W1,4096,valid,4,0,0.008324551365977727,0,not_applicable
925298923d67a75acbae67b3,G2,4096,valid,4,0,0.08663221455264605,4,not_applicable
926584e2b88d2a6ae5294df7,M1,1024,valid,4,0,0.00228789957605188,0,not_applicable
930f36cb3ce693851428fe79,W1,4096,valid,4,0,0.007358119175901796,0,not_applicable
9374f14aee7c08df2a63a20b,A1,1024,valid,4,0,0.01310297121098164,0,not_applicable
9384dbd929b29d9013dddcbb,G1,4096,valid,4,0,0.01559950371777414,0,not_applicable
93b84943f4f108cece4217e5,H1,1024,valid,4,0,0.0007537874659119522,0,not_applicable
965303921f75f4c15597700d,W1,4096,valid,4,0,0.007282433681568424,0,not_applicable
99e1ebdd41141683baaaf0a1,W1,4096,valid,4,0,0.008359890557810088,0,not_applicable
9a4868fa6a9c76fb1966f3b5,W1,1024,valid,4,0,0.0019033130997087916,0,not_applicable
9a8717bd98d897ef388fa99c,M1,4096,output_failure_unclassified,3,1,0.012765384190480471,0,unknown
9cdb2733900e1eb7fe55950a,W1,1024,valid,4,0,0.002065985574990424,0,not_applicable
9e0675d99093da50602f30b8,H2,4096,output_failure_unclassified,3,1,0.013528532909999082,0,unknown
9fc8e7056902bb63a13795ac,H1,1024,valid,4,0,0.0006982639378276382,0,not_applicable
9fe7eba628f84bd00caa1b76,A1,4096,valid,4,0,0.06296419311008356,4,not_applicable
a00729a9eaf36877979e1dad,H1,1024,valid,4,0,0.0006382543396992151,0,not_applicable
a0a573176d8aec5f878174dc,A1,1024,valid,4,0,0.015105794975221336,0,not_applicable
a1049de98c94c70ba53ceace,H1,4096,output_failure_unclassified,3,1,0.0041359040348886485,0,unknown
a136ac88c2ae6af908f43fbe,G2,4096,valid,4,0,0.08643750973123895,4,not_applicable
a136ee05fb0705cf7ddc7750,L1,4096,output_failure_unclassified,3,1,0.011640708002353346,0,unknown
a24ed0039f2fc69241a402f9,H1,1024,valid,4,0,0.0007092314030156962,0,not_applicable
a27c5aa96887eee07de456b7,W1,1024,valid,4,0,0.0016502751180902844,0,not_applicable
a28366ce7dc3de8f3f923c35,L2,4096,output_failure_unclassified,3,1,0.009812767488748077,0,unknown
a2bb3e74a7a30edcd7ee6e64,H2,4096,output_failure_unclassified,3,1,0.014158937714524873,0,unknown
a37c7f8f26ada2830b8823e2,H1,4096,output_failure_unclassified,3,1,0.004612238681558734,0,unknown
a58db74cc20fe8646a16c53a,W1,1024,valid,4,0,0.0016156507692855157,0,not_applicable
a5c7a50c7858eaca0cc0e5e8,H2,1024,valid,4,0,0.0022335152692324525,0,not_applicable
a7ba24c1e90a17c8a8bcf63f,H1,4096,output_failure_unclassified,3,1,0.0026840438782231436,0,unknown
a876ad163ab4e64162351f32,L1,1024,valid,4,0,0.0023738264672611134,0,not_applicable
a90a836029da7b303283c876,A1,1024,valid,4,0,0.012729039173268113,0,not_applicable
aa687898486ba5aaeb340a6e,W1,1024,valid,4,0,0.0016422901766687849,0,not_applicable
aadcceb1f4ddd158bcc9eaf0,H1,4096,output_failure_unclassified,3,1,0.003119366844910016,0,unknown
ab10f348223070d5a62902b5,H1,4096,output_failure_unclassified,3,1,0.003103961254298526,0,unknown
ab1feb09f30d0fe899eda20a,W1,1024,valid,4,0,0.0021339495094870077,0,not_applicable
ab4c4ada2cb6cdcd6c6a7298,M1,1024,valid,4,0,0.0022750914171038522,0,not_applicable
ab4fe106a05083cbce1c3dc5,G1,1024,valid,4,0,0.002805356662643219,0,not_applicable
ac2355f1052f80c43d5244e7,H2,4096,valid,4,0,0.012684399675299798,0,not_applicable
ad40ac665cae9beb4eabc87d,W1,1024,valid,4,0,0.0015168715469644485,0,not_applicable
adc08289e92fae4035785ad5,H2,4096,valid,4,0,0.012912908848518829,0,not_applicable
aec285d7373a597b73a58377,L1,1024,valid,4,0,0.0020271639044154785,0,not_applicable
af0497d1a5cc423ac5fc33b6,G1,1024,valid,4,0,0.002565003558883027,0,not_applicable
afd9686e6b34aca49d826b7d,L1,1024,valid,4,0,0.0021955995716552838,0,not_applicable
afebebacf5fe31c35444ae40,L2,4096,output_failure_unclassified,3,1,0.009687147472460465,0,unknown
b095116902e0b8fae27f8730,A1,1024,valid,4,0,0.012667445818589031,0,not_applicable
b1ecbb3cc847e5ba989ecee9,G1,4096,valid,4,0,0.013144769279784467,0,not_applicable
b3273a0fd7f9a9af9291d727,H2,1024,valid,4,0,0.002555679300955965,0,not_applicable
b3de451b4ae73d979080ff90,A1,4096,valid,4,0,0.06339465037873002,4,not_applicable
b3e423bd9a5965b4d16de7d1,H1,1024,valid,4,0,0.0005659697672399865,0,not_applicable
b4d0b2b222d2bf5911497be6,W1,1024,valid,4,0,0.002044658909857961,0,not_applicable
b4ffe694d8d0b5989d80e2bb,L2,4096,valid,4,0,0.008644648964492931,0,not_applicable
b5dae2f9d0c297dcbf69b4ff,G2,1024,valid,4,0,0.013756810042288226,0,not_applicable
b657b10d5ba0cd23f4f810c7,L2,4096,output_failure_unclassified,3,1,0.010608432105303338,0,unknown
b6c560027b5e51e8a32fb9e5,L1,4096,output_failure_unclassified,3,1,0.011624693181577857,0,unknown
b71f3ecc4cd4604ddc0d427b,G1,1024,valid,4,0,0.002772498429049218,0,not_applicable
b8078bb38f77b76792fd84da,W1,1024,valid,4,0,0.0016700221910084074,0,not_applicable
b83e6512c0c053bad74a3852,L2,4096,output_failure_unclassified,3,1,0.009682830446750581,0,unknown
b87c3162ba22ddc920e621de,H2,4096,output_failure_unclassified,3,1,0.015688236435721536,0,unknown
b97729bb12d0a0dbf578921f,G2,1024,valid,4,0,0.012423719335299356,0,not_applicable
b9cbd642a8c4b1507d0794a8,W1,1024,valid,4,0,0.0016636829297081792,0,not_applicable
bd1a6986fcf893f37e97a2a6,L1,1024,valid,4,0,0.0021744004333771787,0,not_applicable
bd7261af6dd898693cebb091,H2,1024,valid,4,0,0.0026965271330331485,0,not_applicable
be0fd3c1512b7a2a6d0a4b5d,L1,4096,output_failure_unclassified,3,1,0.01100161035201782,0,unknown
bf76259dda115b26d5bb9f09,H1,4096,valid,4,0,0.0022052588685793927,0,not_applicable
bfe4c0f9245158687e2de2dd,H1,4096,output_failure_unclassified,3,1,0.00494785224913632,0,unknown
c07a791a6ccea440caf436ba,H1,4096,valid,4,0,0.00265330082344547,0,not_applicable
c0e681c7b1464b67c4f8393c,H2,4096,output_failure_unclassified,3,1,0.012850524488433813,0,unknown
c26649ae5823c7e1d92c6d67,G1,4096,valid,4,0,0.012833841055887522,0,not_applicable
c270560b1a8a0c2444b9e9f5,G1,4096,valid,4,0,0.011305983035664685,0,not_applicable
c3143efd14493f40523d92a1,L2,4096,valid,4,0,0.009589094108590268,0,not_applicable
c444e4492e1b54d3260273f3,G1,4096,output_failure_unclassified,3,1,0.015009995011286435,0,unknown
c49d3511d676923de7b1d64c,W1,4096,valid,4,0,0.007256430953288828,0,not_applicable
c514b11820c25f981b7353a3,G1,1024,valid,4,0,0.002737449887950107,0,not_applicable
c57121385d7f2b48d1f2ebda,G2,1024,valid,4,0,0.013230570252050926,0,not_applicable
c615ca1c654bed6407e3d3d2,G1,1024,valid,4,0,0.0027429724129276064,0,not_applicable
c74611c22d208d3bcbd47af5,G2,4096,valid,4,0,0.08764022620378709,4,not_applicable
c7bfe0223ab4d9f254f1abde,L1,4096,output_failure_unclassified,3,1,0.012316186075438995,0,unknown
c84196be12ade5e35202bc38,G2,1024,valid,4,0,0.013074315659887818,0,not_applicable
c8d8d8dec7bab9f5e9c74642,G2,1024,valid,4,0,0.012518156100214919,0,not_applicable
cb69e5cd45d665e7b04bb95b,L1,1024,valid,4,0,0.002344853022908564,0,not_applicable
cbe1e119d63775a732099418,A1,4096,valid,4,0,0.0879134762152102,4,not_applicable
cc01b1d00855cfe1a16d955c,G1,1024,valid,4,0,0.002676903864623688,0,not_applicable
cc24bfe6ad3d586d6fd1e0e6,L1,4096,valid,4,0,0.010180786044309437,0,not_applicable
cc8933e1a40617a1e359d544,W1,1024,valid,4,0,0.0019064503307757443,0,not_applicable
ccb7caa505286acab31d3224,G2,4096,valid,4,0,0.08846791711124284,4,not_applicable
ccebfda3a576267da26910ee,G1,4096,valid,4,0,0.015739886809859122,0,not_applicable
cd76896d1e4c06162f1644fa,M1,4096,output_failure_unclassified,3,1,0.011794761277966043,0,unknown
ce78cd683fec6faf27c77672,W1,4096,valid,4,0,0.0092528064068926,0,not_applicable
cedb01af9cf2d9d562641b40,M1,4096,output_failure_unclassified,3,1,0.012808094584280815,0,unknown
cef8d14cbb49f7a5eb80a45c,L2,4096,valid,4,0,0.010164957364199423,0,not_applicable
cf6c60fec66b4345df9d2440,W1,4096,valid,4,0,0.008134707726976536,0,not_applicable
cffd5b31e3f05f3afc2aa399,L1,1024,valid,4,0,0.0023518441516944487,0,not_applicable
d02b50825ed1d8670a7b88c6,G1,4096,output_failure_unclassified,2,2,0.014040995487895912,0,unknown
d094754e8e3d0bce856aca74,G1,1024,valid,4,0,0.002734730391638353,0,not_applicable
d0f4b3b19812a3058eeeadbf,L2,1024,valid,4,0,0.0018071184750640755,0,not_applicable
d1307bb0d261e6373958d204,L2,1024,valid,4,0,0.001961327658392444,0,not_applicable
d135c35c6384a62b6d631b64,L1,1024,valid,4,0,0.0021638365443742637,0,not_applicable
d1932e9ff13cb3f560b32b4d,G2,4096,valid,4,0,0.08932817160356885,4,not_applicable
d1f9a01a3aa96c5c16e3b428,H1,4096,output_failure_unclassified,3,1,0.003807591468479116,0,unknown
d25f14e3c8cdf097fe648f3f,M1,1024,valid,4,0,0.0023105581589126043,0,not_applicable
d2818d3aeee27e3179eb0004,H1,4096,valid,4,0,0.0038607498142476044,0,not_applicable
d2c10214dc04634703736531,G2,4096,valid,4,0,0.08782695427058412,4,not_applicable
d3ae548d97419520f1d1ce99,H2,1024,valid,4,0,0.002622426816544162,0,not_applicable
d3b593e6bd54558bb54132f6,H2,4096,output_failure_unclassified,3,1,0.011318702761413111,0,unknown
d42dae4950756fb0de84a826,L1,1024,valid,4,0,0.002130709343540769,0,not_applicable
d42fc683ec2b6b9cd3e7c7c4,M1,1024,valid,4,0,0.002010219862389867,0,not_applicable
d570da876ff276a651dbc11a,A1,4096,valid,4,0,0.06357548454610981,4,not_applicable
d5a9cf6a9c76310134edcf28,M1,1024,valid,4,0,0.002448753715126495,0,not_applicable
d65ab7e78de56284cf7cc8dc,W1,4096,valid,4,0,0.007934991199872331,0,not_applicable
d6fa08bc88d5cf744f33aa16,H1,1024,valid,4,0,0.0004295927479600202,0,not_applicable
d80a5c26cbd8d020272a4283,L1,1024,valid,4,0,0.00240595897906023,0,not_applicable
d8d1ba5aad5acd6668627f38,G1,1024,valid,4,0,0.002795199928790465,0,not_applicable
d914139560ee2fa0ad3040e0,G2,1024,valid,4,0,0.013344971192470148,0,not_applicable
d9aad6be8fad594ffd13e2ae,L1,4096,output_failure_unclassified,3,1,0.012245166058046507,0,unknown
dab45be46e71da9cb3d42f6b,H1,4096,valid,4,0,0.004207522888197167,0,not_applicable
db406009fb5f665d32f50c1f,M1,1024,valid,4,0,0.0021677339986769873,0,not_applicable
db80a8b1087e57d25ec440bd,H2,1024,valid,4,0,0.0025481634114166195,0,not_applicable
dbac34ebc04a6791cdcd30b4,M1,4096,valid,4,0,0.01156416650864182,0,not_applicable
dc289ac238c6991224cbdbe7,H2,1024,valid,4,0,0.002588510314093322,0,not_applicable
dc401e57da5250bd878e7762,G2,1024,valid,4,0,0.012859392739151217,0,not_applicable
de13dfbfbc5f2e5c860c0503,H2,4096,valid,4,0,0.011889401772349109,0,not_applicable
df0f9b15028ee1537f0001aa,H1,1024,valid,4,0,0.0006880797719282915,0,not_applicable
df45c165dc6000493ec6be32,A1,1024,valid,4,0,0.013115247855089655,0,not_applicable
e02b1fe52b6235a8200ac53d,M1,1024,valid,4,0,0.0025216200022891164,0,not_applicable
e0cb4e02bc3dba47d6389d98,G1,4096,output_failure_unclassified,2,2,0.014364552039214332,0,unknown
e0f265a724da46f9094c29c7,L1,4096,output_failure_unclassified,3,1,0.011528933102686472,0,unknown
e263b4c939bcd81a24978d96,A1,1024,valid,4,0,0.011359525393569877,0,not_applicable
e2d73da9b9812badc2c6372c,G2,1024,valid,4,0,0.014231391851439016,0,not_applicable
e2f5fc28eea7b539c0e19028,L2,1024,valid,4,0,0.0019443284427056434,0,not_applicable
e44161fdcc8f65f5579b3917,L1,1024,valid,4,0,0.0022491972726162816,0,not_applicable
e4718529558515efe274f753,M1,1024,valid,4,0,0.00244596906886796,0,not_applicable
e4bcbdcfb5ba01e2e8ad43e0,H2,1024,valid,4,0,0.002373592080010604,0,not_applicable
e57e135b6dbe505b1157cfcf,L1,1024,valid,4,0,0.0022119311503128137,0,not_applicable
e5893aa13c7642ffb68e60f2,L2,4096,output_failure_unclassified,3,1,0.01038973018328381,0,unknown
e5b078700676756525767cdd,G2,1024,valid,4,0,0.014010021163167248,0,not_applicable
e82d2b7426e38f7f1542621d,L1,1024,valid,4,0,0.002225327365190136,0,not_applicable
e83f329611d5b3237887192c,M1,1024,valid,4,0,0.0024245665663150525,0,not_applicable
e90c8670a5d313a58d0aae4b,M1,1024,valid,4,0,0.002401781599290628,0,not_applicable
e962f12a57f1a246b2942666,H2,4096,output_failure_unclassified,3,1,0.012209766696530157,0,unknown
ea073e182b40095bf46f2d67,L1,1024,valid,4,0,0.00224308198458859,0,not_applicable
ea2c80626ac8c5eb6ddd48ad,H1,4096,output_failure_unclassified,3,1,0.005132125530732725,0,unknown
ea6bb6f413a3ad5c9a1a0206,M1,1024,valid,4,0,0.002415172057862668,0,not_applicable
ec2df5e2e7fa379e10de2551,L2,1024,valid,4,0,0.001777092952188848,0,not_applicable
ed352cc1aeeb1808760d0083,G1,1024,valid,4,0,0.0029128279783299962,0,not_applicable
ed6c492582bb059fdbcdd1c1,G1,4096,output_failure_unclassified,3,1,0.014345939713052246,0,unknown
ed9af743044ec71ccc40190e,A1,4096,valid,4,0,0.08747191729454808,4,not_applicable
eddb9d294fac27a781812b24,H2,1024,valid,4,0,0.0025198675675518097,0,not_applicable
ee4f6506ac776a8ffbacbfd8,G2,1024,valid,4,0,0.011994584219777144,0,not_applicable
ef3a8fd89468d839d421f843,M1,4096,output_failure_unclassified,3,1,0.011930020852869592,0,unknown
f01db79435d3d5de7b4b63dd,G2,1024,valid,4,0,0.013049803062194484,0,not_applicable
f0d5ee8390dd2ec5cc05b7b1,H2,1024,valid,4,0,0.0025132580122147904,0,not_applicable
f157415e5697c8fab83704ff,A1,1024,valid,4,0,0.013706116925418357,0,not_applicable
f3975b7643fcf620672aa847,H1,1024,valid,4,0,0.0006106591355081554,0,not_applicable
f3a37b747527172cc8f6663c,A1,1024,valid,4,0,0.013956523394747001,0,not_applicable
f3ad6638045f666fc1054957,G2,4096,valid,4,0,0.08747365372751725,4,not_applicable
f400c9cf6c600bf5d14bf0b1,A1,1024,valid,4,0,0.012689233433845409,0,not_applicable
f41dc99253840eff927801c0,L2,1024,valid,4,0,0.0019349892028716453,0,not_applicable
f61a66fffd7838d4e10285c7,L2,1024,valid,4,0,0.0018029497748988546,0,not_applicable
f65b681f5424c869df39f100,G1,1024,valid,4,0,0.0027011550199717398,0,not_applicable
f70ad2548e91278de040ec90,H2,1024,valid,4,0,0.0025627057850293846,0,not_applicable
f7943964af0bde9b18a9a461,H2,4096,output_failure_unclassified,3,1,0.012558261501952089,0,unknown
f7b85c4c1b2c835d2f99f8e9,H2,1024,valid,4,0,0.0025876279516545775,0,not_applicable
f83d5f51deec5b43aeba7a0b,G2,1024,valid,4,0,0.013811432171659747,0,not_applicable
f85b1ee45b828d9ffa0067f3,H1,1024,valid,4,0,0.0005105489110667218,0,not_applicable
f88f50147788ad114ec70408,H1,1024,valid,4,0,0.0005522238594432532,0,not_applicable
f8e0257558ae24d3a95a9e3c,M1,1024,valid,4,0,0.0023382620250945044,0,not_applicable
f95d33fb6e056a022011cdb0,A1,1024,valid,4,0,0.013281866868076765,0,not_applicable
f994da7a8220d21cdaf5d242,H1,1024,valid,4,0,0.0004834832698926054,0,not_applicable
fa32622de4511e95288eb1ee,A1,4096,valid,4,0,0.06323227116322377,4,not_applicable
fa56b80a057829cfb87351aa,H2,4096,valid,4,0,0.013685973743075987,0,not_applicable
fae2f05d16fb1be4084f82c7,G1,1024,valid,4,0,0.0029453718578580663,0,not_applicable
fae4b2b5aed14c55e904d892,L1,1024,valid,4,0,0.0022315859030233027,0,not_applicable
fb4c10eacd0b6ff3cc217b28,A1,4096,valid,4,0,0.08821728062376819,4,not_applicable
fb5166e6db9b1d52cd1ca481,L1,4096,valid,4,0,0.01293356093371328,0,not_applicable
fbb84b103e5f36c2f0a4ac42,A1,1024,valid,4,0,0.012553599967765217,0,not_applicable
fc03c8d600fdbc727d966458,H1,4096,output_failure_unclassified,3,1,0.004392342701936714,0,unknown
fc8cf5c25991f6f6c2c3a023,L1,4096,output_failure_unclassified,3,1,0.011508721272222066,0,unknown
fcbe3d745c48f10563d2c1ab,A1,4096,valid,4,0,0.06347463191778975,4,not_applicable
fd1c2053696ba369ccc03b12,H2,1024,valid,4,0,0.0022846590100472925,0,not_applicable
fdef5979af8a87ad79ae5e9d,G2,1024,valid,4,0,0.01553519760789149,0,not_applicable
fe910476a8223b85eee7d00e,M1,1024,valid,4,0,0.002277972853045488,0,not_applicable
fef5d31a42dcbd563c9127be,H1,1024,valid,4,0,0.00033285061634696336,0,not_applicable
ff11369581336b77289b2c1b,M1,4096,output_failure_unclassified,3,1,0.012424526352122937,0,unknown
ff5641e0c6cad7898d7cd1e5,G2,1024,valid,4,0,0.012285430111767037,0,not_applicable
ffb32e353edca755fbb2c45d,W1,4096,valid,4,0,0.008061658979392806,0,not_applicable
ffd521d0b148b67e42e91276,A1,1024,valid,4,0,0.01338203677614214,0,not_applicable
