id,phase,model,workers,legacy_diagnostics,status,original_task,original_outcome,seconds,max_sampled_tree_rss_bytes,kernel_peak_job_commit_bytes,memory_limit_messages,posterior_samples_eligible
diagnostic-G1-legacy-w1,diagnostic,G1,1,,completed,,,2.1817665999988094,921427968,1419767808,0,False
diagnostic-G1-legacy-w4,diagnostic,G1,4,,completed,,,2.0385168999928283,3522727936,5599072256,0,False
diagnostic-G1-modern-w1,diagnostic,G1,1,,completed,,,0.8914634999964619,217632768,214732800,0,False
diagnostic-G2-legacy-w1,diagnostic,G2,1,,completed,,,5.521144199999981,3056091136,3577769984,0,False
diagnostic-G2-legacy-w4,diagnostic,G2,4,,failed,,,2.331180299996049,9502576640,12482658304,0,False
diagnostic-G2-modern-w1,diagnostic,G2,1,,completed,,,1.7968014999933075,254246912,246013952,0,False
diagnostic-W1-legacy-w1,diagnostic,W1,1,,completed,,,1.9742870000045514,722247680,1217708032,0,False
diagnostic-W1-legacy-w4,diagnostic,W1,4,,completed,,,1.8244915999966906,2745462784,4791468032,0,False
diagnostic-W1-modern-w1,diagnostic,W1,1,,completed,,,0.6796317000116687,159657984,185974784,0,False
qualification-r0-w1-d1,qualification,Q2,1,True,completed,,,3.748162100004265,1119944704,1946664960,0,False
qualification-r0-w4-d1,qualification,Q2,4,True,completed,,,3.4591655999975046,2867884032,5022412800,0,False
qualification-r0-w1-d0,qualification,Q2,1,False,completed,,,3.5731382999947527,1119002624,1946640384,0,False
qualification-r0-w4-d0,qualification,Q2,4,False,completed,,,3.296295000007376,2863923200,5022425088,0,False
main-G2-w1-d1,main,G2,1,True,completed,ccb7caa505286acab31d3224,valid,44.8136697000009,3584176128,4558041088,0,False
main-G2-w4-d1,main,G2,4,True,failed,ccb7caa505286acab31d3224,valid,11.940285899996525,10190118912,12923604992,2,False
main-G2-w1-d0,main,G2,1,False,completed,ccb7caa505286acab31d3224,valid,40.84254560001136,1163624448,2010112000,0,False
main-G2-w4-d0,main,G2,4,False,completed,ccb7caa505286acab31d3224,valid,13.432218200003263,3004366848,5150023680,0,False
main-A1-w4-d1,main,A1,4,True,failed,cbe1e119d63775a732099418,valid,11.996710500010522,8530022400,13529350144,1,False
main-A1-w1-d0,main,A1,1,False,completed,cbe1e119d63775a732099418,valid,40.96212109999033,1166831616,2012835840,0,False
main-A1-w4-d0,main,A1,4,False,completed,cbe1e119d63775a732099418,valid,13.27280290001363,2992939008,5148176384,0,False
main-A1-w1-d1,main,A1,1,True,completed,cbe1e119d63775a732099418,valid,44.60314500000095,3583262720,4556128256,0,False
main-L1-w1-d0,main,L1,1,False,completed,fc8cf5c25991f6f6c2c3a023,output_failure_unclassified,41.13054199999897,1136218112,1965821952,0,False
main-L1-w4-d0,main,L1,4,False,completed,fc8cf5c25991f6f6c2c3a023,output_failure_unclassified,13.663808400000562,2904670208,5071212544,0,False
main-L1-w1-d1,main,L1,1,True,completed,fc8cf5c25991f6f6c2c3a023,output_failure_unclassified,41.98608519999834,1473335296,2372419584,0,False
main-L1-w4-d1,main,L1,4,True,completed,fc8cf5c25991f6f6c2c3a023,output_failure_unclassified,13.759849599999143,4263161856,6697332736,0,False
main-H2-w4-d0,main,H2,4,False,completed,4bd166b10537e7004fcf60b4,output_failure_unclassified,12.742384899989702,2913927168,4946370560,0,False
main-H2-w1-d1,main,H2,1,True,completed,4bd166b10537e7004fcf60b4,output_failure_unclassified,39.348579500001506,1510170624,2404913152,0,False
main-H2-w4-d1,main,H2,4,True,completed,4bd166b10537e7004fcf60b4,output_failure_unclassified,13.013075499999104,4415307776,6832177152,0,False
main-H2-w1-d0,main,H2,1,False,completed,4bd166b10537e7004fcf60b4,output_failure_unclassified,39.693078099997365,1134931968,1934319616,0,False
main-L2-w1-d1,main,L2,1,True,completed,2c83781b7323c9b8da3096fb,output_failure_unclassified,47.344789599999785,1488052224,2389487616,0,False
main-L2-w4-d1,main,L2,4,True,completed,2c83781b7323c9b8da3096fb,output_failure_unclassified,14.625369399989722,4263936000,6715539456,0,False
main-L2-w1-d0,main,L2,1,False,completed,2c83781b7323c9b8da3096fb,output_failure_unclassified,46.57548080000561,1151385600,1980932096,0,False
main-L2-w4-d0,main,L2,4,False,completed,2c83781b7323c9b8da3096fb,output_failure_unclassified,14.894210799990105,2931957760,5087899648,0,False
main-G1-w4-d1,main,G1,4,True,completed,16bc1edb545bad53bf8d780c,output_failure_unclassified,11.716860700005782,4264718336,6695190528,0,False
main-G1-w1-d0,main,G1,1,False,completed,16bc1edb545bad53bf8d780c,output_failure_unclassified,34.90799130000232,1133723648,1963220992,0,False
main-G1-w4-d0,main,G1,4,False,completed,16bc1edb545bad53bf8d780c,output_failure_unclassified,11.86905530000513,2912862208,5069684736,0,False
main-G1-w1-d1,main,G1,1,True,completed,16bc1edb545bad53bf8d780c,output_failure_unclassified,35.95011940000404,1471561728,2369908736,0,False
main-W1-w1-d0,main,W1,1,False,completed,d65ab7e78de56284cf7cc8dc,valid,27.41125259999535,1130590208,1928019968,0,False
main-W1-w4-d0,main,W1,4,False,completed,d65ab7e78de56284cf7cc8dc,valid,10.088564999998198,2890756096,5050781696,0,False
main-W1-w1-d1,main,W1,1,True,completed,d65ab7e78de56284cf7cc8dc,valid,26.80421099999512,1272262656,2170179584,0,False
main-W1-w4-d1,main,W1,4,True,completed,d65ab7e78de56284cf7cc8dc,valid,10.063529499995639,3421532160,5891616768,0,False
main-H1-w4-d0,main,H1,4,False,completed,ea2c80626ac8c5eb6ddd48ad,output_failure_unclassified,50.116761700002826,2909929472,4941451264,0,False
main-H1-w1-d1,main,H1,1,True,completed,ea2c80626ac8c5eb6ddd48ad,output_failure_unclassified,127.67085280000174,1509945344,2404511744,0,False
main-H1-w4-d1,main,H1,4,True,completed,ea2c80626ac8c5eb6ddd48ad,output_failure_unclassified,51.83487839999725,4028637184,6828761088,0,False
main-H1-w1-d0,main,H1,1,False,completed,ea2c80626ac8c5eb6ddd48ad,output_failure_unclassified,128.144641100007,1133465600,1932390400,0,False
main-M1-w1-d1,main,M1,1,True,completed,8b9233918258fd15cb0bd300,output_failure_unclassified,39.646455199996126,1471868928,2369843200,0,False
main-M1-w4-d1,main,M1,4,True,completed,8b9233918258fd15cb0bd300,output_failure_unclassified,13.140571099997032,3916816384,6696771584,0,False
main-M1-w1-d0,main,M1,1,False,completed,8b9233918258fd15cb0bd300,output_failure_unclassified,39.48024989999249,1135112192,1932587008,0,False
main-M1-w4-d0,main,M1,4,False,completed,8b9233918258fd15cb0bd300,output_failure_unclassified,13.100189900011173,2895687680,4943937536,0,False
confirmation-G2-w4-d1,confirmation,G2,4,True,failed,ccb7caa505286acab31d3224,valid,12.921440200007055,10987126784,12923654144,4,False
confirmation-G2-w4-d0,confirmation,G2,4,False,completed,ccb7caa505286acab31d3224,valid,13.89428890000272,2996572160,5149323264,0,False
confirmation-A1-w4-d1,confirmation,A1,4,True,failed,cbe1e119d63775a732099418,valid,12.72794559999602,11121922048,12923613184,4,False
confirmation-A1-w4-d0,confirmation,A1,4,False,completed,cbe1e119d63775a732099418,valid,14.327947600002517,3007746048,5150306304,0,False
