id,model,kernel,multiplier,step,replicate,status,selected,score,acceptance_rate,retained_transitions,max_rhat,min_bulk_ess,min_tail_ess,undefined_rhat,whole_case_seconds,sample_seconds_including_discarded_phase,independent_audit_seconds,raw_sha256,state_sha256
ef49ec62fee2fc174751,G1,rwm,0.5,0.17677669529663687,0,completed,False,0.02478152235149817,0.817138671875,4096,1.11884382014875,27.5917883489498,64.9279876428194,0,0.2604491668753326,0.18487254087813199,0.05523466691374779,aea8e4c555db5fe03434f8f061700e13130bc6f50293a05c471f03e7b6b5b28c,298960b0e8aac1faea250fdc84f514e05ce7c4cd9acab788c1d01e9c0b151883
6df734efe80c4850ff61,G1,rwm,0.5,0.17677669529663687,1,completed,False,0.024572647071809058,0.8154296875,4096,1.166058742582,22.847489748326,63.1652272260856,0,0.2375759999267757,0.16172962496057153,0.05431770789436996,6257b876247f92a0b6cb0a35fe2d731ceab3281ff97e7d8b3388798f2b8facb0,288816f3953c3d497d96e30d06b035b4f052a0633c815454a914426a192fd0c4
8851b3d0030de6d96487,G1,rwm,1.0,0.35355339059327373,0,completed,False,0.07420288477967918,0.63818359375,4096,1.03944896437577,71.2711580285217,182.371105305305,0,0.23404466710053384,0.16236341698095202,0.05513791600242257,b7abeabc878d58838d33092edb0e04559e7f3f7dff433229e07bf5e567d176f2,55a9424d25499fdc28cf41c24aa20b6e463a531715563c1cfb4b07245e3d6028
4ee51cc8f9fe1040af1b,G1,rwm,1.0,0.35355339059327373,1,completed,False,0.07344807687352356,0.635986328125,4096,1.02654154431962,84.1497576358493,151.151166759674,0,0.23814237490296364,0.16428691684268415,0.055214582942426205,a797f50ba72dc14db69244e22f89c1e107dc660241261980033d0757e286a776,6c7e195a2fb4810af2232036532ad483e7609b4ad151b47001561e14e9f3e0cf
b31a12525de91d014a18,G1,rwm,1.5,0.5303300858899106,0,completed,False,0.12056039702472054,0.484375,4096,1.04665940047192,85.7283894241529,187.663819366983,0,0.2336431248113513,0.16169091686606407,0.05866166693158448,7546c69850620f8dd3b0e6c7c8aabc576d445132c0400855875b9ac3871b8ef1,cd1f58132e80b6623dcbf0f07c4a19d3040f8024d3464287b373b12aa24c428f
d4729b55c8a323891f71,G1,rwm,1.5,0.5303300858899106,1,completed,False,0.11972292659056524,0.47998046875,4096,1.02530154426917,118.740378018293,202.295208415369,0,0.23072854219935834,0.16258574998937547,0.05488716694526374,0467c2520088b93f1f024a740f9a9475f14ceaf21c7981ef9b0bda9eb6ca7a5e,d39b00f3f5e8c7680a9551f703e952a7a5275d8784b8c6a77568180ce62abe26
604c002ac60fb8e36887,G1,rwm,2.4,0.8485281374238569,0,completed,True,0.15152126960928158,0.267578125,4096,1.00752407695042,208.644577828795,232.835245795306,0,0.22889287513680756,0.16464799991808832,0.05459629208780825,37e0a3e28f537a42449a0c966399572f94dc7d12b4509a9b7450c7e9863282a4,42d246d9c2783309f68dd600209366b364432665e34279b0f2237d383fc4631b
e52e8953a27f833d31c8,G1,rwm,2.4,0.8485281374238569,1,completed,True,0.14883761252318034,0.26123046875,4096,1.017293655157,139.822080268363,268.679887913411,0,0.2281109169125557,0.15860312501899898,0.05813908390700817,ec0089820653cf69b2eb19282e4df066820a58721b7bd11001d3263551a222ee,67af40f0ca6bbaafd812b776fda8e9bd6b436d6eb590ee7713b7e02e7e60c89e
cc307b692ea848863e2d,G1,rwm,3.5,1.2374368670764582,0,completed,False,0.11543124146167671,0.118408203125,4096,1.03328711349418,110.671359754659,207.113088479869,0,0.2258377498947084,0.1557943329680711,0.06390491616912186,e264edeee6643f192b36f7ccf6408918c20b4858b5292c777f77ef26f73f33b5,6f17d47a888acbf01331089f2b9ec9cdad9f6c14bdee40e92e16c3b98af1f823
d723d231fc5ef180ed1a,G1,rwm,3.5,1.2374368670764582,1,completed,False,0.12458600386872459,0.12255859375,4096,1.05663938492489,110.717000070969,115.614742858129,0,0.224031874909997,0.16136695817112923,0.055149459047243,98ddcff3e338ce0ce6f93adc2c9319f2293711e407dde1a3f073936b76e17d66,592a37e843d0efcb5c555ced65eb60dee3187f6fb265526ba034866b746163c6
b7cdb6533112e5747fab,G1,rwm,5.0,1.7677669529663687,0,completed,False,0.054946959880976545,0.03369140625,4096,1.09594996583167,37.5570545151082,21.0068779168925,0,0.22622799989767373,0.16552887484431267,0.05472529213875532,34c261084e459ef733f55b6b36de9ec159d38fddc549ca8337224324826f0433,0812d5572b028da034e3c0d60794d8c6e5dc3e384dc0f4203cf5169878649b76
c4f0af79b99f6303c0b7,G1,rwm,5.0,1.7677669529663687,1,completed,False,0.059057738003064006,0.037841796875,4096,1.07832986910035,74.9147673354098,68.6524707326863,0,0.217774708988145,0.15380062512122095,0.058956332970410585,43ddfe4e7b6385121f21d5723945dbff47f463edf54ae32ca03c70c603cd5b4d,19d44bbf73f3ed9b651227bd6c0115a117513811d66abd3bd0d6cd992065032e
b595ffd31c46ee50f8cb,G1,mala,0.1,0.05,0,completed,False,0.10117047303510625,0.99072265625,4096,1.04254581654438,112.860849512287,294.203152223647,0,2.5276966250967234,2.366549375001341,0.14088929095305502,0c4fb7fb0013a947a01bd5a1873aa82ca5d7a0419180bdf7ff7dc26bf86de163,b57f9a38c2e9381b058268922922ab88c65059e5b5eb6c918ca20317d812bd43
1741479f6e5b0171c8ef,G1,mala,0.1,0.05,1,completed,False,0.10106397408962473,0.991455078125,4096,1.02762231619934,101.772403379122,201.286764229178,0,0.7044298748951405,0.5381225000601262,0.14030679198913276,625fae552f6c99ab30975625ddfbac426ccba470b5e92da1f2ce02b40e8a6bb4,95a650f1d1e8bb49182c6da707544b3681ed4ddbee6aecaeae08a32e8e0dce63
55a1d9f3f00c0f25a9c8,G1,mala,0.3,0.15,0,completed,False,0.3065338237222305,0.958984375,4096,1.01135222065597,351.714920651272,739.554660527767,0,0.716222417075187,0.5515072920825332,0.1421270000282675,bcc771b834a40aef04904f54a2144e4cce2ca2e34f2f8faed2edaf8d1cf5f287,d878d89ff0ca2bb65c4eceb0a76c8946a8b98dc1b419a3de7efdaf3a9d18fb77
a6b84f8b9deae3ffbcb2,G1,mala,0.3,0.15,1,completed,False,0.3053952727406362,0.956298828125,4096,1.00989368925351,284.400871059795,542.15212561955,0,0.7109845408704132,0.5466234998311847,0.13887375011108816,c2f418fa372f048568e18ea9307d59aebbbac06ec2eaa13b528870b0dd10411d,70600060a602b7cbb7182cc097bea8c1cb0342845b99f4657da9d12c6ebda4c0
b8347a91123acca501e3,G1,mala,0.6,0.3,0,completed,False,0.5973757725971746,0.880859375,4096,1.00844707746584,723.949817633969,1301.02921328667,0,0.7075185410212725,0.5502548750955611,0.1354287089779973,9a20d795eb7673a6272d980d3a4d8d346e49baadcda7925e441d730735ee62ef,54e747b63517e431b881bcbb62f3bfcacca20478437a566a9f2285ce126f9fa9
c1b8b69bcb8cd49b8ee1,G1,mala,0.6,0.3,1,completed,False,0.5926334074651378,0.87548828125,4096,1.00349155565041,750.242675048353,1314.92855296583,0,0.7178364167921245,0.5517952919472009,0.14350979193113744,b81ceed635ef1956878954370ef7e2b4f08a6df330f20f4b18246493eac8859b,2d0a2dc2bb4c8415ead3399f96092e7ec4355156b66d19f27197cdfa4895b271
66a93b1a8b5a65603ae3,G1,mala,1.0,0.5,0,completed,False,0.8568258287060608,0.721923828125,4096,1.00256549298017,1114.61524224933,1559.12884214957,0,0.7174564998131245,0.5585626249667257,0.14148820796981454,7be120f2b72e3eb32b7586a010753ca32f6e0b53dca2cd884aaa9af1c23ad9db,70a87685abf633d6b80f5843b634b65c198f172d156c65abfed34b9841486df1
e434ebc59a7e73c84f2d,G1,mala,1.0,0.5,1,completed,False,0.890712455972424,0.7431640625,4096,1.00241634281073,1173.33689399626,1865.24412513845,0,0.7124102918896824,0.5575388751458377,0.1375294579192996,da8c72a48e38edd7dd295d5bd161af588aada2ae227e76d49fe80d1a639a7991,e8a3adcec5d8d08af7ce478fef957940c0ea9fa57b7bdc938b4025728a6da807
2e7f6c275fbb06cbb441,G1,mala,1.6,0.8,0,completed,True,0.9347669587822895,0.478515625,4096,1.00670166692213,1116.01279449327,767.212473813846,0,0.7082767919637263,0.5589905001688749,0.13536091684363782,600401102b2dc6d0cca245d85db7ef89f105b4212c1da3e8ed7158e258af4bf0,195f22abfc34b64fd24bc46e5057fbf5f5fb12a8903e4fd4c25dda295a145535
bbd26070103c73415988,G1,mala,1.6,0.8,1,completed,True,1.0150632539335054,0.50537109375,4096,1.00412317162872,1212.53439217764,867.66720519371,0,0.715488791000098,0.5594827500171959,0.14236929221078753,654bbb30baadc59c8c2d57bbe2eab24d0ee807f45fb9a0ff5097fafa43fc9d7d,d42a0388fce8963330b014f41edf9574be4dd9385e844d7eac109b13fb0f9b99
9a514dfca41c858d0847,G1,mala,2.4,1.2,0,completed,False,0.5872127767972295,0.212646484375,4096,1.00981112485734,373.664651368973,210.86682368082,0,0.7021312909200788,0.5580395408906043,0.13486770796589553,3d3808469fcbf7ae8b6c3d89495783b0065803b91283468d47a49e646117c91b,feb3e59296e3c0b4a6f3a645d7bd93b8637e0939b2f666ba2742192a800b9edf
33a1b097dc0953b7be38,G1,mala,2.4,1.2,1,completed,False,0.7811684712389215,0.252197265625,4096,1.00728221800297,314.601399205819,256.700798743067,0,0.7083353749476373,0.5592173750046641,0.14073004107922316,a647afc1319c4c5ae928936093ebbd07ba3af544e7bb8b14531bc0917fd954fa,74b9dd3b79b2c7df0c281a28f3613c484bcd8dcc89e8c4e7860a3fc82e91fe24
2176908116ea04eac5b6,G2,rwm,0.5,0.0625,0,completed,False,0.003073542961090253,0.78857421875,4096,1.89109698695388,5.72223777038609,11.2311850245343,0,0.49765291600488126,0.2053980000782758,0.1448935829102993,c581ee105480dc1c9539dd6cecfd8123bc2e7448f7196d0935fb0ba3572c1063,3d56c866367b6c599afa41bc53bab2e28148fe934aa7a3f028b28e2186475fcf
d4f2ccdc4b2cd9ad6fa0,G2,rwm,0.5,0.0625,1,completed,False,0.00307134874213001,0.791015625,4096,2.23009449346368,5.07846361341176,24.2585381748941,0,0.4942906249780208,0.20626262505538762,0.1438516250345856,0fe68651a3ce786a6a4390523aedc15e2262a6f855b71b6532a87f3ebf6b0415,1e7e6887bfc6d15b1506cdbab27f134daa7c7dee2d65510e48a49fc300387cf8
0e92bad9bc33dd5e1cae,G2,rwm,1.0,0.125,0,completed,False,0.009656273222096619,0.623291015625,4096,1.32945066628314,10.9786996856123,18.814869956974,0,0.46570087503641844,0.20470358291640878,0.1447829999960959,03b438c427d79c462aa34454233c00f666acf8043775c7a9b2cc2623e1ecacf3,1004134523f46401a2509d3b14de223449e6babfbdf5e895f73e1ad1c8fd5216
c69dabd2b2825ff5ccf3,G2,rwm,1.0,0.125,1,completed,False,0.009739570287067463,0.6318359375,4096,1.41893638610052,8.71795941756453,47.454530947776,0,0.4713821669574827,0.20221733301877975,0.15003258315846324,b6f08597a6d70d1deee90320403bce92df6eec6e7457c069958932cfbcc36b99,6e7d7fd003728bd359ddf6efb6cec8d6c09221840e71014aad850dfeef1b10e6
32d3c3322d647b10ae46,G2,rwm,1.5,0.1875,0,completed,False,0.015753189329322934,0.45556640625,4096,1.24982873036915,13.3057501555985,19.8477652544474,0,0.44860158301889896,0.20606574998237193,0.14097204199060798,63fbf1702469f40d978d1ae8be5247700be1fe1c6f736828cd69739d2ae073fd,94576b57ccca5fe092bd5e6e4d81ba3137d8bc45803ec619d67d6f364379a6a4
f141030a92ac5b1877e1,G2,rwm,1.5,0.1875,1,completed,False,0.01596783497650882,0.46337890625,4096,1.2674416908223,11.9676971601302,30.0635630282796,0,0.45228245784528553,0.20871458295732737,0.15074520814232528,2f9740b30d70143ba52db93133423f72e9c6ba0eae3e35626e01d92915826630,fcf747d3c2b062fe0140a8cb8101ca9db9ea66c659d2d00f44e96f3634914ff9
163d7177fcd1f30dbcea,G2,rwm,2.4,0.3,0,completed,True,0.020320591619318828,0.2333984375,4096,1.28351500434316,11.9641418811631,17.6323243490782,0,0.4159231251105666,0.207126208813861,0.14673395897261798,d9c1cd8c1ea27dcc6797a6332510edb7ade424ba8e5ee64268bc6b0c50ee7d4d,652776836563bb99ef08044010a3ef740a542c52b314a033851accc6348bb675
59a876859178623cc46c,G2,rwm,2.4,0.3,1,completed,True,0.02161061746084751,0.24853515625,4096,1.22342694150517,13.8582044598639,60.2682927196557,0,0.42100337496958673,0.20194591698236763,0.15099995792843401,c1d2af744a0cf2ada4bd2a8f9984e8988aa7b1a49444e1371395271645a1c060,abf8be75ec3f49b901d5a840267406dcc4a15b3b7c440a5a5abd74c38da33951
e0d1bdc8cd3428ecacff,G2,rwm,3.5,0.4375,0,completed,False,0.016692683333745472,0.092529296875,4096,1.37710920244556,9.10279968555707,28.8133954485956,0,0.39777679182589054,0.2029368330258876,0.14773933310061693,b0be88d28f41b32830cb3d82980d1fdab4f830138ae32869893c993aeff5f613,4bedaa187d39781fba11466eaf137a7bafc0b6e75e5bfb0c63ddc5e52a51f434
8a99bed9988deacc07c9,G2,rwm,3.5,0.4375,1,completed,False,0.016754272693377627,0.093505859375,4096,1.34327016858281,10.9178433573013,54.7124864414489,0,0.3993293750099838,0.20484070805832744,0.14774199994280934,dc10e985c92613f48e21a2b2194708647fce1fe85ed08a346c501f62e8b10e93,ca31411a09de3c3c4ee4eaf18ffacac0565f0ae8b7d4c6498cd16e24e5905e66
5fc7f300b3186d82fd04,G2,rwm,5.0,0.625,0,completed,False,0.009117255176378907,0.025390625,4096,1.39706618245282,9.2681448962574,16.4272880869347,0,0.39011895819567144,0.20269475015811622,0.14658187492750585,0d3cd27a01dd7e8297b8cbc65e33d37ecb111c38b4eb03b7f5a1a5f753d06a32,fe6a8a6ff197191f5bffa43b88768cb37064434ac51781cc27c9a757dbdfc476
c217bc61ac418ee0e71b,G2,rwm,5.0,0.625,1,completed,False,0.011578003571738592,0.033203125,4096,1.33876332489672,10.2271231805835,33.9102690909491,0,0.3860212080180645,0.20314512494951487,0.1395995421335101,bdff9374002c75ad861691875c41468f5758dab333a1e920f45b7a3956f69793,8926f46524cf33c46adb2e61ea213bae2180de1ddd680e6b2d70cfc466b9f629
e65ab82a551d70b9247d,G2,mala,0.1,0.025000000000000005,0,completed,False,0.05007356258416574,0.98974609375,4096,1.08851207811425,41.3097508469238,46.7519338173282,0,1.112693167058751,0.6810522088780999,0.26027224981226027,b6d239aa0f6c1f886af9a33deaf8017ba7aac85f92084934196199c27787fccd,e180341652f02def78499e9d89bc91771889a29db8e96ae4a3ec0a4fc74ffe3d
aa3b5d72e178a460ba68,G2,mala,0.1,0.025000000000000005,1,completed,False,0.0501687426376075,0.992431640625,4096,1.1135501082656,30.6748452668603,70.8720270869906,0,1.1078944588080049,0.6800527919549495,0.2558143329806626,cdb1cc7247b13cfbbce4d136ddbd872c627a8b217e6173ff78ec828e9e269659,7ded8dc79f9a6d241cabfaa31cd6a6fcfb106b26d6bd67d3edfd9ba726541619
706db2dc017a9aea2e3a,G2,mala,0.3,0.07500000000000001,0,completed,False,0.1479405557816856,0.95068359375,4096,1.02822496512037,133.980895881804,294.969015243889,0,1.1220386249478906,0.6913534579798579,0.2617670411709696,4ecf85500388b2caae000a4424beff0d28b6ec03084c00f60ad7f4426f02f759,9b7a6ff23bf5e0246e85729948f343d6551a6bb6b756ed65ef643fb1bec52549
3081fb8552b67cdce25d,G2,mala,0.3,0.07500000000000001,1,completed,False,0.14764036940179048,0.950927734375,4096,1.04316631534468,125.873867736946,368.007400741555,0,1.109944500029087,0.683663624804467,0.25922904210165143,505150e1599990cb191f2d863c1bb26ea58aa0801876a23cf0e9300fdd00212d,ad0bb8e0429e4f79cf61f890c5e6768cb2ede0df0641de87d2b8edd67fefa195
5002609d2893de4df62e,G2,mala,0.6,0.15000000000000002,0,completed,False,0.2802864949566515,0.8701171875,4096,1.01235735802031,268.88373281519,524.284406964874,0,1.1175681250169873,0.6957371251191944,0.2610802080016583,488a5d8641fd488c993426794d7cb67ca63d47bd5687788201a4996630ae05e6,85f4e2b46114c33cc86b9c5190f1cce5c630633b6de96a4ca8e7ec8ee7d961c1
241d71a967dced3c8934,G2,mala,0.6,0.15000000000000002,1,completed,False,0.2787754435613176,0.868408203125,4096,1.0202025089431,249.937596694478,615.887026589727,0,1.1096948750782758,0.6943629998713732,0.2587157499510795,9e8828418cca39fefc6233dfc15bec391b36b8e30d0aaab4ffaf44af10abb865,796e2ae280bec28fb68e8c286b49054640f23f7341e40e7871d6c03bfa252d2a
789f1a6cb5099c7c7271,G2,mala,1.0,0.25000000000000006,0,completed,False,0.4087269666511519,0.729736328125,4096,1.00504662222286,433.745155151046,619.542209992946,0,1.101732708979398,0.7054680418223143,0.2575222500599921,4b058eee86004b58b482581690673223ceba412f81bd7b51e9b2928bf5b00762,7e3ccaa1a298bbc28588f99d58fa5d064d3648410fcd4997b7901600c8ca41b5
a35492370c35a937cbb4,G2,mala,1.0,0.25000000000000006,1,completed,False,0.4048596450306031,0.726318359375,4096,1.01485474324707,332.666536850059,753.519200176297,0,1.0848173750564456,0.6867760829627514,0.2590119999367744,69d58f240d4ac0590489a3b3a45a33e8250003500775173c2b23566a991dbfc4,049f47cff80763438f222896b7dc8aee1a5334bd1209a5cddb7ea883e75f4614
767397271980092095d6,G2,mala,1.6,0.4000000000000001,0,completed,True,0.4488978329004552,0.473388671875,4096,1.01198791133454,401.184897701519,601.621459828669,0,1.0498491670005023,0.6930145840160549,0.2551775830797851,73cd7fa2d93f7ce9f140ae8b23f1d6e0d2d139b997a16c5b352f80582207f656,566693e16b514680fd958fee9c74e1b56f5905cf66c7fe6385c491687776eb8b
5a03b7020cc0bb31713c,G2,mala,1.6,0.4000000000000001,1,completed,True,0.4401455377175362,0.46630859375,4096,1.00867746060591,444.356919318121,813.626388188419,0,1.0351755421143025,0.680265000090003,0.25302474992349744,8d3b74498bfc91c78e3645b752d74da449880f24e4dad4ab30ae0fbad447e06e,c0394253456db64dd92c786ed3a7778c334b0abbd98a22a2361b57c82a61afc1
75260429763f0d046be8,G2,mala,2.4,0.6000000000000001,0,completed,False,0.2808445352976252,0.18701171875,4096,1.04719623333166,67.2177010958139,107.196957491276,0,1.0120676248334348,0.6957590829115361,0.2603183339815587,f0d84237f2ba2c2f6a56face77cb2f0dbeef62f893b60b4bf7ace7127229105f,d538c65fb972eeb54d04947a54108750f938b789a0f5b07a1302be5e73bc69a9
12dc480ed928498238fb,G2,mala,2.4,0.6000000000000001,1,completed,False,0.32073102026111616,0.212890625,4096,1.0211744785082,228.166581557636,252.719296002012,0,1.0037972501013428,0.6911580408923328,0.2555648328270763,3bef8425f5682ff175aa73f4d7bed5d4041f447cd37758cf0fda75a0913565b0,d976dee294318841450a94b381daaabe15b0762f0e57b76327884e1ed16f256d
d2ddee3eb0ed0e514f62,A1,rwm,0.5,0.0625,0,completed,False,0.0030764351165777403,0.789306640625,4096,1.44391937214639,8.43521741132244,70.7391967853805,1,0.49103854200802743,0.2016604170203209,0.1451579590793699,0fe277292e0a6631b37d1ce8ba8643fdcf3a4047bebd016a94bc69b96e5d99fe,8dee786364faeabec8fc0752a9c3f0da75388f4f3593e6bedcf7da2d2fe8ea3e
99f9bcf7df13050f4782,A1,rwm,0.5,0.0625,1,completed,False,0.0030223891901974102,0.776611328125,4096,2.50129966668071,4.88962432653451,21.2345478335206,0,0.49920399999246,0.20344962505623698,0.14976662513799965,14b398b49cd50074dae1dbc55b845d11876e4d36fabf594e8f680052b2292b79,d6ac4948e09be061b05ad2fefcbed0fb84f6a3c1daf5a36048c58cf37c455b20
c46344d21565a91c1c02,A1,rwm,1.0,0.125,0,completed,False,0.00956576293229989,0.615478515625,4096,1.12028424704125,25.4903279726617,89.0960862321042,0,0.47820408293046057,0.21234029112383723,0.14144670800305903,15aad3fc8ddaadd51d6d95c306f51f9456f299be1ca479cc31e5691834968f88,b945e6d534d28490844dad41ec6e4faf126f3919ee78a4d0c84e44121a6dc014
93afbb33572217ab2c79,A1,rwm,1.0,0.125,1,completed,False,0.009532026785241461,0.615966796875,4096,1.33541927780764,10.8513963214684,43.782853758502,0,0.48025212506763637,0.2058200838509947,0.14780766586773098,91fabab82dfa2a704a52fe8da6fecc4e03e9555b7b9639473cf463a7e3c395d2,47ac403fa8b6fe0af11f1be70d69cf0f2eacf71c0b6df46ad3c9a725f4bdb710
5b639b8579db00484406,A1,rwm,1.5,0.1875,0,completed,False,0.015518809019094413,0.447021484375,4096,1.12318736590501,24.7227435129026,45.7211546776224,0,0.44225366692990065,0.2019468331709504,0.1394732091575861,4bf208f30724b3964e3fffeec2ae762bc7b65311c61e2fff2eeb8fbf3ddabcce,d790f173fe61586be55cbde33f2f5eba65ced06c14e8d43e347e707961e6baf5
0ffd0a6edea297356c39,A1,rwm,1.5,0.1875,1,completed,False,0.01567655117554618,0.45166015625,4096,1.25335781914426,13.5894323027985,23.3233978019534,0,0.4548458750359714,0.20218620798550546,0.14855649997480214,982b277f0d09196030520a347f0d447cbd5a5d1d8c22b1e80ea9f7860dd3df86,fc5f9f78085e1a0df3f20b3cf12457ba761e783f0d3f875ce25de1adfa92f94a
6fa25fbf58e104d3b266,A1,rwm,2.4,0.3,0,completed,True,0.020475551767390097,0.23291015625,4096,1.2787014919062,11.2467367683395,35.426798403996,0,0.4108603340573609,0.2006264158990234,0.14118929184041917,42bfceb53a54afb10b639e313240a15d77bdc6d38df0849d6d72ca3e8e83ecdf,b128e6999840a068f7e632b757c57b342dd0073aa665b94d10f8fcb05e8be621
c957049f566b83105539,A1,rwm,2.4,0.3,1,completed,True,0.020239725549264738,0.23193359375,4096,1.17534182778861,22.6488747952701,59.7623927811661,0,0.41882920800708234,0.2047960830386728,0.14539833297021687,d3d013271cd9c08dda054cfd5c1bd431089c2afbc28077cfd328b4000a705aca,a4a0ad91214071f64b1e6debf66bd0411e1f6b48dca3df4b07346705cd3b8663
69670db4b4c50cdbb520,A1,rwm,3.5,0.4375,0,completed,False,0.014041928419435823,0.07763671875,4096,1.32596185699424,10.2751014674981,70.6573952756017,0,0.39501233282499015,0.19833708414807916,0.145271958084777,fc41aeddd4dd929fc344a6a745aed8398c1d2fd9dd5a11507d45a00ce6889101,07a17f5135b8d103fa1ce097e0324a2b484d7090ea423920611253469515656f
da60294da532e32f318b,A1,rwm,3.5,0.4375,1,completed,False,0.019193132436467628,0.105224609375,4096,1.40699845752913,8.66082927296882,26.2000184099387,0,0.3891045830678195,0.20177658321335912,0.14484008378349245,869bcf110980279c0196572cfa03fbf8f54c2012d0c456c2ce27c52d19311a70,41751c9171f0b9b7f1a37c2ad97030ed797bf764b04442e67816208c990a2142
7cf39177d0e8d92e363d,A1,rwm,5.0,0.625,0,completed,False,0.009720924904556423,0.02685546875,4096,1.499260804011,7.78665592159791,15.4794865697989,0,0.383714749943465,0.2020345418713987,0.14472304098308086,cd83e124670a6eea39a57038dfb5d3582c314e8c5bf0b14373cb94bd4081dc1d,a2c959832330c56afa67a17ec933d81885d96665dc1dbea55f02d05414f12051
cbaab69fb7364ad27d45,A1,rwm,5.0,0.625,1,completed,False,0.009459450774771712,0.0263671875,4096,1.16272600055968,18.4520296153404,24.1112355738432,0,0.3887795000337064,0.20419012499041855,0.1426645831670612,1321bfc033782a6b46236cd2b3f5d1c399747d73ff361500b07cff39405b6418,730a378b9717bc68b8c0453423e3d76fce4ae8b06ccbbfbf260898e6ea389b57
ec2dc1ac1ea15039ad68,A1,mala,0.1,0.025000000000000005,0,completed,False,0.05028182173925327,0.993408203125,4096,1.02823933101642,75.0944060818887,138.297816839584,0,1.1326583339832723,0.69183991686441,0.2614382919855416,9c171b30228ce18e255a9ff4667097ed5fc87532cd73e7dbd5e7a305f361eff3,f891ee4a46e7d193bc85402e66aeee4defc042ff868db619db9a3849afd3af95
1a77543f980a6f15dab0,A1,mala,0.1,0.025000000000000005,1,completed,False,0.05013458578221192,0.98974609375,4096,1.06747579502988,49.3287188557521,97.908763625567,0,1.130158375017345,0.6906604580581188,0.2643058330286294,fb253b2cfaeb3d33ea42cb8891035217f2c575309e6309938a9a00309529c18d,78836d74781c7f3189f6d32d89e9dfd6e76eb9c7842196e8ace79481c86bfc3d
60e45286c646f2c8829a,A1,mala,0.3,0.07500000000000001,0,completed,False,0.14907629630977307,0.95849609375,4096,1.01398449844959,143.058238949981,235.578470902933,0,1.1215885421261191,0.692768125096336,0.2517735830042511,b34fb18434887f79cc18a68899988dc3b7d55705e655a47b2458c608e8ca7f3a,32faa7fa3904c396226cd6b6fc577c72a1e82beff09669022076b7a9e866daa5
324cfd5f07414b463ca3,A1,mala,0.3,0.07500000000000001,1,completed,False,0.14851483984476083,0.954345703125,4096,1.01534827802769,138.191164541759,251.132819441577,0,1.128070208011195,0.6940803749021143,0.2625374998897314,d3472a211486d2c9f6ef23aa9a7c79a471f6de3a1ae9e46da52778779bd06351,755b1aa6ac1fe7f178a066476cbd361e329349e520b3d358a18674790e4e3910
e93c0f9e3f51af0e742b,A1,mala,0.6,0.15000000000000002,0,completed,False,0.2812773177401713,0.874267578125,4096,1.00658094557764,264.258590308065,437.871441571131,0,1.1019861670210958,0.6817566249519587,0.2552407500334084,a3ff8771a55eee68782a4733c50b70dcb362582fd651e83b0b899092c66ee9c2,8b62f7917b8787e36e94239615344657c9a32e549d6cc8cd9396c0728af235ef
fbfadd5afe53ae44495a,A1,mala,0.6,0.15000000000000002,1,completed,False,0.2820995056661523,0.87646484375,4096,1.01460075818451,299.242695417123,737.280031941601,0,1.1076802909374237,0.6872109579853714,0.26101125008426607,0d4acee107c109e7f6ab7b9b7d998ea7823b90d4828f15e186be04ecd9375460,721543472e3b0160db6596f129695d1cdfa3f48248f3ad19f9f0de6b0a13d23d
14318f9af2d9da1a5507,A1,mala,1.0,0.25000000000000006,0,completed,False,0.4057698285875646,0.7255859375,4096,1.01026645071565,384.556019843069,787.88122781632,0,1.0816846669185907,0.681905291043222,0.2531488749664277,f965dfaefa68de8a43e653d259744ef007f5aabdf635e2704accbd399a3086de,8f3d28caa1ef0ae877d186f2c3fb9b8caf695224e2dd136923f1ed4c2c0fe450
9460f31469dc14c9ab94,A1,mala,1.0,0.25000000000000006,1,completed,False,0.41042178078252184,0.732421875,4096,1.00820516478549,424.354548594572,817.008230537296,0,1.0977833750657737,0.6933694998733699,0.2646435829810798,657311abe8fe36e0dd7a1eef632968c1a3c526a3f9c3b75c94133bdbf942193b,e4f85ed0dd3196b0445f9bd0283850b8195018e03182d14026ed99cd4bddb88c
66d7a81efe879822842e,A1,mala,1.6,0.4000000000000001,0,completed,True,0.4613836187512914,0.485595703125,4096,1.0092477063342,511.783726581856,711.372215670326,0,1.050818582996726,0.6851218750234693,0.25393120804801583,c75fc09adcf3c50d77d9dadae39323193ab62e8cce9471972b69dd985e3724e0,999bbf7430e8b83b808fe71f3718677041f5b3de594d863543ba76decb082c4c
8610e6c1442138c6aeaa,A1,mala,1.6,0.4000000000000001,1,completed,True,0.480193311848226,0.50439453125,4096,1.00547975828335,483.426104828172,870.91333074577,0,1.070373416878283,0.7011175418738276,0.2604714159388095,d82a780f9f039566064efc2f19d3b4a8bafb6db44a6542969dda85a213c6fab9,f8f50784037f85844af48c5804feea33d4dbea5bc1c4e23986902245feb0fc9b
e992418b7c1efb463324,A1,mala,2.4,0.6000000000000001,0,completed,False,0.2606205053683376,0.17431640625,4096,1.04924499096113,102.560992893035,218.757222547359,0,1.0029429169371724,0.6894214998465031,0.2615769999101758,69a19b5c34955550b36bbd33472b6ea82a6848c61f5d1333a779fe40ab8efa80,a65f4420eaec3a64a04805a1e215c9f86d7b601e40d6ad9503bc134a707d22b1
131a07325bc1730bbf9d,A1,mala,2.4,0.6000000000000001,1,completed,False,0.34429485959538353,0.22607421875,4096,1.02527788407485,229.560430793398,185.409561942492,0,1.0117699580732733,0.6826909580267966,0.26329537481069565,4f5b9205bed9c58aae7027f156de975a88bf89bad462f42d822a48e99eac205c,0a124b48477fde03227f8a779fc0ac7aa2e84be2799e4c3b8f8bf4222eb38caf
aedbb7a3f81e91d90bb7,L1,rwm,0.5,0.17677669529663687,0,completed,False,0.024674690500446003,0.81689453125,4096,1.20069094848537,14.9165600666281,29.4445113151462,0,0.41082595800980926,0.23522541718557477,0.15609933296218514,3e4ca29ce482c0e880e0cffcc758856b8ccf5ec4ecc9e3505575b1fa4c211f67,815c3faa33a10dfa7f12e6b4cb2c35bab99f9e1a411ec5b428fd46c1cf17b8df
910a81ed6e84933bfbf4,L1,rwm,0.5,0.17677669529663687,1,completed,False,0.024318491754275078,0.807861328125,4096,1.18752152208538,18.9486580326788,42.9662234600195,0,0.4079494171310216,0.23014287510886788,0.1584911250974983,cbd564fd3b6b15e3caf02bb711b1c5cf81479665fcc1d4270a81485d02a0a93b,5907b9bf7da634c58f05a8a9975285f7fe82cf757912a3b7f1036359359464b2
20716eeffe0deda52ad6,L1,rwm,1.0,0.35355339059327373,0,completed,False,0.0739365055868037,0.637939453125,4096,1.07405930054905,52.3178994462847,54.7858465916494,0,0.40205625002272427,0.22522362507879734,0.15980658284388483,bc67dcfa905832f56889f8a2c0f0d8da7c36bdd43cf08e8725ce9ea844c07e39,a422cbb82209d119bafa62c9728370624a54eaf6cf60635ea87e013f0be63e80
74d02da873e713c39e26,L1,rwm,1.0,0.35355339059327373,1,completed,False,0.07408891459761845,0.6416015625,4096,1.05969589636242,65.0955665225407,197.069208578646,0,0.4085797918960452,0.23091291706077754,0.15983433299697936,1ec5d4d5419b498153a83de33b3443b7e1075226139b2c14956dfd46a75145af,f1ff7bd984e541b717608dfff57ee194a6d3c497c4b4b37cdec38094b0a1b91d
9122a985c9f63587d092,L1,rwm,1.5,0.5303300858899106,0,completed,False,0.11958835207813917,0.48388671875,4096,1.0188986631394,102.095285075406,218.509964570826,0,0.4054866249207407,0.22974354098550975,0.15940820798277855,e6823856fab38793dcdfd1474b9615c305227bc1f982e559376d7575b2ac0c35,f604ab26e697ad3964cdd98580bc5810f847bbae845f7a2c9a355895e9a2e233
8cade131938d55f15538,L1,rwm,1.5,0.5303300858899106,1,completed,False,0.12197165632177216,0.489990234375,4096,1.04136784965295,96.6627187959623,215.957838616658,0,0.40074266702868044,0.22808579192496836,0.15308162500150502,c2fde8cb79dcaab6c510f83423e29162e112aad507b8b1acb239fa0ff980ecbf,33094b77022f9a1c419a4e999745ca033455d7108057bc01f2d5110b58ee8d39
4eac2ffa9e9da8c53dda,L1,rwm,2.4,0.8485281374238569,0,completed,True,0.15624681392206735,0.27587890625,4096,1.03196084029359,135.517048410461,188.749212778147,0,0.39679879089817405,0.23189362487755716,0.15437766700051725,3000abb30f1928cde12d7d81ef2fa0c4e58fd1d417f4ad22f68fb741cd9558d5,822a952fd28cf398ea847ce2fbb3bf340afc93f72c5a310814811e98e7bdd6d7
77f3b85e114dad609162,L1,rwm,2.4,0.8485281374238569,1,completed,True,0.1684085010779493,0.297119140625,4096,1.02234459297002,205.590269993227,296.768421558761,0,0.41691483301110566,0.23724054195918143,0.16743241716176271,968e81760ced3bc5952697b7febf2133fa52e70cb20323e80115103e42f4b397,753588d9c73c496f8f2a0dd8714287369189d31158ad33254d811bbc973af723
d0de1312f03eac8a649b,L1,rwm,3.5,1.2374368670764582,0,completed,False,0.1401485214389431,0.13427734375,4096,1.04345756852668,85.8684249541736,59.2967577073779,0,0.39739304198883474,0.23542462498880923,0.15053712483495474,04790354c74500211f3066ce0ab3b5ed56d05cbc92e3fbf7bfc3648c51366ae0,76925a161440e5aceae82fc97576bdfc8754652f3b59c3613569af13daaddfbd
35ff2554bb03f21c2dae,L1,rwm,3.5,1.2374368670764582,1,completed,False,0.15286696545919964,0.142822265625,4096,1.02684761054838,139.625001222117,183.30356282098,0,0.38956875004805624,0.22193262493237853,0.1589412500616163,74372f8535546319d7763e27480e2aed946064b19b9d9880c354abf8a97fe33d,00308c864fdf1baf741c0918921c31b539f888aa97d4e50c4780c9f89bde6e50
9d9629ea5e7d242e1748,L1,rwm,5.0,1.7677669529663687,0,completed,False,0.06814132906549017,0.043212890625,4096,1.15045200397607,23.2140571407923,34.846660989388,0,0.4058535420335829,0.2334194160066545,0.16578487493097782,87adb4a32f7f14224e297dcfcd8b9b8644c9e240d602dc067cce467b2bc86462,c7c7439361718ab7c79808b09912bc5944f2a1fa022deb24dab9eca94aaed00a
cca82cfe95bd80434a1a,L1,rwm,5.0,1.7677669529663687,1,completed,False,0.06494714428975518,0.041748046875,4096,1.07514129408196,52.5569544700643,79.6100175224324,0,0.3919774580281228,0.23066195915453136,0.15431670797988772,194322ef20dbcbbbcea48f118708f60dff0437b1d03264d109ae5c122072827c,3bc04f23957cddf1e55daf872a4dd66eb0e18230d484f452670d8f6966be88d5
f8ca9acc6b54b6d799e7,L1,mala,0.1,0.05,0,completed,False,0.10055956969458713,0.994873046875,4096,1.04928967561068,71.8278202096927,157.455531736182,0,1.151302375132218,0.8258904158137739,0.29881849978119135,f41863708c74d0f8e1147f6f4723acdca8eded81f50b08ca5f91642e12519c70,ad5aca8cba3aa714f7e2402684a57852fe5f37de6c0f830cec199b3d1b0ac072
dc471453acae0d4fd673,L1,mala,0.1,0.05,1,completed,False,0.1005762730734373,0.98974609375,4096,1.05033045008494,80.9335101076832,164.523291056365,0,1.1415124998893589,0.8259063330478966,0.29396995808929205,007ecb97d064fb513d56deb7afd562dc831685e0419f2487d1e44a72592266bf,8822ee05fc2304940e673b43bae041a8b3f1ccd412d8057a204ff9d0a1117e19
81b509affe05c11ed092,L1,mala,0.3,0.15,0,completed,False,0.30399921253657025,0.9619140625,4096,1.01994721990449,294.249582942731,506.046632443838,0,1.1459109999705106,0.8212375000584871,0.29628341691568494,4f33879c86396b330e0d0f9f62f160dc9f775f04c6ccdd560f56c2edeb78b823,caacb55ae564ca5b0c990978b325f4eff0bd21c0247bf7546fb85d4cf0c42721
a3c11b38ff92a00ccb50,L1,mala,0.3,0.15,1,completed,False,0.3020305128982287,0.95458984375,4096,1.01712798929482,283.149569375171,638.57807660124,0,1.1447795419953763,0.8216773748863488,0.2973247920162976,65ab32351459d53912db25293cc80b19e9e1b7f20fcc41e672e26fd73ef12482,9cfc83f78df7e7719c63f89cefd1aceb233db212829e9bf0290742a138eef5b4
da75582380fc62bd837b,L1,mala,0.6,0.3,0,completed,False,0.5899686420760637,0.886962890625,4096,1.00755799092023,659.321201530339,1139.42322952626,0,1.135611915960908,0.8162428748328239,0.29667354095727205,53d98b9c39888b410616b12d79bd6cb8cb386effa52c4544f1a89e2c0e2541c0,310b5f39bf753eb59848b57e2fdadf2f442fb9f4b484f6fbc4fea4f7a526c0e6
d6484b73eb8924641c41,L1,mala,0.6,0.3,1,completed,False,0.5832085664420785,0.875244140625,4096,1.00756281483881,645.87631654948,1046.76314043727,0,1.134931166889146,0.8233771671075374,0.29093441693112254,c80e1dc639991017a93a8a65807d3b3e47752bef62b9c622d007c474d475be00,1c72542d622ce193ecc7da453bd72e4ce67924ad9021c5f01ad80db66e132997
2b815e528f928df56007,L1,mala,1.0,0.5,0,completed,False,0.8782942651759116,0.751953125,4096,1.00253448931218,1044.28201783653,1768.90119095363,0,1.192366790957749,0.8736395419109613,0.2996330000460148,6379e2286583dfe682189e72f47b7939d688294f5483c0bc95bebe3b0861be54,8a920ddd0eb7fd7dce7b1a848909f0f777f528ed748eb14ea615d5f6445daec4
5d74c4ee640b581e5441,L1,mala,1.0,0.5,1,completed,False,0.8732669358898777,0.74169921875,4096,1.00368024328017,1057.27197110971,1658.31158500798,0,1.149752208031714,0.8203371248673648,0.30932900006882846,86198b30fc4200e2a626e959c8caeab4f2f231b0a5fa19cd5355e51823ef1192,3c6d3a607dc0fccf75687a806fd88def1982d916da582ebf12ec1ac66e1cb912
36b39e65869262a42f44,L1,mala,1.6,0.8,0,completed,True,1.0182431304002453,0.52001953125,4096,1.00206966901354,1041.31308846902,1463.8903826913,0,1.1378797499928623,0.8165218329522759,0.30307758296839893,ca807ac958c7bcea248263a58f6a7a96f93c8be1af535e5377d4ac898b681b87,1f2355b5d9c25d367d291cb38aba33b26e6534ffdb9ad1adda61a495d53d7efc
5f71fe22415678dc4d85,L1,mala,1.6,0.8,1,completed,True,0.9937171381048309,0.510009765625,4096,1.00232674898585,1204.82027926697,1278.87031081959,0,1.139232125133276,0.8249839579220861,0.29908583289943635,5bb53331183dea655c536d231b7333faa5f51b00e5e0fde4819cd430f0aba3fe,b450422905b5221db5823664373908ea83ed37fac918f7cc9338c174c3a625a5
d64907afc22f78c935f3,L1,mala,2.4,1.2,0,completed,False,0.6835464224252177,0.2470703125,4096,1.01550579956043,567.18497550126,485.767821953037,0,1.1428317080717534,0.8314002910628915,0.30146516603417695,a70d295105d24fc20bd3bf6be2ba60a63950cb38483bcf9f40e8229303b15cd5,56ea92848ab48a2fa229e30c9de3d9f6d06a04e95de8039e33eff0d90d96a6ea
349d428daaf5ed0047c8,L1,mala,2.4,1.2,1,completed,False,0.7618810911415828,0.25830078125,4096,1.00765287068624,520.637333582889,734.374293543411,0,1.1320529580116272,0.8225702920462936,0.29937520902603865,cd547a9bc1f9ece46d326edf696fcdcd7ab076ed3575a1807bcb1e6b3a1217a6,e681d2a391407b6302639d7eb0fd5e82acd04b265dd4d2a8962069027d2ee968
78cd070714d952abda56,L2,rwm,0.5,0.17677669529663687,0,completed,False,0.02364713387575078,0.791748046875,4096,1.22646957167938,13.703625119601,51.8554558762576,1,1.6527772499248385,0.6780427498742938,0.928942957893014,fff9ab100f1361ee1e64653aa1157da1948ca02d0e5df886908f2a0aabbf9d4e,cfc980335a62e8dc5cd23c18f8718faabae47363642d77a88691c749f57ade15
c472a971ec994bbe87c3,L2,rwm,0.5,0.17677669529663687,1,completed,False,0.02431535401563197,0.81005859375,4096,1.1464123610078,24.3057851141774,13.142787907873,1,1.653009417001158,0.6936625421512872,0.9124728750903159,ba4f5f62ee451f20c34a56f628a9f83dbfaee362ef3a4d25e55136a5c083e154,13cc64c6edd4a2cfc7865218e9e998afd9bef7742c5bce6fb1ed5d70b90ba79a
cfab771602314f3efbe5,L2,rwm,1.0,0.35355339059327373,0,completed,False,0.07203186402516085,0.625244140625,4096,1.0727761826944,75.3795818323095,98.5862362438551,1,1.6609059998299927,0.690340125001967,0.9313675831072032,0ab00526bc23eca6aef75a40dc2391896a00caf3be6a4f735076475a3e818865,b00138ef190f6ca7eb09e5917e3575f1af39ee84f3ed9c0c3622d85761cd5f98
31249bd473c9595147f2,L2,rwm,1.0,0.35355339059327373,1,completed,False,0.07410619130175031,0.640869140625,4096,1.02780545595167,59.3454259206652,98.3133929013893,1,1.6584892079699785,0.6893909999635071,0.9244900830090046,925513eeda8ae30afff972771e9b4f9879ab6d7aa224e26e79b074fc96053770,9dd6a8d403d5a2f1df73bc51f36c2db53e6b9c2945f6195d48f6fb4feba7eff8
41d0a8de55ef1ac82c7d,L2,rwm,1.5,0.5303300858899106,0,completed,False,0.12070332942019463,0.4833984375,4096,1.048628037971,102.407478966441,151.199093451767,1,1.683369749924168,0.692215875023976,0.9495707498863339,af160dd0bf1d8a7e6f24f931739a4893a1ee77397d02bfcf95c839203bcc44ce,0774e3ee77dd861c4bbdadd99b5b893ebb8c6219780c6959901fbec99316d755
b40aead37421a64992c4,L2,rwm,1.5,0.5303300858899106,1,completed,False,0.1183229761634011,0.480224609375,4096,1.02379339459061,129.814195295388,298.586644671782,1,1.651860584039241,0.6817081249319017,0.9289193339645863,8e327b273df3b03d6999ad25d7ce0b4dcef246607a99e325f3cc23786c78e0fd,12a489252a146c00a79998840ecfbc4e2903db1f5f0de6133cb3334b81a0eae5
bfa551a8774b1089f182,L2,rwm,2.4,0.8485281374238569,0,completed,True,0.1541592909063641,0.26416015625,4096,1.05819305741704,97.1633059064866,156.437629468501,1,1.6583810420706868,0.6942242081277072,0.9287728748749942,5e729288686c80e76f473f68e0894a2122de4f2564d1055cb18bcc6992bd5a08,4b3350d248e9d04d97c81976bdf906e70d871222f1e6732d579127dd4c9f792c
2bd43cc7b81918da3861,L2,rwm,2.4,0.8485281374238569,1,completed,True,0.15328150345309344,0.26953125,4096,1.01991093549783,125.753045062221,284.826077852836,1,1.6509090829640627,0.6864221668802202,0.9320700829848647,85d4851b3eeeb15155587e9e3533ee5aa9c59c41b6bff8cf748162eafd81f6da,867627ed95c654b21a62c167aba51e796f0da315c2889a1236b92484249e5d44
385bd34665b6e5a394f2,L2,rwm,3.5,1.2374368670764582,0,completed,False,0.13671910685873317,0.1279296875,4096,1.04320981034976,120.652814561234,188.240792051465,1,1.6526650001760572,0.6847350001335144,0.9382820420432836,78253c7764149dd867b9071f115c272ca85f480f920f0968a5d576e7e0c9c8c9,4f08ead7781152d3b77d684b4df7d83f08da05c46ee2dc2a07388a2361745ab8
995db32c325ca773886a,L2,rwm,3.5,1.2374368670764582,1,completed,False,0.13548566295529485,0.130126953125,4096,1.04344528049059,142.92871653617,150.814753216547,1,1.6537840829696506,0.6857526248786598,0.932846374809742,b448927a44dab62c6d95f8c86210ea175ec13f7247db2b9cef7f1a680b7fa602,27730ce52443a35ebecd344b4c0469c24d36a234b5a7e0ebc7b14408dc244035
74e2a8105fb600b78d5d,L2,rwm,5.0,1.7677669529663687,0,completed,False,0.060596740105456896,0.03662109375,4096,1.21630486519727,64.9026244244596,64.4734267078309,1,1.6586992091033608,0.6847390001639724,0.9443790840450674,5143fb51524911130167e8cce97ca1004eefc686294b1cbbb1a1221ab738eb64,e19fd8127fb2091509b907d1f33a06fc04f4a3c83c37e83fb12416431e80c9fa
6fd57d667d94519aa8af,L2,rwm,5.0,1.7677669529663687,1,completed,False,0.08506326187218557,0.049072265625,4096,1.07365361087098,56.7003687270356,114.190861384791,1,1.6853781670797616,0.6968919169157743,0.9547881248872727,976aab224caedcf7ca85c8b8c8649fd2303fd54313a83f5876eea40f154d7127,7fa73828af2c28a5f65054ed555924f5c6555311457483f4b132fc2598ab43c6
79128bc3a0fee684bbd5,L2,mala,0.1,0.05,0,completed,False,0.10071095775922767,0.98876953125,4096,1.06631100053168,50.0973319383441,73.6009717936516,1,3.6492535839788616,1.958981541916728,1.645213584182784,3ee5f1de179f3ff033e8294a9d18b7ed057ecd1afdc8a16ca54c8e75a48cc9ff,0481648a8bc5286f068fdc06350ab54ef672e0fd7bcae6360ee46a9845d28849
18198a0e7d45d0576b26,L2,mala,0.1,0.05,1,completed,False,0.10008234288782217,0.99169921875,4096,1.03033631672145,85.9506255340731,236.174866482622,1,3.6098254160024226,1.9649257089477032,1.6010158329736441,f4ca8b77464ce094f98f0129e12065ce969ce31e1b5c3a56f0c4e6b58445f849,38793eb1299388c9129b4ca10a211df073a675d50ada3c03aee21312b688d494
bace47c4baccf9a3bfdf,L2,mala,0.3,0.15,0,completed,False,0.30233155167689424,0.950439453125,4096,1.02057867623477,308.230167571176,710.989642335428,1,3.632892832858488,1.9490476250648499,1.6317730001173913,c7863e521a4eaf26d37c3e9c390f31e783ca483c002de3e191166b1d2a2ea0ba,820e7973156512c33e6a8e4bfa52f1e6b3e0ca37ef6de6fc8d32a9c7aecbe8f8
ab8a8ceed264eaa574ae,L2,mala,0.3,0.15,1,completed,False,0.3035731864895742,0.957275390625,4096,1.0086272594686,298.294108512151,613.750141574385,1,3.6335672079585493,1.9522280420642346,1.6345040418673307,9b6172471efb08e99316be88a3ce733a8b773eacdd97f0275db3993412b8e96a,79c3ad2777fb9881c0a02cdca1c070d4bc4ca767cdfb93e19c1a31bac96655d2
9038ded1e85a3a555097,L2,mala,0.6,0.3,0,completed,False,0.5814983636996666,0.866455078125,4096,1.00903905371865,650.353083599378,1053.35229170069,1,3.6441222499124706,1.9669256669003516,1.627142832847312,89fd2d9d3a0bc356002c95ff9dc93cb53eb9cdb4ba3346f8f5b887ad7e2cdce2,bdc9c349224ff640c7ff036f1ae6bd29837a885a910f4f10b5b3aaab1bfdffea
6b7f4c3398000d659b07,L2,mala,0.6,0.3,1,completed,False,0.5829664805039737,0.86962890625,4096,1.00429427609869,644.378708394471,1371.60742108758,1,3.639659540960565,1.9612139170058072,1.6309010840486735,879f2eed2154b32cefd794118818f86c2ac61564f22734fe85792a1424984cbc,101e9027ffbd8bb6b502b8ddb01eb42a1a91b85400347cb2579eddaa78718c80
68ab365798007bfccbcb,L2,mala,1.0,0.5,0,completed,False,0.8652607683610678,0.731201171875,4096,1.00441418207047,1132.4775506587,1704.27221647718,1,3.6560902090277523,1.9584906250238419,1.6468512499704957,ec6635a12eb1d52d6cda2e4df75bf7a9a4d8e60dbb1ae1420f872616557cebd5,ac77014af1aebaafe0bad941298aa9830ef757fc45c3ac3a74de29992d195630
dd56924fa93e42f2afe7,L2,mala,1.0,0.5,1,completed,False,0.8671069821548113,0.734619140625,4096,1.00329874226788,1064.60720428341,1576.51667446877,1,3.6562449170742184,1.9733454589731991,1.640130833024159,00d5546904bf6436c462dc942af52c294b50c02d4627ea0acb0ef0713b883908,ed3823a659e798d1bd240a173658bb07731a23723bec9adba4abbd6c7b941034
5b5ba22b1dd31aef2255,L2,mala,1.6,0.8,0,completed,True,1.0273586055656467,0.5107421875,4096,1.00319519614498,1316.37531692997,1556.15869471247,1,3.6687704999931157,1.9894764579366893,1.6341257088351995,d83fded669d23f746d9675ed34e4657fae3e693b0f85496ecfca4266a3b2c863,173696e557790128d2e6dc72a4d24a8eb1d47505cd07bec7295bf61154715f94
71fb17dd304dc15eaf7f,L2,mala,1.6,0.8,1,completed,True,1.0169292432851633,0.5068359375,4096,1.01185362637194,1257.77539461364,1354.93253588895,1,3.6598623329773545,1.9795617498457432,1.6422750409692526,a109d8686ed002187a1d3b4d0086e51edf1b876bef8b18890e920871e718594f,31064594ff46c7e32890c13bc889e07680b5326244cf7e6aea73617dc1126bdc
34edfcd383dda2716c15,L2,mala,2.4,1.2,0,completed,False,0.6818246072218912,0.2294921875,4096,1.01319768679439,462.381892542359,668.735508055093,1,3.6488404169213027,1.9589187919627875,1.6580412921030074,bda131e5f915e2013b0b5e273e3c7c201f7fc2ca075f1eeed94db5901c0f27ef,0ed21000926a9b0a09511d9bef9d30582bf4c2d23db50e336df0b5ccafe9c975
ee6879f41884a1bdba44,L2,mala,2.4,1.2,1,completed,False,0.6900929490170296,0.23388671875,4096,1.01441564953745,572.865872651014,502.582360654143,1,3.7154139999765903,2.025874374900013,1.6527427090331912,32a5c95223edeaf2e9bff3f00ee61f22eae3159621236570f07ac766928162e9,8ba9702c4524b09f3b5580e4c7065fd9eb98a57f9050096eeba63a8a9c409df6
2ed0211a77910f3e509d,H1,rwm,0.5,0.16666666666666666,0,completed,False,0.018606702329080106,0.703125,4096,2.43247973922753,4.88173572239231,14.4172136841246,0,0.28718262491747737,0.20907158311456442,0.06016633310355246,8bcf7cc0d14b19310475c2682dcfc1acf44dc78f83e52c57c4d7af300d51ad36,2000ca802b8ecbdec7d9f57b95972f379d23af3f8589c22a4006550d49784c41
54d09cb7477da9f4bc96,H1,rwm,0.5,0.16666666666666666,1,completed,False,0.0201345431102099,0.739013671875,4096,2.41367885837581,4.90181695881453,15.2656580661726,0,0.2908952080179006,0.20752233313396573,0.06016837479546666,f947117c404f43ac804f4380f16a79e5388d5b660e392ed036ba3083927651a0,537fcde67b0d97e704b2fbb49532d883261932b5a8c4a827940c59633c5a7ccf
a5ea16732cd5145151ac,H1,rwm,1.0,0.3333333333333333,0,completed,False,0.04024601486815528,0.390625,4096,1.73246057764716,6.19323039283421,48.6801226138101,0,0.27842595893889666,0.20468533295206726,0.06063504214398563,842b2e28df29cde546a7834dc3717d2a48323250ce2f4a6413b6718759f0d646,b4a58e95ab6b6759a8f8c2d35fbc9b422e4402efceb8384a879bb6eb20adc0ec
0d2c320463198f2c82c3,H1,rwm,1.0,0.3333333333333333,1,completed,False,0.05186948525256134,0.4853515625,4096,2.25987177071038,5.07064791781797,6.65186694580833,0,0.28333833278156817,0.20281808311119676,0.06599450018256903,f8e9ce171349c2e020bb344f8af790c30ce1293d73902eaae32b3d45bc05fa30,46b3f9b2ce6c85d12e8b657f4a76f740a989c6536ee4d2db8054d04fdbb92504
32872cf2f6a50ccbdded,H1,rwm,1.5,0.5,0,completed,False,0.05568480968793081,0.252197265625,4096,1.83967964270677,5.82814134951002,15.1543276613564,0,0.279993083095178,0.20352320885285735,0.06628187489695847,e3085368c6bb0aff5e651f4286d94171b66d405db4fd1982b393cfa479d04fda,8ff7b99eff70fa71bd971415eea2b9d2dcce651152add5db312e5fa908e8d7dc
b0380d5da5e17a65d0b2,H1,rwm,1.5,0.5,1,completed,False,0.10218984817695066,0.442626953125,4096,1.91257838248533,5.61414737517452,11.2235817410412,0,0.28404470905661583,0.20413529104553163,0.06578733399510384,89d0def3fe15962172510fdabd6dfbe61ce6a833438229e410b8859f678f2f89,9a976b2ab9f54b55ceaf8f117242fb56c777258a7af41e905e16054839ac01c4
799c42351a48479f0dd9,H1,rwm,2.4,0.7999999999999999,0,completed,False,0.14898389220030347,0.264892578125,4096,1.54776121726012,7.22871968700557,11.2367395917657,0,0.28835637494921684,0.21855641691945493,0.05954045779071748,3b5d36086abf510f19addd9435f7734a9391068d2fd014c373f9ac18cb0513b0,00ae4fa75d01cb788cf15a96143fada33d410ebf2aa3b4142931f505c0851a29
495e9e53ca13197933a5,H1,rwm,2.4,0.7999999999999999,1,completed,False,0.25011223365216906,0.4306640625,4096,1.54450840533582,7.15796614155038,31.2062933105747,0,0.27392454189248383,0.19978183298371732,0.061631958931684494,845dbeebc0b4cd7b02e1d8fb576e98d9ea5800f076a9ec9daa2f4d9e26b811ef,b576ebd446a60c86d3e3679cabe733f5a7c599bcc3b70fd17085d8a3cb6cc3b3
44de87e1b18c49276d83,H1,rwm,3.5,1.1666666666666667,0,completed,False,0.2005165722005049,0.175537109375,4096,1.62617813542961,6.61505851077365,33.9958552908118,0,0.27020799997262657,0.20223375014029443,0.06005441700108349,fd8e58894acc5c86bbe19b61fe9319bf1733e432518666bb149c2ba92bf4fee6,f6eb5cff2f464e1eb8eb26fd89aa0268e2c67ca26bc51b39536d68f42643f537
115179f769f55e2ae130,H1,rwm,3.5,1.1666666666666667,1,completed,False,0.1966128514242695,0.1708984375,4096,1.54448750785571,7.48045234633463,7.10048629014066,0,0.2753031251486391,0.20791624998673797,0.06001925002783537,f37eca4920bd547ce15db33b8556548588317261eeb1b55b15c3c1fa328ddef1,5945f5eed76eb6e3265bead28325b6f06057ae3268999f3825457f75fd44bb80
bdd60a76f8a6febe3b54,H1,rwm,5.0,1.6666666666666667,0,completed,True,0.2670708881292031,0.1171875,4096,1.60961937968832,6.67368611157296,4.81018363381679,0,0.2766167498193681,0.2134434999898076,0.056365625001490116,f4e73d6a9431bf7524a5029a5b32d9f9d30a09c80f1f92ddcdb890a5a15d0014,47cffa57f49af7bb879f2c2d1d6f8d26ba5091aa3cfa26461dc4fbbcfea45edc
ee7b4f237b03ce0d88c1,H1,rwm,5.0,1.6666666666666667,1,completed,True,0.182057936794077,0.0859375,4096,1.83274886624198,5.83745123355166,5.77253978126735,0,0.2770024579949677,0.21060049999505281,0.06039741705171764,e1411561d332acf6f8663634508ea46149e5267bfae20fa19652d11422bab598,ef0b039a98ca9cd3e3d25ad5f227d9891a3fab2ca0f79ec7585a76293ea8fc11
16735ef5fb639dbede9e,H1,mala,0.1,0.048074985676913616,0,completed,False,0.040169649495119364,0.40673828125,4096,2.84336918228432,4.81616265762435,4.06385295079579,0,1.031201208010316,0.8405738750007004,0.1775908749550581,b03bd24a8d7a9cf9672f0c2d33bb51b766b1e782b33d49730d6031dbadbcbb71,0abe7bf2f7e8eccdc5f0bd744a290d1d9c519c17501779a3eb17a83e3019f725
74d0cd4edb967c511647,H1,mala,0.1,0.048074985676913616,1,completed,False,0.07936423849432306,0.80322265625,4096,1.76470428974335,6.04778928479395,5.25187530325938,0,1.15909658302553,0.9466326669789851,0.19352150009945035,df7fd7a7395d24bd06ba5acbe970e71ffaf45a1797c27710c8e2193c4890ddde,7013a392c3a114bd137e3442fa92df7b0faf5946d10e6ca5d170de45705df2ee
75389088643119c5fd4c,H1,mala,0.3,0.14422495703074084,0,completed,False,0.11405787492404426,0.3916015625,4096,2.29459695483546,5.07969154659639,4.03149606299213,0,1.009063874837011,0.8246039170771837,0.1697868329938501,d7da2fc5548fe89685aa5219a9ca0187b4f262328ff75c4c8eeea4be8c1143b0,e9ffaccf516e2ed54c5667e728f1a9f3ddae416c00b5fcfde4db5ea337daccc1
af1be5c32a4919dc65ac,H1,mala,0.3,0.14422495703074084,1,completed,False,0.11032803116106063,0.36279296875,4096,2.11712453742366,5.87136566847254,4.17815959016957,0,1.0082922920119017,0.820222666952759,0.17062804196029902,2bf13e009900365ac5b0775107a4a8d738e8a57c5cfda9f5c7d88973dc7a0dbc,cd32e18e20bf38165c0277a5de5a3956e81af46d5a052ccd15e86a7cf9f4759d
6d2b00a128ec6881b5a8,H1,mala,0.6,0.2884499140614817,0,completed,False,0.11971677189161382,0.2109375,4096,3.78922590097903,4.35302005856155,4.03149606299213,0,1.0154352081008255,0.8307292079553008,0.17593554221093655,64a5d673849f829dab8fd34727f1e40e08cec0c0e8feddfd7dc496e1049810ec,413a349f1f906f2524af560b36619dfca3ac4b55c2210c0551279f1a18e01946
bcbe4e0e40fff284062e,H1,mala,0.6,0.2884499140614817,1,completed,False,0.16196003443301388,0.272216796875,4096,2.40659729033868,4.95967507231418,4.03149606299213,0,1.0110385830048472,0.823240082943812,0.1761142499744892,33b7eebb3f4717bd38bdf2d600d466328f082f8dd5c05a3ec458fe9c089563d5,72d38dd13e036049a96bd895c5d09354c9014fc5fef10fa140e0ec7b6173bcaa
5f1200d5ee79b1ab283e,H1,mala,1.0,0.4807498567691361,0,completed,True,0.16570828880307456,0.174560546875,4096,2.5195406326895,4.83698664302083,4.03149606299213,0,1.0257903339806944,0.8358255829662085,0.18107716692611575,0ac9832a36fccc9c7f6faf267661774c35eeb519fb72b9ffec9656aac954ad82,7478985d7994b502c7b2602a5ed4ea82791c6a605f1b811a399ef6e7490d5909
1cb8e8e1b8db16339eea,H1,mala,1.0,0.4807498567691361,1,completed,True,0.19407870577292183,0.201416015625,4096,3.58546509299448,4.38957616848778,4.03149606299213,0,1.0342093331273645,0.8450705830473453,0.1804692088626325,c06f4d6d80c5884c322085c2a1110fd76e31ed8c863ab3919099c2cf48797cf3,f362284b60cb0c01eae9d7f91139ddf7643c068606a516c871c57444dc354612
307399e12e0ba8bf88c3,H1,mala,1.6,0.7691997708306179,0,failed,False,,,4096,,,,,1.0193459170404822,0.8423700840212405,0.17243154090829194,cc61b673ab711fd1df6e12bb471ef46b2f21fc8053a236dee6ea23fdf7970fbb,8a6660336ae3a545619803db0b689dac163df1af6f72ef5a866e52c3a5e588eb
1bffac231cc6b7be05b2,H1,mala,1.6,0.7691997708306179,1,failed,False,,,4096,,,,,1.0013178340159357,0.8232720829546452,0.17333587491884828,f5b8e05fc1e19faec4a40cf3c89308a82b32d0af9ff09a22431815d5f2ef71bf,798124249610c1e59e4a0468f3e87892a394863e4e2971b6d1765566b4d7cc09
e39a12a7444cbe09c8ed,H1,mala,2.4,1.1537996562459267,0,failed,False,,,4096,,,,,1.0276952080894262,0.8443999169394374,0.17919070809148252,d6f2d8dd3d6d0a5d890568641ef483ca58dfbc8484c36c21d3522e5c3c3eef49,5d7c1caaf7d84d89d6c2b88c602e1bf7094ab019aa91517f9c9013ccceaa981b
b12891261cc6d364574e,H1,mala,2.4,1.1537996562459267,1,failed,False,,,4096,,,,,1.007748916046694,0.8400450830813497,0.1637321668677032,e2f2b486809efe831e40179756d61dd8df2c98bc78283c3841a0c7f06a5f410c,c04b1b581cc2fa370bc6d88acff9e36f8a8891fe4d6f66b8cc92cf048402635f
7e7d1c677d3cb8b53662,H2,rwm,0.5,0.16666666666666666,0,completed,False,0.0225700485802648,0.829833984375,4096,1.27018342051813,12.3219230562058,63.0315613175304,0,0.2498452910222113,0.1684501669369638,0.0529892910271883,be1b460840185624e5d06d7ebd5be8c4c72ca3d1543b76aafea4135ad910a9d8,b31b5c90ce9b1ca6545cc6eebbefa1d937cc30ce8463b4f6aee51b7a808482b3
778710003a8be7eccb50,H2,rwm,0.5,0.16666666666666666,1,completed,False,0.02223766496558125,0.822265625,4096,2.15445496306722,5.20519696500959,20.4887511443217,0,0.2445569580886513,0.16459170798771083,0.052342416951432824,b03f9326acc89dc9cd236af714d669b42a1cbb18bfe4c7a146e420c9bc007b4e,3e93030b8e079237b5dcc4cdb14d604829de7c3900ef90ee975a349d9efb0e99
f610c68196bff17ae950,H2,rwm,1.0,0.3333333333333333,0,completed,False,0.06875817150400777,0.653076171875,4096,1.15708486375308,20.1436990577126,53.1535363611431,0,0.23929695901460946,0.16160266706719995,0.05495183286257088,ec04f4f1a77fb5953095700655e38192575f0fce630460ce02ee1e32710c25e5,d0be60398274b0fca122925389d7609ddf10ddf3909c31032b7f563d5a977d8c
9aa66751ff32f5388ff9,H2,rwm,1.0,0.3333333333333333,1,completed,False,0.06671566332965499,0.644775390625,4096,1.33329935131315,9.8779014512347,79.7019192644074,0,0.23930141609162092,0.16351275006309152,0.05383833311498165,8156c0c58babffc52a4d31748d182a6ed39c5d383abb12c405b48f85077b6cb7,c7662f1ba5a535b27834eb1a71e58a13afa0c48e2a179a9e5baaa0fa102e92e2
9426d0a90d3f96353986,H2,rwm,1.5,0.5,0,completed,False,0.11434450339728036,0.503173828125,4096,1.29750343096857,11.134742028063,58.5170184555465,0,0.23447129200212657,0.16550129186362028,0.053725124802440405,192920f9292ec921ead6ff0ec722809e93b45a06064ce5d958c6425a156e55d0,13ed95d166ec76bf24d5313a611d702c566db9265653b5c89e6d79834027cca4
75535015a65b227e4e49,H2,rwm,1.5,0.5,1,completed,False,0.11083844389244336,0.492919921875,4096,1.22890208426569,13.7740722626706,59.0332152689902,0,0.24047212512232363,0.16460791695863008,0.05913408286869526,3d8569cf675057514f36f952b262a20a4b6e6d50640149451b892961ed9b33c9,995caaa2fbe9428ae798500a14708d004037e5ecdbcee8a8898f3c510cea237d
ea18f4739c26e221f85a,H2,rwm,2.4,0.7999999999999999,0,completed,True,0.1510873870096358,0.282958984375,4096,1.16029509673226,18.9275534608388,29.9943596798809,0,0.22913712519221008,0.16798191680572927,0.04754337505437434,1b7d47bb755702e3059bc81987968e7d2eb91d004eb7e82d8b22ce6898fdc93f,dec98ed1e774848e47dd1660f084f3ae7299577b638453ab938701f307698374
186652b0ff85662e7f9b,H2,rwm,2.4,0.7999999999999999,1,completed,True,0.14986250393732897,0.285400390625,4096,1.12706030080504,24.0727533039041,51.7077998094812,0,0.23149916692636907,0.16346674994565547,0.056431708158925176,3bd92a77e05f75c3e9afb1852ef5310879d1acf7e4a4016325619fe7a3b17bd6,adb027c5873a71dc5053decebf64e674d84c1966e3f0231183d517a9fa88cd9c
47368902051e2ebc3f97,H2,rwm,3.5,1.1666666666666667,0,completed,False,0.139327693180604,0.138916015625,4096,1.15245470780859,22.7330460766503,148.268155432095,0,0.21654745796695352,0.1588517080526799,0.05039879190735519,847ec7224206157e148ccd31c27b588a723b9dcc7b8c3dd9fde058d0eda424ec,7fd96a2e2a8306231864dc48dcf628a0316da7a912ce26ce93490c57d5b8e008
11edf1b2a0bdfe954971,H2,rwm,3.5,1.1666666666666667,1,completed,False,0.14150469434237317,0.14306640625,4096,1.24789984950545,12.769779895798,20.9799081216128,0,0.23130254191346467,0.16932612494565547,0.0537455421872437,919c69a43f0af790b010cd855969e7e1dc9fdb2f3f2cd58e5486c80e36768575,ece309e5bcca5d1234e9f4e08fb65352eb138888b57a3358c77ddb8a834276f6
49226c1b924884826707,H2,rwm,5.0,1.6666666666666667,0,completed,False,0.08287170815150655,0.050048828125,4096,1.21087780361742,27.255117117487,30.7308063017338,0,0.2337752089370042,0.17459291708655655,0.053361209109425545,063547fe6c04ec20015afab49236f53b6fe38b151f6fe4aab8da9be7686ff436,06f0234b206f3a082468de158a0664e8aba47a9762bc2ee488ba556e216aca4b
27fce78a7e538b120b45,H2,rwm,5.0,1.6666666666666667,1,completed,False,0.07162462745862437,0.044189453125,4096,1.27635996958376,11.791148187178,14.1897301716177,0,0.22784645901992917,0.16598324989899993,0.056280541932210326,f376f1c4bf206c608afb641d8bb669aac56ec2e5f21139f57b6b05e59973962c,8036bed0cdfeea12298d257b1ce4d2a284953baaf03c5ea73f62ae88d4478e91
d25c031a87d0660ac6bf,H2,mala,0.1,0.048074985676913616,0,completed,False,0.09770728479557346,0.990966796875,4096,1.21185195779122,13.1297785677909,24.8102811610876,0,0.7698685829527676,0.6101574169006199,0.13285720790736377,ee260d6749473bd1366c5c2f720ff811fa7cdd638336eafac52ac8024074f133,541d44cedb8f1d18ff1b446637166c21c4256e57ba244e6455a84a8bd1d6202c
f2ac04dbf944152789bc,H2,mala,0.1,0.048074985676913616,1,completed,False,0.09693380053439411,0.98974609375,4096,1.48744005187482,7.73620537341653,46.0175632767272,0,0.7495224999729544,0.5942546660080552,0.13336774986237288,1f119c3e731513f52c0fcf4f39e9966c9989920431a26cdc3ec8437b27e5af50,b538b9c28364a7f16d248f0a48fd2263ec9f4afa3fb5bfbc90e98af51b4d1db1
8904d6a2763222ee4e8a,H2,mala,0.3,0.14422495703074084,0,completed,False,0.2947450891015123,0.9580078125,4096,1.04900753779944,56.6186980996018,34.8863809682663,0,0.7550170419272035,0.5991376249585301,0.1342174590099603,20a4b8fec2f277d0c9407071511cab2b315c825e43a4515cf914fcc05a0a6c0f,0d9fe15a86e4c8b401851067d4e37b608fa782aaa22a8952044180871b7d297b
81b79532b7e76c4332af,H2,mala,0.3,0.14422495703074084,1,completed,False,0.2913994769654603,0.958251953125,4096,1.12765751794681,22.899051524932,105.660504642403,0,0.763433916028589,0.6028015830088407,0.13463495788164437,da70a88521c6630791d7e97b9a396346db40def6473b1a9e61b0ee3451d38113,9ee5581f03d13659fea8c88d4703e46f24408717ec6c4d877bc959d0a297bc6a
86a33d696e0dc4487ac0,H2,mala,0.6,0.2884499140614817,0,completed,False,0.5651595989206968,0.87548828125,4096,1.05178509966774,76.1624481534094,109.03542505335,0,0.756819959031418,0.6020652081351727,0.1294298751745373,45dbaa9f9eed36030edc208909531c28d181338e53960ffad6d5edc27e070cfc,d31481bfdef9861d6a70373704bcbb74110fb38d82425691d5b2fba6526b1f6c
37875ca245cc17ed6e8c,H2,mala,0.6,0.2884499140614817,1,completed,False,0.5603277109573733,0.87939453125,4096,1.05020142248196,86.6890795296654,240.76968706328,0,0.7490017910022289,0.5976162089500576,0.13099470920860767,24100288075cc98f555afc2bd3533b1128cf0bf7760aa21983ae3874a9055583,6834cbf0c2b1b1b9abba4c61168d452e77227575a536a96938c6092ab27e3e27
e9f912f678d8d5872da0,H2,mala,1.0,0.4807498567691361,0,completed,False,0.8349526503445184,0.73779296875,4096,1.02803663439513,110.409860530504,311.937733511542,0,0.7732447080779821,0.6170862917788327,0.1374079161323607,ecaa544df033af1379f253c2ebf15d4043873ac98960b38059f6512b5d6f4797,9e8cbde1e4fba368fd21a2d51926576503a385bb86707f50ea1d9aa6006b85a6
40fe08ccede9526fcfca,H2,mala,1.0,0.4807498567691361,1,completed,False,0.8415164641872596,0.746826171875,4096,1.05716435981051,120.970818561332,257.666237945526,0,0.7614140000659972,0.6040735419373959,0.1340826670639217,b20484bb77302add71c2bf040ce44118003ae4eef6ca174cfddace193268b9e6,53aca56d3831dad9baa4603b074fca0b6c3183bbe2a8cb70d9563cf2c04108a8
b5150b72bd17c140a3a0,H2,mala,1.6,0.7691997708306179,0,completed,True,0.9977884208938159,0.523193359375,4096,1.02183392678996,125.389141116837,298.306640009668,0,0.747266000136733,0.5944015420973301,0.12858083308674395,8cefc713b22bf22945c869ff576448ebc1e2548e9b93d88dc7d6c15c6c8dcc16,f8d3779e4e898824a586d67f2d2108a4ec35cecad8734b5d75ec215516c30024
cd76288cb2e94960ba55,H2,mala,1.6,0.7691997708306179,1,completed,True,0.9855434316265187,0.518798828125,4096,1.06730887505126,78.8719755188844,303.638953051613,0,0.7531281670089811,0.6016567081678659,0.13631308288313448,a68dc8ed9491007bdee762d772ab9df1a95acc555369512ba33f95e9657165af,b4d65bcdd2a98fe4d3051a40975f919242f29814f2c712e1b082b064071b650e
7ec2168530e8129da4da,H2,mala,2.4,1.1537996562459267,0,completed,False,0.664575028689453,0.238037109375,4096,1.05300735798532,89.2972554653355,138.511301361618,0,0.7567404580768198,0.6115832079667598,0.13491575000807643,92a0a8c7d31457b560cb60f84016708b79e40a423b7a1aae48ab50c72a7ed14a,41f5c018bcc98348397bfc51a14d59e3e82e0515d46789fa4b256d27e0dda633
798fe8a30c21e97ad151,H2,mala,2.4,1.1537996562459267,1,completed,False,0.7378841115316277,0.259521484375,4096,1.04001381724423,104.37010125271,244.528023852223,0,0.7513979999348521,0.6034851660951972,0.1382924159988761,77075fb3cbeb8b77795fcc1cf90982159b24754ff35e6f1c1e77893043f17502,fbd98661407358274311aac9e7433068bf4906334d727f55af2d162cf6187002
24a7bac38d4effebd099,M1,rwm,0.5,0.17677669529663687,0,completed,False,0.02437916547829661,0.8095703125,4096,1.9349421749071,4.03149606299213,29.9880487928145,1,0.6002922081388533,0.18539183400571346,0.39730604109354317,5b2532da0092ae026620dbf40f9dce8f28dc22c4c2a665978d48c51ff7220726,52ab7e7059441a2ef31ce79de4d52357ab1cd9d37e580cb6b23daa9786766fc0
dd62c357a6aab1b82087,M1,rwm,0.5,0.17677669529663687,1,completed,False,0.024678631286837092,0.810546875,4096,1.92038226871821,4.03149606299213,42.7605943275554,1,0.5910037499852479,0.18256729212589562,0.384973332984373,0183d532ec18fab4bd750a001da144f25738fc4305746fe4f9334e295ec8d729,7f690842fbb7b67284633ef5512e1c51e7b96f18e1e7a37e4e4aa28aedc08fd7
8b76aa714986fd77c61e,M1,rwm,1.0,0.35355339059327373,0,completed,False,0.07364126667806595,0.6337890625,4096,1.81056145164344,4.03149606299213,70.7526022453988,1,0.5992398750968277,0.17514508310705423,0.40665374998934567,ababbc7268e485eecfbcc58040872c8186ddaf53df7ccf04adc58c09ad577dac,ae67691250f0954984910953570de3b91bbca915e0411225694c573526a5e4da
e4bcbc4a3c9b650b767e,M1,rwm,1.0,0.35355339059327373,1,completed,False,0.07188391697518048,0.620361328125,4096,1.7793949473044,4.03149606299213,52.5057807580784,1,0.5890220829751343,0.18494141707196832,0.3890271249692887,c7cea9ea51be8453ab3bf0655ea85db4aae5e95e6a51a879f93d49361a64167e,8439b7e2f3f519135b84067be3ced5b1c6339e185a7363a2338437f6727b9691
70f345bf974dcdf3a4d8,M1,rwm,1.5,0.5303300858899106,0,completed,False,0.11619551927913285,0.472412109375,4096,1.80986722043451,4.03149606299213,71.4491978279548,1,0.5893248750362545,0.18611616594716907,0.3887921250425279,959339fa631f95c0faec1faeb55b369a9c3c4bac9070aff8f98a55672796682e,9c8883be59468066459dc8f7b56d86d60ba166650c1badb3d2f6342e36b0162c
e44fa8723e7c4f25006b,M1,rwm,1.5,0.5303300858899106,1,completed,False,0.11771034717247816,0.4755859375,4096,1.77228704949272,4.03149606299213,155.748334226414,1,0.5866390420123935,0.18240029201842844,0.3899346669204533,d58b794838f68e6d246fdbe4fe556fc1e99acfe69108a806dada9bd3ec6d42be,4d80f82ee101cd2997c0dd9e016d7cb5907add0615a2beac05c32181c25d5245
925693b9e9d88200f308,M1,rwm,2.4,0.8485281374238569,0,completed,True,0.1435433758378033,0.250732421875,4096,1.75250890493528,4.03149606299213,103.643045179898,1,0.5894917920231819,0.18540841690264642,0.3955762500409037,34fd71d98cec3d96f786f020693621436b116d2819e170a38d2cfc1b67c6249a,8434ec6109be9640032e38db2245bffad269c423d0bdaf8f3ec7d6aab65ae18d
d459c15d47fd6a04fd3d,M1,rwm,2.4,0.8485281374238569,1,completed,True,0.15291961895045372,0.272705078125,4096,1.75189698334509,4.03149606299213,153.608417347358,1,0.5789661251474172,0.16980291693471372,0.4003555839881301,a289da585a1cd87eb3118fe575a7bf24e59171eb1fa27d830d28bdcd1c49c621,00940086de77c88bec6d73d1c324347063d60566ab46a3a3b1c90f17b4723ac4
4aca852a76ce7b803c2e,M1,rwm,3.5,1.2374368670764582,0,completed,False,0.1193208166127214,0.117919921875,4096,1.78095568670919,4.03149606299213,104.744225632828,1,0.581210375064984,0.17644754191860557,0.398647999856621,40105b4bc670928fe6d80af17756f9100ab2e92de049d3bae9b51cc141bd8377,b9e23c6d30bd65a7efbf554fcc293fbe5ea494d8ec5a2e041e17abd36c9fcaae
1978882bdaab703753e1,M1,rwm,3.5,1.2374368670764582,1,completed,False,0.11724857784323749,0.11962890625,4096,1.75746022176326,4.03149606299213,121.671192122834,1,0.5712963750120252,0.17599679110571742,0.38770650001242757,17dbf70558595344138a1151404fb74f67b4dd2c380f3b43b01d9f3392dc1466,bbd30f2c58c90fdf5c9b8438431c852d90b55963381000e7102f83be9cb50e1d
8f3cea1334c18ef51350,M1,rwm,5.0,1.7677669529663687,0,completed,False,0.050474362020171526,0.03125,4096,1.9465283153127,4.03149606299213,8.49349740079683,1,0.5826793340966105,0.17805716721341014,0.3997130421921611,21ff699b2afe688c421d0874894a62f0d0502291424736199a2952a667b362d8,4f168b2e950e5111b952acc7b084a6d4fcd929cf5a9ec79c92cfc8fe09fdd2c9
20423e5d3c7c37829b95,M1,rwm,5.0,1.7677669529663687,1,completed,False,0.059353769403359374,0.037841796875,4096,1.79286711156422,4.03149606299213,59.3146457379317,1,0.5851439579855651,0.1777999592013657,0.401257166871801,c455c6c50467bae967cbeef49a0027cf01a0e87734627f5d5cfe1de3cc118da7,33f772c94d1521c82e030c5d45d0496ede1df72406109785f2c5d43e4bc57707
c30fdb17fc12f46dd24a,M1,mala,0.1,0.05,0,completed,False,0.10171725263975982,0.994384765625,4096,1.79847762591848,4.03149606299213,47.7291307555693,1,1.5468234999570996,0.6577230000402778,0.8659022920764983,1782f73ab6cd40c3b0cae58078fdbab4b79175e278756a0f27e33c54ffd8c377,48de15b718d4e7ff533cbaeb69940e4cbf4c0f0db5d8d1d2778a28bb9296a3f8
6657cd550cebd2f753be,M1,mala,0.1,0.05,1,completed,False,0.10166644496191823,0.99169921875,4096,1.76882008965896,4.03149606299213,99.7789329889337,1,1.4799539158120751,0.6036618750076741,0.8569611250422895,a601f16007d5ae1ffe3d463625a61b82b9da38f9f430040b5afd770bd50536df,ed94eb8f44910686e1b5fe19231b2173576af9a9ce8b2512d0d1533f746142e8
5df3267ebace33c0b812,M1,mala,0.3,0.15,0,completed,False,0.30639090450349393,0.95654296875,4096,1.75210181342665,4.03149606299213,136.80115635575,1,1.508013832848519,0.6092042501550168,0.8744355840608478,7cfa302ec2419d2b9059c4ad56c861f3bc41a0c9d654d110f5a6cc3a173a4ef3,9c15a38af25893af460706207906827bfd602c1264d2d50d7946551481da2d1e
6414a2412ebf96aa02a4,M1,mala,0.3,0.15,1,completed,False,0.3049868300030919,0.95166015625,4096,1.74367920405425,4.03149606299213,183.248434495657,1,1.494887749897316,0.6272271671332419,0.842123334063217,c252f1f1bfea8be30283df70ee05b0fc2351f725ec1afe28c55acaa36b3740c3,a67ca66f5497526061eec9e68a6dcaaf01dfb92bb8e299c7d306e51f8abb3fed
7ebf8ab869bfb4d08926,M1,mala,0.6,0.3,0,completed,False,0.590053300172583,0.87060546875,4096,1.74134030731137,4.03149606299213,174.716016187096,1,1.4953645409550518,0.6179493330419064,0.8580333748832345,6a7d3fd6900d3d7a597824c1973e3a6f5d7037d4a08b959a326b7a5cc5ddf0f6,8f40204612abc3c04d6df462b97fce21e708e62e3e480f4480a5e8801fdd6844
0eb212804dd8fddc7ed8,M1,mala,0.6,0.3,1,completed,False,0.5816905824223031,0.8623046875,4096,1.73866948712066,4.03149606299213,143.482777394411,1,1.5181487079244107,0.6255890829488635,0.8710279581137002,14ae4a5dc9a15d828e56c7a4b97e75cde1dd37dade9db60ffa0023f2997fef38,f3ff2392d8f435eb41740b94733ecf572a8ea4837d5d97deef61e14796bedaae
ec87067c11fcc40192b7,M1,mala,1.0,0.5,0,completed,False,0.8600173166957283,0.72509765625,4096,1.73864220046283,4.03149606299213,184.074652124493,1,1.4861674578860402,0.609687166986987,0.8596310829743743,dc5163089e3c8d7de84083468faa25b04d0d9597e9e3533108e2c64aef4922b8,99fe29a105522424cf84f824f3436072f469bbfabcf3075f7c601f07dc18d1fc
f15a06f9c06de6a1bbc0,M1,mala,1.0,0.5,1,completed,False,0.8429383333907179,0.714111328125,4096,1.73576938027505,4.03149606299213,185.969959326842,1,1.4998240421991795,0.6171309589408338,0.8659212079364806,db428773c2fb20cadace33ba0e0726327e52bae64461a1d5022633cf4da3991d,fe00d9a4a1ba6704f5b524db7758109fbd605293bb9e8818987bda733f4e9198
90268507ec2cdad6eda3,M1,mala,1.6,0.8,0,completed,True,0.9999280674915875,0.49169921875,4096,1.73616988564429,4.03149606299213,179.19579406629,1,1.4793529161252081,0.6090631249826401,0.857134124962613,0dd3a44541868f9da089c54848ecb87e7ecc8f2f87618c09f768dc3f24c32a85,8ffc9d1d4c511f15b85be2840eb116e938cdc3436fbce64b3bdbd67d49be66fa
60126d87eb180c4ab8b0,M1,mala,1.6,0.8,1,completed,True,0.9093751582916683,0.465576171875,4096,1.7336549563294,4.03149606299213,161.433888242338,1,1.5137652500998229,0.6150343329645693,0.8832645420916378,91c2300ec99e12e898b49efea83d1a034ad1e8366ca0c770698814d90e966342,333e8801406ebdfdf2cd8d81128321035275203b4ad36e74c76ba17288cec3e3
81456fcad076f80a4de5,M1,mala,2.4,1.2,0,completed,False,0.5926685919816945,0.211181640625,4096,1.7422066071996,4.03149606299213,116.189829938875,1,1.4814424158539623,0.6228168329689652,0.8494405827950686,e58a5e2354a1925dd3f9ffd5f1d354b9d86d430ca94e02414ac875eec5accc6e,c5be3007c4f7f4c93cb2c10c268b46ac41288a937b1358dc854ffd99968d5eb1
2fa46218f1b9094cf6c3,M1,mala,2.4,1.2,1,completed,False,0.5949866583532133,0.213623046875,4096,1.74278941014449,4.03149606299213,117.456794198436,1,1.4788169581443071,0.6102806250564754,0.8605543749872595,abe4076ea3fb89304ed48c0e7296cce43206cb41d8e5d16c6777861749705eac,0f253e2d01c8c8c058e4d4533ba19fb0ee2c8943a7f8ec444437b137841cb60a
f9d71fe6be1c164f3ebf,W1,rwm,0.5,0.35355339059327373,0,completed,False,0.09533612761251045,0.833984375,4096,1.02671963895564,98.6151827699837,166.51354361188,1,1.0547848751302809,0.5355373749043792,0.5101191671565175,8d87c2a1509240b7c12b67092e7042649f0534c1532a4827191d894c158383be,afd4b661481cd429ba768fc3fccb9afc7defa9ee0b7ae0583a911284a1eb5aa5
376324b7b55e40f07bc1,W1,rwm,0.5,0.35355339059327373,1,completed,False,0.09369729191273918,0.82275390625,4096,1.07643002312821,66.0327295253596,127.62358176082,1,1.0600190830882639,0.5305148330517113,0.5168101671151817,7b80a7e4b2ba3c4302a1f77fe9781b351793ee92e5a79180b0fb71139c81bf81,6a0545a55ecf7ef82ad34caaedfc19667743f53197890cf47b30dd558ac19e74
c0c20412559364c963ec,W1,rwm,1.0,0.7071067811865475,0,completed,False,0.2684005255788948,0.669189453125,4096,1.01662184812605,204.236655242037,296.831219310557,1,1.0607916249427944,0.5337419998832047,0.518528874963522,16d6139bb7aa76ae34238d7b91c5d8332456d1dfaea4d6193bacd767953fc0af,41a25ca1e63010a416b9cd072036e047707c0d5208aa833fc0bfa9e276eaa849
32f1b22ac73775d99039,W1,rwm,1.0,0.7071067811865475,1,completed,False,0.25497189249767915,0.656005859375,4096,1.01505858442574,234.916263838229,310.607727847019,1,1.0761858329642564,0.5425565419718623,0.5244333329610527,702a437e3a157d20c54b437a3c338471bd21b2e550ffe134ef8e4d23cf744b62,4225bd4f65f4fab43df01212a861427ea53329e8334a72345a084f0ec0172a87
84fe3907afdc565d01f7,W1,rwm,1.5,1.0606601717798212,0,completed,False,0.403710725124786,0.52734375,4096,1.00584663711151,411.41998188306,676.542295302801,1,1.0593796249013394,0.5316808330826461,0.5168340830132365,24cbdf88f2a9c3b0e6dbc72f2b37aa6e8e50e221390369ddc57b5d0428c41390,5f8b6198d438a575814458b3a38940d2def9c3753788c5c2989875fb2e36f3fb
733579e5ef0f3ddf1368,W1,rwm,1.5,1.0606601717798212,1,completed,False,0.40829658624510107,0.533203125,4096,1.01275171472213,321.276233833593,490.664285535595,1,1.044326040893793,0.5188197500538081,0.5173076658975333,efbff4030016f6a004b7cb51e8c068df314e3bf4b455ff0a858589fb19078bf9,5ebad01795fe35e9df7737b1338c29d899f2f972a70e5cc1f257cffc3ebd79a4
dd0cbe31e8c0d14f2f3e,W1,rwm,2.4,1.6970562748477138,0,completed,True,0.5295604555853834,0.359130859375,4096,1.00688816439982,576.10307007403,650.644090438214,1,1.0434477920643985,0.5190143340732902,0.5174042501021177,ff249bc2bb8f0412d895063fdf30159ca7c50e08312184f7b23c6b7f96e88855,c7294fc739920b14cfd10dee5e14fd19414eaa0cc9f4ed263bfe1bc5363e0ff5
e877999df2337632c95a,W1,rwm,2.4,1.6970562748477138,1,completed,True,0.47648348646410865,0.353515625,4096,1.01558892812147,435.93709644062,439.843815467121,1,1.0544673330150545,0.5263985840138048,0.5209782500751317,9c96affa32388e2eea3ffcd247219254a84ca56b95d12ab2ba550fb0ae113ac8,6bac22d2a9cb6a2b9b787500b47cb1eea241d5e4626ed940fe97f925ac590486
268f01d7a51a6146ddf7,W1,rwm,3.5,2.4748737341529163,0,completed,False,0.4240807417230423,0.216552734375,4096,1.00848406066991,487.279141563984,576.76503185698,1,1.070664667058736,0.5391409578733146,0.5213178328704089,c7daa6870ff552ede9be04ad515ba87ec7149c9613f097ede348088691714e3c,709d306ce0f3f213643d54c7fcaf0197d0f670442354d172a520e36a739c3928
94b557b8293d33358930,W1,rwm,3.5,2.4748737341529163,1,completed,False,0.40569795599280356,0.215576171875,4096,1.01250583493907,461.753169562235,508.187612442193,1,1.04454379202798,0.5107562090270221,0.5278282500803471,e6447240629aa8bdda07b5aa4c21a735e621800b24b17a23c52ef970b74cf769,c194165b13253f0db6076d4184c61e1a427fec90783cc6062d124cbeb1268a02
a6b7326399da66cc9802,W1,rwm,5.0,3.5355339059327373,0,completed,False,0.34325671567326466,0.13134765625,4096,1.00993009252358,294.037756033585,243.780838363727,1,1.0839447500184178,0.5465466249734163,0.5272689170669764,8eec917be73fc88294dd1be62f0c76c702ef1e6d483883a9da1486e2ecb1eb48,85f1de240a7f9de43182170bc5ca07e4bdf536753db663fee1673b35a05d3685
a024f95e59392567b037,W1,rwm,5.0,3.5355339059327373,1,completed,False,0.3193288772365348,0.134765625,4096,1.03247180602429,294.955086603844,316.335106294627,1,1.0564233330078423,0.5239342080894858,0.5265455420594662,6d20e30e40ee0f432c975c22bf47497c5cac634ee7ba067428b9618ab17a74f8,0d3fa0ebf83e357f10be6d52c2b6673984c0cce6181f07631628fb9038cb532a
7cfe12db27aa688c473c,W1,mala,0.1,0.07937005259840997,0,completed,False,0.16514894889708176,0.99267578125,4096,1.01060056047753,155.896379120138,212.225385146362,1,2.4675569590181112,1.4899175418540835,0.9687697079498321,433a563b49c28412f49dc5a01699141e11014cea06cb286087694f6e12da11c8,48f66539e359e3b6a94d11fd05c1606fc70175bae1e63f2c4461daf4cf4e5171
472cc573bad4957b2576,W1,mala,0.1,0.07937005259840997,1,completed,False,0.16629472709514115,0.990966796875,4096,1.03979520625705,166.251962469182,341.431622586445,1,2.459845833014697,1.4872105419635773,0.9632841660641134,70527f1d2a265fde47394c91676fb65ec13c6a58a0d517ed2814987121d78c63,b3c8cbab28d94e3a6081a689d2e7538114e6dd38bc43c967ba9941b6276857a6
0e918e40b66438ef5bc7,W1,mala,0.3,0.2381101577952299,0,completed,False,0.5026741652001959,0.959228515625,4096,1.00327844558971,459.7293015518,901.029203282011,1,2.483274041907862,1.4977804999798536,0.9767007501795888,4e719831c7afdafded6469cf5f23aa41d8f90045233c89f54edd6ba136350ae7,e41926bda04de40c7fd32688806afa060be560224245ead16df0abbc643e55be
b4513de5ff3bc5073ea3,W1,mala,0.3,0.2381101577952299,1,completed,False,0.5078758702262982,0.95947265625,4096,1.00952492890966,538.73649481873,960.064089531637,1,2.4662349591962993,1.4943758340086788,0.9626907908823341,26951acbfa4bf3e55476f21c8a34f4b7f9270f8083cda3b59c84817cee054fac,f6e194462ee880cb706c663915ad7d4c39aeed32450588c42dc6357f44cfb73a
910a2f8749efdd03dfc4,W1,mala,0.6,0.4762203155904598,0,completed,False,0.9895914234714129,0.88427734375,4096,1.00160165073408,1306.9008790877,1980.58401422389,1,2.4829981250222772,1.5141497920267284,0.9600922078825533,4a9c2593122b46e139ae8a36cd99299fae07916eed5241706aba081e563e25d2,0ea2f29b74830d42a2519f3232d789153cdd99dfc9bd2f68a23917eabbb5a0ab
e6e2a50ea6d7d8a69038,W1,mala,0.6,0.4762203155904598,1,completed,False,1.0069097632719832,0.88818359375,4096,1.00225773608378,1278.47863621696,2101.76679408131,1,2.5059654579963535,1.5239514999557287,0.9732338751200587,f3dd6456ef0e54e7ce82ba77a82a11df6a2021c70c7ed600f3157aaefd86730b,f83b33c5d8db70c746a0890c6b34237ce7d1834a78497b7a320faebb936f4c3e
b34de908c21d1e5cfcf9,W1,mala,1.0,0.7937005259840997,0,completed,False,1.4814772352131522,0.76513671875,4096,1.00120791664987,2180.08998094555,2749.81892291667,1,2.4583001672290266,1.496004082961008,0.9533990421332419,ded8db2719278b2e5e54b00241cb9360fad9cf60092efd19d830a40d199d5d62,7c8a10647fdcee2ccc37c39764f5c4c83692da7fb2f82b9b77d75759466e5603
8440744116e58e100cd0,W1,mala,1.0,0.7937005259840997,1,completed,False,1.4359255200906043,0.75439453125,4096,1.00121249808553,2303.73499386291,2582.81839448343,1,2.4479934580158442,1.469378791982308,0.9698179168626666,c3c7d97b3cd72e65cfbff43dd5ad9be473dd56cf49757572965eed445afeace4,70f373fdf3a3c78b780c0bb534669c7b70f2104641313b48497ea9c5c8634afe
053e7a3b446253b8f093,W1,mala,1.6,1.2699208415745595,0,completed,True,1.6134761509841506,0.555908203125,4096,1.00188102072345,2293.96634536578,2094.51429331995,1,2.452392250066623,1.4852624160703272,0.9588851670268923,7eb16ac12d27d43577e0e7755423f0f53cbb24aa5db039bded23a385338800f7,ce2655838fe7084d65ffc8865b57edb9fc0efcaef76a13669dd829137a9a4517
df996570fd938f4b24ef,W1,mala,1.6,1.2699208415745595,1,completed,True,1.5439692885666076,0.55810546875,4096,1.00145326133005,2079.81421073772,1785.14236031037,1,2.4628869160078466,1.4847134160809219,0.9691170000005513,383618a6ad2f31e0264d55a28f5934a240ee8f1735ffe7ce39201c2938aa83aa,d54267eac04c432e138f04c39eb084cf2b690f08d6a23044cc98b33a4cf0d978
ed74ff1384906342ee4f,W1,mala,2.4,1.9048812623618392,0,completed,False,0.9828701164930006,0.319580078125,4096,1.00661843608048,1152.56610239584,737.086957853511,1,2.486298874951899,1.497805249877274,0.9809981661383063,744996203d1ad7e0ea6bd69e048e2650fc54b923fe2f956367fdb3213711fec7,7efb33c67058854fe2eae3837afb2210504bb9ab7206bda49a3365587a70d1a9
8279adfa605da80e88ae,W1,mala,2.4,1.9048812623618392,1,completed,False,1.0931519352989483,0.30517578125,4096,1.01876961579883,1037.08170297689,692.52297807694,1,2.458736291155219,1.4889858339447528,0.9628731249831617,4e3bd1116d8c0b4d7e4b65ac8c7205ac24a4db592df4c1297c974a9e36eb47b3,d4d5f8434e5ebe7c7d5eb1a76fa8e2e53ad7fbd215dc52dcd2d7711fc9f2401e
