model,kernel,step,multiplier,grid_boundary,development_repetitions,mean_score,min_rep_score,max_rep_score,max_rhat,min_bulk_ess,min_tail_ess,undefined_rhat,mean_acceptance,all_candidates_seconds
G1,rwm,0.8485281374238569,2.4,False,2,0.15017944106623096,0.14883761252318034,0.15152126960928158,1.017293655157,139.822080268363,232.835245795306,0,0.264404296875,2.7854600015562028
G1,mala,0.8,1.6,False,2,0.9749151063578975,0.9347669587822895,1.0150632539335054,1.00670166692213,1116.01279449327,767.212473813846,0,0.491943359375,10.348787456285208
G2,rwm,0.3,2.4,False,2,0.02096560454008317,0.020320591619318828,0.02161061746084751,1.28351500434316,11.9641418811631,17.6323243490782,0,0.240966796875,5.240083456970751
G2,mala,0.4000000000000001,1.6,False,2,0.4445216853089957,0.4401455377175362,0.4488978329004552,1.01198791133454,401.184897701519,601.621459828669,0,0.4698486328125,12.967273419024423
A1,rwm,0.3,2.4,False,2,0.020357638658327418,0.020239725549264738,0.020475551767390097,1.2787014919062,11.2467367683395,35.426798403996,0,0.232421875,5.232098999898881
A1,mala,0.4000000000000001,1.6,False,2,0.4707884652997587,0.4613836187512914,0.480193311848226,1.0092477063342,483.426104828172,711.372215670326,0,0.4949951171875,13.03751483396627
L1,rwm,0.8485281374238569,2.4,False,2,0.16232765750000833,0.15624681392206735,0.1684085010779493,1.03196084029359,135.517048410461,188.749212778147,0,0.2864990234375,4.834147125016898
L1,mala,0.8,1.6,False,2,1.005980134252538,0.9937171381048309,1.0182431304002453,1.00232674898585,1041.31308846902,1278.87031081959,0,0.5150146484375,13.7481640400365
L2,rwm,0.8485281374238569,2.4,False,2,0.15372039717972877,0.15328150345309344,0.1541592909063641,1.05819305741704,97.1633059064866,156.437629468501,2,0.266845703125,19.920228793052956
L2,mala,0.8,1.6,False,2,1.022143924425405,1.0169292432851633,1.0273586055656467,1.01185362637194,1257.77539461364,1354.93253588895,2,0.5087890625,43.81454320764169
H1,rwm,1.6666666666666667,5.0,True,2,0.22456441246164005,0.182057936794077,0.2670708881292031,1.83274886624198,5.83745123355166,4.81018363381679,0,0.1015625,3.3652911665849388
H1,mala,0.4807498567691361,1.0,False,2,0.1798934972879982,0.16570828880307456,0.19407870577292183,3.58546509299448,4.38957616848778,4.03149606299213,0,0.18798828125,12.350235291291028
H2,rwm,0.7999999999999999,2.4,False,2,0.1504749454734824,0.14986250393732897,0.1510873870096358,1.16029509673226,18.9275534608388,29.9943596798809,0,0.2841796875,2.818052001297474
H2,mala,0.7691997708306179,1.6,False,2,0.9916659262601673,0.9855434316265187,0.9977884208938159,1.06730887505126,78.8719755188844,298.306640009668,0,0.52099609375,9.086855124216527
M1,rwm,0.8485281374238569,2.4,False,2,0.1482314973941285,0.1435433758378033,0.15291961895045372,1.75250890493528,4.03149606299213,103.643045179898,2,0.26171875,7.044309792574495
M1,mala,0.8,1.6,False,2,0.9546516128916278,0.9093751582916683,0.9999280674915875,1.73616988564429,4.03149606299213,161.433888242338,2,0.4786376953125,17.982561287702993
W1,rwm,1.6970562748477138,2.4,False,2,0.5030219710247461,0.47648348646410865,0.5295604555853834,1.01558892812147,435.93709644062,439.843815467121,2,0.3563232421875,12.708978749113157
W1,mala,1.2699208415745595,1.6,False,2,1.5787227197753793,1.5439692885666076,1.6134761509841506,1.00188102072345,2079.81421073772,1785.14236031037,2,0.5570068359375,29.63248333358206
