id,artifact_kind,workflow,budget,replicate,phase,disposition,outcome,known_original_outcome,complete_seconds,known_seconds,measurement
9979e11d06d0a979163a45e6,posterior,cpu-mala-sequential,64,0,ordinary_workflow,analyzed,valid,,4.175001399999019,4.175001399999019,"{""attempts_missing_call_return"":0,""complete_seconds"":4.175001399999019,""cost_scope"":""Sum ordinary subprocess creation-through-exit wall over every registered actual attempt; includes ordinary output/diagnostics, excludes outer audit and inter-call waiting"",""known_seconds"":4.175001399999019,""prior_interruption_known_seconds"":0.0,""recorded_measurements"":1,""unknown_measurements"":0,""unknown_time_imputed"":false}"
9979e11d06d0a979163a45e6,posterior,cpu-mala-sequential,64,0,research_execution,analyzed,valid,,6.704963100026362,6.704963100026362,"{""attempts_missing_call_return"":0,""complete_seconds"":6.704963100026362,""cost_scope"":""Sum all coordinator run/retry calls except completed verification-only returns; includes recorded refusals/recovery/audit/sealing; excludes ledger writes, report observations and inter-call waiting"",""known_seconds"":6.704963100026362,""prior_interruption_known_seconds"":0.0,""recorded_measurements"":1,""unknown_measurements"":0,""unknown_time_imputed"":false}"
9979e11d06d0a979163a45e6,posterior,cpu-mala-sequential,64,0,additional_verification,analyzed,valid,,0.1306911000283435,0.1306911000283435,"{""attempts_missing_call_return"":0,""complete_seconds"":0.1306911000283435,""cost_scope"":""Completed coordinator calls returning newly_executed=false; kept outside primary execution cost"",""known_seconds"":0.1306911000283435,""prior_interruption_known_seconds"":0.0,""recorded_measurements"":1,""unknown_measurements"":0,""unknown_time_imputed"":false}"
9979e11d06d0a979163a45e6,posterior,cpu-mala-sequential,64,0,all_invocations,analyzed,valid,,6.835654200054705,6.835654200054705,"{""attempts_missing_call_return"":0,""complete_seconds"":6.835654200054705,""cost_scope"":""All coordinator calls, including additional verification; operational consumption, not standardized time-to-inference"",""known_seconds"":6.835654200054705,""prior_interruption_known_seconds"":0.0,""recorded_measurements"":2,""unknown_measurements"":0,""unknown_time_imputed"":false}"
6fbe9cf0166dc827654c9bbb,posterior,cuda-rwm-sequential,64,0,ordinary_workflow,analyzed,valid,,2.629989499982912,2.629989499982912,"{""attempts_missing_call_return"":0,""complete_seconds"":2.629989499982912,""cost_scope"":""Sum ordinary subprocess creation-through-exit wall over every registered actual attempt; includes ordinary output/diagnostics, excludes outer audit and inter-call waiting"",""known_seconds"":2.629989499982912,""prior_interruption_known_seconds"":0.0,""recorded_measurements"":1,""unknown_measurements"":0,""unknown_time_imputed"":false}"
6fbe9cf0166dc827654c9bbb,posterior,cuda-rwm-sequential,64,0,research_execution,analyzed,valid,,5.002484199998435,5.002484199998435,"{""attempts_missing_call_return"":0,""complete_seconds"":5.002484199998435,""cost_scope"":""Sum all coordinator run/retry calls except completed verification-only returns; includes recorded refusals/recovery/audit/sealing; excludes ledger writes, report observations and inter-call waiting"",""known_seconds"":5.002484199998435,""prior_interruption_known_seconds"":0.0,""recorded_measurements"":1,""unknown_measurements"":0,""unknown_time_imputed"":false}"
6fbe9cf0166dc827654c9bbb,posterior,cuda-rwm-sequential,64,0,additional_verification,analyzed,valid,,0.12800620001507923,0.12800620001507923,"{""attempts_missing_call_return"":0,""complete_seconds"":0.12800620001507923,""cost_scope"":""Completed coordinator calls returning newly_executed=false; kept outside primary execution cost"",""known_seconds"":0.12800620001507923,""prior_interruption_known_seconds"":0.0,""recorded_measurements"":1,""unknown_measurements"":0,""unknown_time_imputed"":false}"
6fbe9cf0166dc827654c9bbb,posterior,cuda-rwm-sequential,64,0,all_invocations,analyzed,valid,,5.130490400013514,5.130490400013514,"{""attempts_missing_call_return"":0,""complete_seconds"":5.130490400013514,""cost_scope"":""All coordinator calls, including additional verification; operational consumption, not standardized time-to-inference"",""known_seconds"":5.130490400013514,""prior_interruption_known_seconds"":0.0,""recorded_measurements"":2,""unknown_measurements"":0,""unknown_time_imputed"":false}"
74f8e9a7f6444d0ecebde872,posterior,cpu-mala-quasi_deer,64,0,ordinary_workflow,analyzed,valid,,10.469419899978675,10.469419899978675,"{""attempts_missing_call_return"":0,""complete_seconds"":10.469419899978675,""cost_scope"":""Sum ordinary subprocess creation-through-exit wall over every registered actual attempt; includes ordinary output/diagnostics, excludes outer audit and inter-call waiting"",""known_seconds"":10.469419899978675,""prior_interruption_known_seconds"":0.0,""recorded_measurements"":1,""unknown_measurements"":0,""unknown_time_imputed"":false}"
74f8e9a7f6444d0ecebde872,posterior,cpu-mala-quasi_deer,64,0,research_execution,analyzed,valid,,13.079819899983704,13.079819899983704,"{""attempts_missing_call_return"":0,""complete_seconds"":13.079819899983704,""cost_scope"":""Sum all coordinator run/retry calls except completed verification-only returns; includes recorded refusals/recovery/audit/sealing; excludes ledger writes, report observations and inter-call waiting"",""known_seconds"":13.079819899983704,""prior_interruption_known_seconds"":0.0,""recorded_measurements"":1,""unknown_measurements"":0,""unknown_time_imputed"":false}"
74f8e9a7f6444d0ecebde872,posterior,cpu-mala-quasi_deer,64,0,additional_verification,analyzed,valid,,0.12731010001152754,0.12731010001152754,"{""attempts_missing_call_return"":0,""complete_seconds"":0.12731010001152754,""cost_scope"":""Completed coordinator calls returning newly_executed=false; kept outside primary execution cost"",""known_seconds"":0.12731010001152754,""prior_interruption_known_seconds"":0.0,""recorded_measurements"":1,""unknown_measurements"":0,""unknown_time_imputed"":false}"
74f8e9a7f6444d0ecebde872,posterior,cpu-mala-quasi_deer,64,0,all_invocations,analyzed,valid,,13.207129999995232,13.207129999995232,"{""attempts_missing_call_return"":0,""complete_seconds"":13.207129999995232,""cost_scope"":""All coordinator calls, including additional verification; operational consumption, not standardized time-to-inference"",""known_seconds"":13.207129999995232,""prior_interruption_known_seconds"":0.0,""recorded_measurements"":2,""unknown_measurements"":0,""unknown_time_imputed"":false}"
df7824d410743260c878db6f,posterior,cpu-rwm-sequential,64,0,ordinary_workflow,analyzed,valid,,2.2919024000293575,2.2919024000293575,"{""attempts_missing_call_return"":0,""complete_seconds"":2.2919024000293575,""cost_scope"":""Sum ordinary subprocess creation-through-exit wall over every registered actual attempt; includes ordinary output/diagnostics, excludes outer audit and inter-call waiting"",""known_seconds"":2.2919024000293575,""prior_interruption_known_seconds"":0.0,""recorded_measurements"":1,""unknown_measurements"":0,""unknown_time_imputed"":false}"
df7824d410743260c878db6f,posterior,cpu-rwm-sequential,64,0,research_execution,analyzed,valid,,4.7295904999482445,4.7295904999482445,"{""attempts_missing_call_return"":0,""complete_seconds"":4.7295904999482445,""cost_scope"":""Sum all coordinator run/retry calls except completed verification-only returns; includes recorded refusals/recovery/audit/sealing; excludes ledger writes, report observations and inter-call waiting"",""known_seconds"":4.7295904999482445,""prior_interruption_known_seconds"":0.0,""recorded_measurements"":1,""unknown_measurements"":0,""unknown_time_imputed"":false}"
df7824d410743260c878db6f,posterior,cpu-rwm-sequential,64,0,additional_verification,analyzed,valid,,0.1304719999898225,0.1304719999898225,"{""attempts_missing_call_return"":0,""complete_seconds"":0.1304719999898225,""cost_scope"":""Completed coordinator calls returning newly_executed=false; kept outside primary execution cost"",""known_seconds"":0.1304719999898225,""prior_interruption_known_seconds"":0.0,""recorded_measurements"":1,""unknown_measurements"":0,""unknown_time_imputed"":false}"
df7824d410743260c878db6f,posterior,cpu-rwm-sequential,64,0,all_invocations,analyzed,valid,,4.860062499938067,4.860062499938067,"{""attempts_missing_call_return"":0,""complete_seconds"":4.860062499938067,""cost_scope"":""All coordinator calls, including additional verification; operational consumption, not standardized time-to-inference"",""known_seconds"":4.860062499938067,""prior_interruption_known_seconds"":0.0,""recorded_measurements"":2,""unknown_measurements"":0,""unknown_time_imputed"":false}"
6eb08b036ca535647b12a759,posterior,cpu-nuts-spawn_chains,64,0,ordinary_workflow,analyzed,valid,,5.128081700007897,5.128081700007897,"{""attempts_missing_call_return"":0,""complete_seconds"":5.128081700007897,""cost_scope"":""Sum ordinary subprocess creation-through-exit wall over every registered actual attempt; includes ordinary output/diagnostics, excludes outer audit and inter-call waiting"",""known_seconds"":5.128081700007897,""prior_interruption_known_seconds"":0.0,""recorded_measurements"":1,""unknown_measurements"":0,""unknown_time_imputed"":false}"
6eb08b036ca535647b12a759,posterior,cpu-nuts-spawn_chains,64,0,research_execution,analyzed,valid,,7.142596299992874,7.142596299992874,"{""attempts_missing_call_return"":0,""complete_seconds"":7.142596299992874,""cost_scope"":""Sum all coordinator run/retry calls except completed verification-only returns; includes recorded refusals/recovery/audit/sealing; excludes ledger writes, report observations and inter-call waiting"",""known_seconds"":7.142596299992874,""prior_interruption_known_seconds"":0.0,""recorded_measurements"":1,""unknown_measurements"":0,""unknown_time_imputed"":false}"
6eb08b036ca535647b12a759,posterior,cpu-nuts-spawn_chains,64,0,additional_verification,analyzed,valid,,0.13158180000027642,0.13158180000027642,"{""attempts_missing_call_return"":0,""complete_seconds"":0.13158180000027642,""cost_scope"":""Completed coordinator calls returning newly_executed=false; kept outside primary execution cost"",""known_seconds"":0.13158180000027642,""prior_interruption_known_seconds"":0.0,""recorded_measurements"":1,""unknown_measurements"":0,""unknown_time_imputed"":false}"
6eb08b036ca535647b12a759,posterior,cpu-nuts-spawn_chains,64,0,all_invocations,analyzed,valid,,7.274178099993151,7.274178099993151,"{""attempts_missing_call_return"":0,""complete_seconds"":7.274178099993151,""cost_scope"":""All coordinator calls, including additional verification; operational consumption, not standardized time-to-inference"",""known_seconds"":7.274178099993151,""prior_interruption_known_seconds"":0.0,""recorded_measurements"":2,""unknown_measurements"":0,""unknown_time_imputed"":false}"
ff19dcf0c1ac31a9f4fddf85,posterior,cuda-rwm-online_picard,64,0,ordinary_workflow,analyzed,valid,,2.695848200004548,2.695848200004548,"{""attempts_missing_call_return"":0,""complete_seconds"":2.695848200004548,""cost_scope"":""Sum ordinary subprocess creation-through-exit wall over every registered actual attempt; includes ordinary output/diagnostics, excludes outer audit and inter-call waiting"",""known_seconds"":2.695848200004548,""prior_interruption_known_seconds"":0.0,""recorded_measurements"":1,""unknown_measurements"":0,""unknown_time_imputed"":false}"
ff19dcf0c1ac31a9f4fddf85,posterior,cuda-rwm-online_picard,64,0,research_execution,analyzed,valid,,5.002547800017055,5.002547800017055,"{""attempts_missing_call_return"":0,""complete_seconds"":5.002547800017055,""cost_scope"":""Sum all coordinator run/retry calls except completed verification-only returns; includes recorded refusals/recovery/audit/sealing; excludes ledger writes, report observations and inter-call waiting"",""known_seconds"":5.002547800017055,""prior_interruption_known_seconds"":0.0,""recorded_measurements"":1,""unknown_measurements"":0,""unknown_time_imputed"":false}"
ff19dcf0c1ac31a9f4fddf85,posterior,cuda-rwm-online_picard,64,0,additional_verification,analyzed,valid,,0.12807350000366569,0.12807350000366569,"{""attempts_missing_call_return"":0,""complete_seconds"":0.12807350000366569,""cost_scope"":""Completed coordinator calls returning newly_executed=false; kept outside primary execution cost"",""known_seconds"":0.12807350000366569,""prior_interruption_known_seconds"":0.0,""recorded_measurements"":1,""unknown_measurements"":0,""unknown_time_imputed"":false}"
ff19dcf0c1ac31a9f4fddf85,posterior,cuda-rwm-online_picard,64,0,all_invocations,analyzed,valid,,5.130621300020721,5.130621300020721,"{""attempts_missing_call_return"":0,""complete_seconds"":5.130621300020721,""cost_scope"":""All coordinator calls, including additional verification; operational consumption, not standardized time-to-inference"",""known_seconds"":5.130621300020721,""prior_interruption_known_seconds"":0.0,""recorded_measurements"":2,""unknown_measurements"":0,""unknown_time_imputed"":false}"
36fbf96771347389711df0ef,posterior,cpu-rwm-online_picard,64,0,ordinary_workflow,analyzed,valid,,3.095526799967047,3.095526799967047,"{""attempts_missing_call_return"":0,""complete_seconds"":3.095526799967047,""cost_scope"":""Sum ordinary subprocess creation-through-exit wall over every registered actual attempt; includes ordinary output/diagnostics, excludes outer audit and inter-call waiting"",""known_seconds"":3.095526799967047,""prior_interruption_known_seconds"":0.0,""recorded_measurements"":1,""unknown_measurements"":0,""unknown_time_imputed"":false}"
36fbf96771347389711df0ef,posterior,cpu-rwm-online_picard,64,0,research_execution,analyzed,valid,,5.409559199993964,5.409559199993964,"{""attempts_missing_call_return"":0,""complete_seconds"":5.409559199993964,""cost_scope"":""Sum all coordinator run/retry calls except completed verification-only returns; includes recorded refusals/recovery/audit/sealing; excludes ledger writes, report observations and inter-call waiting"",""known_seconds"":5.409559199993964,""prior_interruption_known_seconds"":0.0,""recorded_measurements"":1,""unknown_measurements"":0,""unknown_time_imputed"":false}"
36fbf96771347389711df0ef,posterior,cpu-rwm-online_picard,64,0,additional_verification,analyzed,valid,,0.12741850002203137,0.12741850002203137,"{""attempts_missing_call_return"":0,""complete_seconds"":0.12741850002203137,""cost_scope"":""Completed coordinator calls returning newly_executed=false; kept outside primary execution cost"",""known_seconds"":0.12741850002203137,""prior_interruption_known_seconds"":0.0,""recorded_measurements"":1,""unknown_measurements"":0,""unknown_time_imputed"":false}"
36fbf96771347389711df0ef,posterior,cpu-rwm-online_picard,64,0,all_invocations,analyzed,valid,,5.536977700015996,5.536977700015996,"{""attempts_missing_call_return"":0,""complete_seconds"":5.536977700015996,""cost_scope"":""All coordinator calls, including additional verification; operational consumption, not standardized time-to-inference"",""known_seconds"":5.536977700015996,""prior_interruption_known_seconds"":0.0,""recorded_measurements"":2,""unknown_measurements"":0,""unknown_time_imputed"":false}"
ed6a127c7333fd42c6bf7b54,posterior,cuda-mala-quasi_deer,64,0,ordinary_workflow,analyzed,valid,,8.907747899997048,8.907747899997048,"{""attempts_missing_call_return"":0,""complete_seconds"":8.907747899997048,""cost_scope"":""Sum ordinary subprocess creation-through-exit wall over every registered actual attempt; includes ordinary output/diagnostics, excludes outer audit and inter-call waiting"",""known_seconds"":8.907747899997048,""prior_interruption_known_seconds"":0.0,""recorded_measurements"":1,""unknown_measurements"":0,""unknown_time_imputed"":false}"
ed6a127c7333fd42c6bf7b54,posterior,cuda-mala-quasi_deer,64,0,research_execution,analyzed,valid,,11.673263800039422,11.673263800039422,"{""attempts_missing_call_return"":0,""complete_seconds"":11.673263800039422,""cost_scope"":""Sum all coordinator run/retry calls except completed verification-only returns; includes recorded refusals/recovery/audit/sealing; excludes ledger writes, report observations and inter-call waiting"",""known_seconds"":11.673263800039422,""prior_interruption_known_seconds"":0.0,""recorded_measurements"":1,""unknown_measurements"":0,""unknown_time_imputed"":false}"
ed6a127c7333fd42c6bf7b54,posterior,cuda-mala-quasi_deer,64,0,additional_verification,analyzed,valid,,0.12601260002702475,0.12601260002702475,"{""attempts_missing_call_return"":0,""complete_seconds"":0.12601260002702475,""cost_scope"":""Completed coordinator calls returning newly_executed=false; kept outside primary execution cost"",""known_seconds"":0.12601260002702475,""prior_interruption_known_seconds"":0.0,""recorded_measurements"":1,""unknown_measurements"":0,""unknown_time_imputed"":false}"
ed6a127c7333fd42c6bf7b54,posterior,cuda-mala-quasi_deer,64,0,all_invocations,analyzed,valid,,11.799276400066447,11.799276400066447,"{""attempts_missing_call_return"":0,""complete_seconds"":11.799276400066447,""cost_scope"":""All coordinator calls, including additional verification; operational consumption, not standardized time-to-inference"",""known_seconds"":11.799276400066447,""prior_interruption_known_seconds"":0.0,""recorded_measurements"":2,""unknown_measurements"":0,""unknown_time_imputed"":false}"
2b59824bc1c57d172584b892,posterior,cuda-mala-sequential,64,0,ordinary_workflow,analyzed,valid,,4.479929699969944,4.479929699969944,"{""attempts_missing_call_return"":0,""complete_seconds"":4.479929699969944,""cost_scope"":""Sum ordinary subprocess creation-through-exit wall over every registered actual attempt; includes ordinary output/diagnostics, excludes outer audit and inter-call waiting"",""known_seconds"":4.479929699969944,""prior_interruption_known_seconds"":0.0,""recorded_measurements"":1,""unknown_measurements"":0,""unknown_time_imputed"":false}"
2b59824bc1c57d172584b892,posterior,cuda-mala-sequential,64,0,research_execution,analyzed,valid,,7.218299800006207,7.218299800006207,"{""attempts_missing_call_return"":0,""complete_seconds"":7.218299800006207,""cost_scope"":""Sum all coordinator run/retry calls except completed verification-only returns; includes recorded refusals/recovery/audit/sealing; excludes ledger writes, report observations and inter-call waiting"",""known_seconds"":7.218299800006207,""prior_interruption_known_seconds"":0.0,""recorded_measurements"":1,""unknown_measurements"":0,""unknown_time_imputed"":false}"
2b59824bc1c57d172584b892,posterior,cuda-mala-sequential,64,0,additional_verification,analyzed,valid,,0.1269033999997191,0.1269033999997191,"{""attempts_missing_call_return"":0,""complete_seconds"":0.1269033999997191,""cost_scope"":""Completed coordinator calls returning newly_executed=false; kept outside primary execution cost"",""known_seconds"":0.1269033999997191,""prior_interruption_known_seconds"":0.0,""recorded_measurements"":1,""unknown_measurements"":0,""unknown_time_imputed"":false}"
2b59824bc1c57d172584b892,posterior,cuda-mala-sequential,64,0,all_invocations,analyzed,valid,,7.345203200005926,7.345203200005926,"{""attempts_missing_call_return"":0,""complete_seconds"":7.345203200005926,""cost_scope"":""All coordinator calls, including additional verification; operational consumption, not standardized time-to-inference"",""known_seconds"":7.345203200005926,""prior_interruption_known_seconds"":0.0,""recorded_measurements"":2,""unknown_measurements"":0,""unknown_time_imputed"":false}"
8db02e7cdfb2cc1d9e765238,cache_measurement,cuda-mala-sequential,64,0,ordinary_workflow,analyzed,measurement_available,,,0.0,"{""attempts_missing_call_return"":0,""complete_seconds"":null,""cost_scope"":""Sum ordinary subprocess creation-through-exit wall over every registered actual attempt; includes ordinary output/diagnostics, excludes outer audit and inter-call waiting"",""known_seconds"":0.0,""prior_interruption_known_seconds"":0.0,""recorded_measurements"":0,""unknown_measurements"":1,""unknown_time_imputed"":false}"
8db02e7cdfb2cc1d9e765238,cache_measurement,cuda-mala-sequential,64,0,research_execution,analyzed,measurement_available,,11.47052099998109,11.47052099998109,"{""attempts_missing_call_return"":0,""complete_seconds"":11.47052099998109,""cost_scope"":""Sum all coordinator run/retry calls except completed verification-only returns; includes recorded refusals/recovery/audit/sealing; excludes ledger writes, report observations and inter-call waiting"",""known_seconds"":11.47052099998109,""prior_interruption_known_seconds"":0.0,""recorded_measurements"":1,""unknown_measurements"":0,""unknown_time_imputed"":false}"
8db02e7cdfb2cc1d9e765238,cache_measurement,cuda-mala-sequential,64,0,additional_verification,analyzed,measurement_available,,0.1293790999916382,0.1293790999916382,"{""attempts_missing_call_return"":0,""complete_seconds"":0.1293790999916382,""cost_scope"":""Completed coordinator calls returning newly_executed=false; kept outside primary execution cost"",""known_seconds"":0.1293790999916382,""prior_interruption_known_seconds"":0.0,""recorded_measurements"":1,""unknown_measurements"":0,""unknown_time_imputed"":false}"
8db02e7cdfb2cc1d9e765238,cache_measurement,cuda-mala-sequential,64,0,all_invocations,analyzed,measurement_available,,11.599900099972729,11.599900099972729,"{""attempts_missing_call_return"":0,""complete_seconds"":11.599900099972729,""cost_scope"":""All coordinator calls, including additional verification; operational consumption, not standardized time-to-inference"",""known_seconds"":11.599900099972729,""prior_interruption_known_seconds"":0.0,""recorded_measurements"":2,""unknown_measurements"":0,""unknown_time_imputed"":false}"
e99c4469e26200a0cb385d32,cache_measurement,cpu-rwm-sequential,64,0,ordinary_workflow,analyzed,measurement_available,,,0.0,"{""attempts_missing_call_return"":0,""complete_seconds"":null,""cost_scope"":""Sum ordinary subprocess creation-through-exit wall over every registered actual attempt; includes ordinary output/diagnostics, excludes outer audit and inter-call waiting"",""known_seconds"":0.0,""prior_interruption_known_seconds"":0.0,""recorded_measurements"":0,""unknown_measurements"":1,""unknown_time_imputed"":false}"
e99c4469e26200a0cb385d32,cache_measurement,cpu-rwm-sequential,64,0,research_execution,analyzed,measurement_available,,5.051421499985736,5.051421499985736,"{""attempts_missing_call_return"":0,""complete_seconds"":5.051421499985736,""cost_scope"":""Sum all coordinator run/retry calls except completed verification-only returns; includes recorded refusals/recovery/audit/sealing; excludes ledger writes, report observations and inter-call waiting"",""known_seconds"":5.051421499985736,""prior_interruption_known_seconds"":0.0,""recorded_measurements"":1,""unknown_measurements"":0,""unknown_time_imputed"":false}"
e99c4469e26200a0cb385d32,cache_measurement,cpu-rwm-sequential,64,0,additional_verification,analyzed,measurement_available,,0.12901900004362687,0.12901900004362687,"{""attempts_missing_call_return"":0,""complete_seconds"":0.12901900004362687,""cost_scope"":""Completed coordinator calls returning newly_executed=false; kept outside primary execution cost"",""known_seconds"":0.12901900004362687,""prior_interruption_known_seconds"":0.0,""recorded_measurements"":1,""unknown_measurements"":0,""unknown_time_imputed"":false}"
e99c4469e26200a0cb385d32,cache_measurement,cpu-rwm-sequential,64,0,all_invocations,analyzed,measurement_available,,5.180440500029363,5.180440500029363,"{""attempts_missing_call_return"":0,""complete_seconds"":5.180440500029363,""cost_scope"":""All coordinator calls, including additional verification; operational consumption, not standardized time-to-inference"",""known_seconds"":5.180440500029363,""prior_interruption_known_seconds"":0.0,""recorded_measurements"":2,""unknown_measurements"":0,""unknown_time_imputed"":false}"
39c1b9d665bab521e3e491af,cache_measurement,cpu-mala-sequential,64,0,ordinary_workflow,analyzed,measurement_available,,,0.0,"{""attempts_missing_call_return"":0,""complete_seconds"":null,""cost_scope"":""Sum ordinary subprocess creation-through-exit wall over every registered actual attempt; includes ordinary output/diagnostics, excludes outer audit and inter-call waiting"",""known_seconds"":0.0,""prior_interruption_known_seconds"":0.0,""recorded_measurements"":0,""unknown_measurements"":1,""unknown_time_imputed"":false}"
39c1b9d665bab521e3e491af,cache_measurement,cpu-mala-sequential,64,0,research_execution,analyzed,measurement_available,,9.245272600033786,9.245272600033786,"{""attempts_missing_call_return"":0,""complete_seconds"":9.245272600033786,""cost_scope"":""Sum all coordinator run/retry calls except completed verification-only returns; includes recorded refusals/recovery/audit/sealing; excludes ledger writes, report observations and inter-call waiting"",""known_seconds"":9.245272600033786,""prior_interruption_known_seconds"":0.0,""recorded_measurements"":1,""unknown_measurements"":0,""unknown_time_imputed"":false}"
39c1b9d665bab521e3e491af,cache_measurement,cpu-mala-sequential,64,0,additional_verification,analyzed,measurement_available,,0.12852049997309223,0.12852049997309223,"{""attempts_missing_call_return"":0,""complete_seconds"":0.12852049997309223,""cost_scope"":""Completed coordinator calls returning newly_executed=false; kept outside primary execution cost"",""known_seconds"":0.12852049997309223,""prior_interruption_known_seconds"":0.0,""recorded_measurements"":1,""unknown_measurements"":0,""unknown_time_imputed"":false}"
39c1b9d665bab521e3e491af,cache_measurement,cpu-mala-sequential,64,0,all_invocations,analyzed,measurement_available,,9.373793100006878,9.373793100006878,"{""attempts_missing_call_return"":0,""complete_seconds"":9.373793100006878,""cost_scope"":""All coordinator calls, including additional verification; operational consumption, not standardized time-to-inference"",""known_seconds"":9.373793100006878,""prior_interruption_known_seconds"":0.0,""recorded_measurements"":2,""unknown_measurements"":0,""unknown_time_imputed"":false}"
3d2b31f692b134fe0e95fe02,cache_measurement,cuda-rwm-online_picard,64,0,ordinary_workflow,analyzed,measurement_available,,,0.0,"{""attempts_missing_call_return"":0,""complete_seconds"":null,""cost_scope"":""Sum ordinary subprocess creation-through-exit wall over every registered actual attempt; includes ordinary output/diagnostics, excludes outer audit and inter-call waiting"",""known_seconds"":0.0,""prior_interruption_known_seconds"":0.0,""recorded_measurements"":0,""unknown_measurements"":1,""unknown_time_imputed"":false}"
3d2b31f692b134fe0e95fe02,cache_measurement,cuda-rwm-online_picard,64,0,research_execution,analyzed,measurement_available,,5.66058880003402,5.66058880003402,"{""attempts_missing_call_return"":0,""complete_seconds"":5.66058880003402,""cost_scope"":""Sum all coordinator run/retry calls except completed verification-only returns; includes recorded refusals/recovery/audit/sealing; excludes ledger writes, report observations and inter-call waiting"",""known_seconds"":5.66058880003402,""prior_interruption_known_seconds"":0.0,""recorded_measurements"":1,""unknown_measurements"":0,""unknown_time_imputed"":false}"
3d2b31f692b134fe0e95fe02,cache_measurement,cuda-rwm-online_picard,64,0,additional_verification,analyzed,measurement_available,,0.1286594999837689,0.1286594999837689,"{""attempts_missing_call_return"":0,""complete_seconds"":0.1286594999837689,""cost_scope"":""Completed coordinator calls returning newly_executed=false; kept outside primary execution cost"",""known_seconds"":0.1286594999837689,""prior_interruption_known_seconds"":0.0,""recorded_measurements"":1,""unknown_measurements"":0,""unknown_time_imputed"":false}"
3d2b31f692b134fe0e95fe02,cache_measurement,cuda-rwm-online_picard,64,0,all_invocations,analyzed,measurement_available,,5.789248300017789,5.789248300017789,"{""attempts_missing_call_return"":0,""complete_seconds"":5.789248300017789,""cost_scope"":""All coordinator calls, including additional verification; operational consumption, not standardized time-to-inference"",""known_seconds"":5.789248300017789,""prior_interruption_known_seconds"":0.0,""recorded_measurements"":2,""unknown_measurements"":0,""unknown_time_imputed"":false}"
b48a58d01beb52a943c837e5,cache_measurement,cpu-rwm-online_picard,64,0,ordinary_workflow,analyzed,measurement_available,,,0.0,"{""attempts_missing_call_return"":0,""complete_seconds"":null,""cost_scope"":""Sum ordinary subprocess creation-through-exit wall over every registered actual attempt; includes ordinary output/diagnostics, excludes outer audit and inter-call waiting"",""known_seconds"":0.0,""prior_interruption_known_seconds"":0.0,""recorded_measurements"":0,""unknown_measurements"":1,""unknown_time_imputed"":false}"
b48a58d01beb52a943c837e5,cache_measurement,cpu-rwm-online_picard,64,0,research_execution,analyzed,measurement_available,,7.968892299977597,7.968892299977597,"{""attempts_missing_call_return"":0,""complete_seconds"":7.968892299977597,""cost_scope"":""Sum all coordinator run/retry calls except completed verification-only returns; includes recorded refusals/recovery/audit/sealing; excludes ledger writes, report observations and inter-call waiting"",""known_seconds"":7.968892299977597,""prior_interruption_known_seconds"":0.0,""recorded_measurements"":1,""unknown_measurements"":0,""unknown_time_imputed"":false}"
b48a58d01beb52a943c837e5,cache_measurement,cpu-rwm-online_picard,64,0,additional_verification,analyzed,measurement_available,,0.12812389997998253,0.12812389997998253,"{""attempts_missing_call_return"":0,""complete_seconds"":0.12812389997998253,""cost_scope"":""Completed coordinator calls returning newly_executed=false; kept outside primary execution cost"",""known_seconds"":0.12812389997998253,""prior_interruption_known_seconds"":0.0,""recorded_measurements"":1,""unknown_measurements"":0,""unknown_time_imputed"":false}"
b48a58d01beb52a943c837e5,cache_measurement,cpu-rwm-online_picard,64,0,all_invocations,analyzed,measurement_available,,8.09701619995758,8.09701619995758,"{""attempts_missing_call_return"":0,""complete_seconds"":8.09701619995758,""cost_scope"":""All coordinator calls, including additional verification; operational consumption, not standardized time-to-inference"",""known_seconds"":8.09701619995758,""prior_interruption_known_seconds"":0.0,""recorded_measurements"":2,""unknown_measurements"":0,""unknown_time_imputed"":false}"
bef880b68c8299e7fbf0deae,cache_measurement,cuda-mala-quasi_deer,64,0,ordinary_workflow,analyzed,measurement_available,,,0.0,"{""attempts_missing_call_return"":0,""complete_seconds"":null,""cost_scope"":""Sum ordinary subprocess creation-through-exit wall over every registered actual attempt; includes ordinary output/diagnostics, excludes outer audit and inter-call waiting"",""known_seconds"":0.0,""prior_interruption_known_seconds"":0.0,""recorded_measurements"":0,""unknown_measurements"":1,""unknown_time_imputed"":false}"
bef880b68c8299e7fbf0deae,cache_measurement,cuda-mala-quasi_deer,64,0,research_execution,analyzed,measurement_available,,27.978398200008087,27.978398200008087,"{""attempts_missing_call_return"":0,""complete_seconds"":27.978398200008087,""cost_scope"":""Sum all coordinator run/retry calls except completed verification-only returns; includes recorded refusals/recovery/audit/sealing; excludes ledger writes, report observations and inter-call waiting"",""known_seconds"":27.978398200008087,""prior_interruption_known_seconds"":0.0,""recorded_measurements"":1,""unknown_measurements"":0,""unknown_time_imputed"":false}"
bef880b68c8299e7fbf0deae,cache_measurement,cuda-mala-quasi_deer,64,0,additional_verification,analyzed,measurement_available,,0.12810140004148707,0.12810140004148707,"{""attempts_missing_call_return"":0,""complete_seconds"":0.12810140004148707,""cost_scope"":""Completed coordinator calls returning newly_executed=false; kept outside primary execution cost"",""known_seconds"":0.12810140004148707,""prior_interruption_known_seconds"":0.0,""recorded_measurements"":1,""unknown_measurements"":0,""unknown_time_imputed"":false}"
bef880b68c8299e7fbf0deae,cache_measurement,cuda-mala-quasi_deer,64,0,all_invocations,analyzed,measurement_available,,28.106499600049574,28.106499600049574,"{""attempts_missing_call_return"":0,""complete_seconds"":28.106499600049574,""cost_scope"":""All coordinator calls, including additional verification; operational consumption, not standardized time-to-inference"",""known_seconds"":28.106499600049574,""prior_interruption_known_seconds"":0.0,""recorded_measurements"":2,""unknown_measurements"":0,""unknown_time_imputed"":false}"
b43980cc9befe87e81b678e5,cache_measurement,cpu-mala-quasi_deer,64,0,ordinary_workflow,analyzed,measurement_available,,,0.0,"{""attempts_missing_call_return"":0,""complete_seconds"":null,""cost_scope"":""Sum ordinary subprocess creation-through-exit wall over every registered actual attempt; includes ordinary output/diagnostics, excludes outer audit and inter-call waiting"",""known_seconds"":0.0,""prior_interruption_known_seconds"":0.0,""recorded_measurements"":0,""unknown_measurements"":1,""unknown_time_imputed"":false}"
b43980cc9befe87e81b678e5,cache_measurement,cpu-mala-quasi_deer,64,0,research_execution,analyzed,measurement_available,,36.192635699990205,36.192635699990205,"{""attempts_missing_call_return"":0,""complete_seconds"":36.192635699990205,""cost_scope"":""Sum all coordinator run/retry calls except completed verification-only returns; includes recorded refusals/recovery/audit/sealing; excludes ledger writes, report observations and inter-call waiting"",""known_seconds"":36.192635699990205,""prior_interruption_known_seconds"":0.0,""recorded_measurements"":1,""unknown_measurements"":0,""unknown_time_imputed"":false}"
b43980cc9befe87e81b678e5,cache_measurement,cpu-mala-quasi_deer,64,0,additional_verification,analyzed,measurement_available,,0.12953199999174103,0.12953199999174103,"{""attempts_missing_call_return"":0,""complete_seconds"":0.12953199999174103,""cost_scope"":""Completed coordinator calls returning newly_executed=false; kept outside primary execution cost"",""known_seconds"":0.12953199999174103,""prior_interruption_known_seconds"":0.0,""recorded_measurements"":1,""unknown_measurements"":0,""unknown_time_imputed"":false}"
b43980cc9befe87e81b678e5,cache_measurement,cpu-mala-quasi_deer,64,0,all_invocations,analyzed,measurement_available,,36.32216769998195,36.32216769998195,"{""attempts_missing_call_return"":0,""complete_seconds"":36.32216769998195,""cost_scope"":""All coordinator calls, including additional verification; operational consumption, not standardized time-to-inference"",""known_seconds"":36.32216769998195,""prior_interruption_known_seconds"":0.0,""recorded_measurements"":2,""unknown_measurements"":0,""unknown_time_imputed"":false}"
88bb40b0416f7bb412288e1d,cache_measurement,cuda-rwm-sequential,64,0,ordinary_workflow,analyzed,measurement_available,,,0.0,"{""attempts_missing_call_return"":0,""complete_seconds"":null,""cost_scope"":""Sum ordinary subprocess creation-through-exit wall over every registered actual attempt; includes ordinary output/diagnostics, excludes outer audit and inter-call waiting"",""known_seconds"":0.0,""prior_interruption_known_seconds"":0.0,""recorded_measurements"":0,""unknown_measurements"":1,""unknown_time_imputed"":false}"
88bb40b0416f7bb412288e1d,cache_measurement,cuda-rwm-sequential,64,0,research_execution,analyzed,measurement_available,,5.455378999991808,5.455378999991808,"{""attempts_missing_call_return"":0,""complete_seconds"":5.455378999991808,""cost_scope"":""Sum all coordinator run/retry calls except completed verification-only returns; includes recorded refusals/recovery/audit/sealing; excludes ledger writes, report observations and inter-call waiting"",""known_seconds"":5.455378999991808,""prior_interruption_known_seconds"":0.0,""recorded_measurements"":1,""unknown_measurements"":0,""unknown_time_imputed"":false}"
88bb40b0416f7bb412288e1d,cache_measurement,cuda-rwm-sequential,64,0,additional_verification,analyzed,measurement_available,,0.12899910000851378,0.12899910000851378,"{""attempts_missing_call_return"":0,""complete_seconds"":0.12899910000851378,""cost_scope"":""Completed coordinator calls returning newly_executed=false; kept outside primary execution cost"",""known_seconds"":0.12899910000851378,""prior_interruption_known_seconds"":0.0,""recorded_measurements"":1,""unknown_measurements"":0,""unknown_time_imputed"":false}"
88bb40b0416f7bb412288e1d,cache_measurement,cuda-rwm-sequential,64,0,all_invocations,analyzed,measurement_available,,5.584378100000322,5.584378100000322,"{""attempts_missing_call_return"":0,""complete_seconds"":5.584378100000322,""cost_scope"":""All coordinator calls, including additional verification; operational consumption, not standardized time-to-inference"",""known_seconds"":5.584378100000322,""prior_interruption_known_seconds"":0.0,""recorded_measurements"":2,""unknown_measurements"":0,""unknown_time_imputed"":false}"
