phase,workflow,budget,planned,dispositions,outcomes,functions_available
cache,cpu-mala-quasi_deer,64,1,"{""analyzed"":1}","{""measurement_available"":1}",0
cache,cpu-mala-sequential,64,1,"{""analyzed"":1}","{""measurement_available"":1}",0
cache,cpu-rwm-online_picard,64,1,"{""analyzed"":1}","{""measurement_available"":1}",0
cache,cpu-rwm-sequential,64,1,"{""analyzed"":1}","{""measurement_available"":1}",0
cache,cuda-mala-quasi_deer,64,1,"{""analyzed"":1}","{""measurement_available"":1}",0
cache,cuda-mala-sequential,64,1,"{""analyzed"":1}","{""measurement_available"":1}",0
cache,cuda-rwm-online_picard,64,1,"{""analyzed"":1}","{""measurement_available"":1}",0
cache,cuda-rwm-sequential,64,1,"{""analyzed"":1}","{""measurement_available"":1}",0
main,cpu-mala-quasi_deer,64,1,"{""analyzed"":1}","{""valid"":1}",1
main,cpu-mala-sequential,64,1,"{""analyzed"":1}","{""valid"":1}",1
main,cpu-nuts-spawn_chains,64,1,"{""analyzed"":1}","{""valid"":1}",1
main,cpu-rwm-online_picard,64,1,"{""analyzed"":1}","{""valid"":1}",1
main,cpu-rwm-sequential,64,1,"{""analyzed"":1}","{""valid"":1}",1
main,cuda-mala-quasi_deer,64,1,"{""analyzed"":1}","{""valid"":1}",1
main,cuda-mala-sequential,64,1,"{""analyzed"":1}","{""valid"":1}",1
main,cuda-rwm-online_picard,64,1,"{""analyzed"":1}","{""valid"":1}",1
main,cuda-rwm-sequential,64,1,"{""analyzed"":1}","{""valid"":1}",1
