"Package","Version","Built"
"abind","1.4-8","R 4.6.0; ; 2026-04-25 15:40:28 UTC; unix"
"backports","1.5.1","R 4.6.0; aarch64-apple-darwin23; 2026-04-25 15:41:25 UTC; unix"
"brio","1.1.5","R 4.6.0; aarch64-apple-darwin23; 2026-04-25 15:54:00 UTC; unix"
"callr","3.8.0","R 4.6.0; ; 2026-06-05 15:30:17 UTC; unix"
"checkmate","2.3.4","R 4.6.0; aarch64-apple-darwin23; 2026-04-25 15:45:36 UTC; unix"
"cli","3.6.6","R 4.6.0; aarch64-apple-darwin23; 2026-04-25 15:39:10 UTC; unix"
"crayon","1.5.3","R 4.6.0; ; 2026-04-25 15:44:21 UTC; unix"
"desc","1.4.3","R 4.6.0; ; 2026-04-25 15:48:08 UTC; unix"
"diffobj","0.3.9","R 4.6.1; aarch64-apple-darwin23; 2026-09-18 16:14:34 UTC; unix"
"digest","0.6.39","R 4.6.0; aarch64-apple-darwin23; 2026-04-25 15:38:59 UTC; unix"
"distributional","0.7.0","R 4.6.0; ; 2026-04-26 02:23:16 UTC; unix"
"evaluate","1.0.5","R 4.6.0; ; 2026-04-25 15:39:47 UTC; unix"
"fs","2.1.0","R 4.6.0; aarch64-apple-darwin23; 2026-04-25 15:39:15 UTC; unix"
"generics","0.1.4","R 4.6.0; ; 2026-03-27 02:12:51 UTC; unix"
"glue","1.8.1","R 4.6.0; aarch64-apple-darwin23; 2026-04-25 15:39:32 UTC; unix"
"here","1.0.2","R 4.6.0; ; 2026-04-25 15:50:06 UTC; unix"
"jsonlite","2.0.0","R 4.6.0; aarch64-apple-darwin23; 2026-04-25 15:39:00 UTC; unix"
"lattice","0.22-9","R 4.6.0; aarch64-apple-darwin23; 2026-04-25 08:58:51 UTC; unix"
"lifecycle","1.0.5","R 4.6.0; ; 2026-04-25 10:32:18 UTC; unix"
"magrittr","2.0.5","R 4.6.0; aarch64-apple-darwin23; 2026-04-25 15:39:33 UTC; unix"
"Matrix","1.7-5","R 4.6.0; aarch64-apple-darwin23; 2026-04-25 08:58:56 UTC; unix"
"matrixStats","1.5.0","R 4.6.0; aarch64-apple-darwin23; 2026-04-25 15:45:26 UTC; unix"
"numDeriv","2016.8-1.1","R 4.6.0; ; 2026-04-25 15:42:27 UTC; unix"
"otel","0.2.0","R 4.6.0; ; 2026-04-25 15:39:31 UTC; unix"
"parallelbayes","0.1.0","R 4.6.0; ; 2026-10-03 08:46:02 UTC; unix"
"pillar","1.11.1","R 4.6.0; ; 2026-04-25 11:14:26 UTC; unix"
"pkgbuild","1.4.8","R 4.6.0; ; 2026-04-26 05:15:34 UTC; unix"
"pkgconfig","2.0.3","R 4.6.0; ; 2026-04-25 15:40:59 UTC; unix"
"pkgload","1.5.3","R 4.6.0; ; 2026-06-15 18:08:46 UTC; unix"
"png","0.1-9","R 4.6.0; aarch64-apple-darwin23; 2026-04-25 15:50:44 UTC; unix"
"posterior","1.7.0","R 4.6.0; ; 2026-04-26 05:18:17 UTC; unix"
"praise","1.0.0","R 4.6.0; ; 2026-04-25 15:54:02 UTC; unix"
"processx","3.9.0","R 4.6.0; aarch64-apple-darwin23; 2026-04-25 23:18:04 UTC; unix"
"ps","1.9.3","R 4.6.0; aarch64-apple-darwin23; 2026-04-25 15:48:33 UTC; unix"
"R6","2.6.1","R 4.6.0; ; 2026-04-25 15:39:09 UTC; unix"
"rappdirs","0.3.4","R 4.6.0; aarch64-apple-darwin23; 2026-04-25 09:27:56 UTC; unix"
"Rcpp","1.1.1-1.1","R 4.6.0; aarch64-apple-darwin23; 2026-04-25 15:39:45 UTC; unix"
"RcppTOML","0.2.3","R 4.6.0; aarch64-apple-darwin23; 2026-04-25 15:50:47 UTC; unix"
"renv","1.3.0","R 4.6.1; ; 2026-09-29 16:27:17 UTC; unix"
"reticulate","1.47.0","R 4.6.1; aarch64-apple-darwin23; 2026-09-03 08:25:25 UTC; unix"
"rlang","1.2.0","R 4.6.0; aarch64-apple-darwin23; 2026-04-25 15:39:30 UTC; unix"
"rprojroot","2.1.1","R 4.6.0; ; 2026-04-25 15:48:39 UTC; unix"
"tensorA","0.36.2.1","R 4.6.0; aarch64-apple-darwin23; 2026-04-25 15:52:44 UTC; unix"
"testthat","3.3.2","R 4.6.0; aarch64-apple-darwin23; 2026-04-26 11:13:21 UTC; unix"
"tibble","3.3.1","R 4.6.0; aarch64-apple-darwin23; 2026-04-26 05:14:40 UTC; unix"
"utf8","1.2.6","R 4.6.0; aarch64-apple-darwin23; 2026-04-25 15:41:06 UTC; unix"
"vctrs","0.7.3","R 4.6.0; aarch64-apple-darwin23; 2026-04-25 23:15:23 UTC; unix"
"waldo","0.6.2","R 4.6.0; ; 2026-04-25 23:20:29 UTC; unix"
"withr","3.0.2","R 4.6.0; ; 2026-04-25 09:28:00 UTC; unix"
