"package","lock_version","installed_version","path","source"
"Matrix","1.7-5","1.7-5","/Users/haku/Workspace/ParallelBayes/output/research-completion/release-review-v1/R-library/Matrix","R-distribution binary copied"
"R6","2.6.1","2.6.1","/Users/haku/Workspace/ParallelBayes/output/research-completion/release-review-v1/R-library/R6","renv explicit install"
"Rcpp","1.1.1-1.1","1.1.1-1.1","/Users/haku/Workspace/ParallelBayes/output/research-completion/release-review-v1/R-library/Rcpp","renv explicit install"
"RcppTOML","0.2.3","0.2.3","/Users/haku/Workspace/ParallelBayes/output/research-completion/release-review-v1/R-library/RcppTOML","renv explicit install"
"abind","1.4-8","1.4-8","/Users/haku/Workspace/ParallelBayes/output/research-completion/release-review-v1/R-library/abind","renv explicit install"
"backports","1.5.1","1.5.1","/Users/haku/Workspace/ParallelBayes/output/research-completion/release-review-v1/R-library/backports","renv explicit install"
"brio","1.1.5","1.1.5","/Users/haku/Workspace/ParallelBayes/output/research-completion/release-review-v1/R-library/brio","renv explicit install"
"callr","3.8.0","3.8.0","/Users/haku/Workspace/ParallelBayes/output/research-completion/release-review-v1/R-library/callr","renv explicit install"
"checkmate","2.3.4","2.3.4","/Users/haku/Workspace/ParallelBayes/output/research-completion/release-review-v1/R-library/checkmate","renv explicit install"
"cli","3.6.6","3.6.6","/Users/haku/Workspace/ParallelBayes/output/research-completion/release-review-v1/R-library/cli","renv explicit install"
"crayon","1.5.3","1.5.3","/Users/haku/Workspace/ParallelBayes/output/research-completion/release-review-v1/R-library/crayon","renv explicit install"
"desc","1.4.3","1.4.3","/Users/haku/Workspace/ParallelBayes/output/research-completion/release-review-v1/R-library/desc","renv explicit install"
"diffobj","0.3.9","0.3.9","/Users/haku/Workspace/ParallelBayes/output/research-completion/release-review-v1/R-library/diffobj","renv explicit install"
"digest","0.6.39","0.6.39","/Users/haku/Workspace/ParallelBayes/output/research-completion/release-review-v1/R-library/digest","renv explicit install"
"distributional","0.7.0","0.7.0","/Users/haku/Workspace/ParallelBayes/output/research-completion/release-review-v1/R-library/distributional","renv explicit install"
"evaluate","1.0.5","1.0.5","/Users/haku/Workspace/ParallelBayes/output/research-completion/release-review-v1/R-library/evaluate","renv explicit install"
"fs","2.1.0","2.1.0","/Users/haku/Workspace/ParallelBayes/output/research-completion/release-review-v1/R-library/fs","renv explicit install"
"generics","0.1.4","0.1.4","/Users/haku/Workspace/ParallelBayes/output/research-completion/release-review-v1/R-library/generics","renv explicit install"
"glue","1.8.1","1.8.1","/Users/haku/Workspace/ParallelBayes/output/research-completion/release-review-v1/R-library/glue","renv explicit install"
"here","1.0.2","1.0.2","/Users/haku/Workspace/ParallelBayes/output/research-completion/release-review-v1/R-library/here","renv explicit install"
"jsonlite","2.0.0","2.0.0","/Users/haku/Workspace/ParallelBayes/output/research-completion/release-review-v1/R-library/jsonlite","renv explicit install"
"lattice","0.22-9","0.22-9","/Users/haku/Workspace/ParallelBayes/output/research-completion/release-review-v1/R-library/lattice","renv explicit install"
"lifecycle","1.0.5","1.0.5","/Users/haku/Workspace/ParallelBayes/output/research-completion/release-review-v1/R-library/lifecycle","renv explicit install"
"magrittr","2.0.5","2.0.5","/Users/haku/Workspace/ParallelBayes/output/research-completion/release-review-v1/R-library/magrittr","renv explicit install"
"matrixStats","1.5.0","1.5.0","/Users/haku/Workspace/ParallelBayes/output/research-completion/release-review-v1/R-library/matrixStats","renv explicit install"
"numDeriv","2016.8-1.1","2016.8-1.1","/Users/haku/Workspace/ParallelBayes/output/research-completion/release-review-v1/R-library/numDeriv","renv explicit install"
"otel","0.2.0","0.2.0","/Users/haku/Workspace/ParallelBayes/output/research-completion/release-review-v1/R-library/otel","renv explicit install"
"pillar","1.11.1","1.11.1","/Users/haku/Workspace/ParallelBayes/output/research-completion/release-review-v1/R-library/pillar","renv explicit install"
"pkgbuild","1.4.8","1.4.8","/Users/haku/Workspace/ParallelBayes/output/research-completion/release-review-v1/R-library/pkgbuild","renv explicit install"
"pkgconfig","2.0.3","2.0.3","/Users/haku/Workspace/ParallelBayes/output/research-completion/release-review-v1/R-library/pkgconfig","renv explicit install"
"pkgload","1.5.3","1.5.3","/Users/haku/Workspace/ParallelBayes/output/research-completion/release-review-v1/R-library/pkgload","renv explicit install"
"png","0.1-9","0.1-9","/Users/haku/Workspace/ParallelBayes/output/research-completion/release-review-v1/R-library/png","renv explicit install"
"posterior","1.7.0","1.7.0","/Users/haku/Workspace/ParallelBayes/output/research-completion/release-review-v1/R-library/posterior","renv explicit install"
"praise","1.0.0","1.0.0","/Users/haku/Workspace/ParallelBayes/output/research-completion/release-review-v1/R-library/praise","renv explicit install"
"processx","3.9.0","3.9.0","/Users/haku/Workspace/ParallelBayes/output/research-completion/release-review-v1/R-library/processx","renv explicit install"
"ps","1.9.3","1.9.3","/Users/haku/Workspace/ParallelBayes/output/research-completion/release-review-v1/R-library/ps","renv explicit install"
"rappdirs","0.3.4","0.3.4","/Users/haku/Workspace/ParallelBayes/output/research-completion/release-review-v1/R-library/rappdirs","renv explicit install"
"renv","1.3.0","1.3.0","/Users/haku/Workspace/ParallelBayes/output/research-completion/release-review-v1/R-library/renv","renv explicit install"
"reticulate","1.47.0","1.47.0","/Users/haku/Workspace/ParallelBayes/output/research-completion/release-review-v1/R-library/reticulate","renv explicit install"
"rlang","1.2.0","1.2.0","/Users/haku/Workspace/ParallelBayes/output/research-completion/release-review-v1/R-library/rlang","renv explicit install"
"rprojroot","2.1.1","2.1.1","/Users/haku/Workspace/ParallelBayes/output/research-completion/release-review-v1/R-library/rprojroot","renv explicit install"
"tensorA","0.36.2.1","0.36.2.1","/Users/haku/Workspace/ParallelBayes/output/research-completion/release-review-v1/R-library/tensorA","renv explicit install"
"testthat","3.3.2","3.3.2","/Users/haku/Workspace/ParallelBayes/output/research-completion/release-review-v1/R-library/testthat","renv explicit install"
"tibble","3.3.1","3.3.1","/Users/haku/Workspace/ParallelBayes/output/research-completion/release-review-v1/R-library/tibble","renv explicit install"
"utf8","1.2.6","1.2.6","/Users/haku/Workspace/ParallelBayes/output/research-completion/release-review-v1/R-library/utf8","renv explicit install"
"vctrs","0.7.3","0.7.3","/Users/haku/Workspace/ParallelBayes/output/research-completion/release-review-v1/R-library/vctrs","renv explicit install"
"waldo","0.6.2","0.6.2","/Users/haku/Workspace/ParallelBayes/output/research-completion/release-review-v1/R-library/waldo","renv explicit install"
"withr","3.0.2","3.0.2","/Users/haku/Workspace/ParallelBayes/output/research-completion/release-review-v1/R-library/withr","renv explicit install"
