task_id,block,kernel,executor,step_size,audit,call,status,call_seconds,load_seconds,target_seconds,cold_R_ready_seconds,process_wall_seconds,invoke_seconds,transfer_to_R_seconds,posterior_conversion_seconds,diagnostics_seconds,archive_seconds
block-0-workflow-0-audit-0,0,mala,sequential,0.01,False,first,completed,0.781,4.329,0.00400000000000045,5.21959270798834,5.3328081669751555,0.621,0,0.144,0.016,0.00100000000000033
block-0-workflow-0-audit-0,0,mala,sequential,0.01,False,subsequent,completed,0.0439999999999996,4.329,0.00400000000000045,,5.3328081669751555,0.0409999999999995,0,0,0.00300000000000011,0
block-0-workflow-0-audit-1,0,mala,sequential,0.01,True,first,completed,0.543,1.085,0.002,1.721176250022836,1.8361004589824006,0.449,0,0.085,0.00900000000000012,0.002
block-0-workflow-0-audit-1,0,mala,sequential,0.01,True,subsequent,completed,0.054,1.085,0.002,,1.8361004589824006,0.0509999999999999,0,0,0.00300000000000011,0.00099999999999989
block-0-workflow-1-audit-1,0,mala,quasi_deer,0.01,True,first,completed,0.882,1.07,0.002,2.0401604170328937,2.4521874170168303,0.789,0,0.0840000000000001,0.0089999999999999,0.00200000000000022
block-0-workflow-1-audit-1,0,mala,quasi_deer,0.01,True,subsequent,completed,0.351,1.07,0.002,,2.4521874170168303,0.348,0,0,0.00300000000000011,0.00199999999999978
block-0-workflow-1-audit-0,0,mala,quasi_deer,0.01,False,first,completed,0.864,1.073,0.00300000000000011,2.024627332983073,2.4210352079826407,0.77,0,0.085,0.0089999999999999,0.00099999999999989
block-0-workflow-1-audit-0,0,mala,quasi_deer,0.01,False,subsequent,completed,0.335,1.073,0.00300000000000011,,2.4210352079826407,0.332,0,0,0.00300000000000011,0.00199999999999978
block-0-workflow-2-audit-0,0,rwm,sequential,0.08,False,first,completed,0.112,1.068,0.00299999999999989,1.2673778750468045,1.337357917043846,0.0129999999999999,0,0.0900000000000001,0.0089999999999999,0.00100000000000011
block-0-workflow-2-audit-0,0,rwm,sequential,0.08,False,subsequent,completed,0.0149999999999999,1.068,0.00299999999999989,,1.337357917043846,0.012,0,0.00099999999999989,0.002,0.00100000000000011
block-0-workflow-2-audit-1,0,rwm,sequential,0.08,True,first,completed,0.117,1.084,0.002,1.2872702080057934,1.362093416042626,0.0169999999999999,0,0.0910000000000002,0.0089999999999999,0.002
block-0-workflow-2-audit-1,0,rwm,sequential,0.08,True,subsequent,completed,0.0189999999999999,1.084,0.002,,1.362093416042626,0.016,0,0,0.00299999999999989,0.00100000000000011
block-0-workflow-3-audit-1,0,rwm,online_picard,0.08,True,first,completed,0.118,1.079,0.00299999999999989,1.2844466249807738,1.3597647090209648,0.0169999999999999,0,0.0920000000000001,0.00900000000000012,0.002
block-0-workflow-3-audit-1,0,rwm,online_picard,0.08,True,subsequent,completed,0.0189999999999999,1.079,0.00299999999999989,,1.3597647090209648,0.0159999999999998,0,0,0.00300000000000011,0.00099999999999989
block-0-workflow-3-audit-0,0,rwm,online_picard,0.08,False,first,completed,0.113,1.074,0.00300000000000011,1.273895708960481,1.343039458966814,0.0119999999999998,0,0.0920000000000001,0.00900000000000012,0.00099999999999989
block-0-workflow-3-audit-0,0,rwm,online_picard,0.08,False,subsequent,completed,0.014,1.074,0.00300000000000011,,1.343039458966814,0.0110000000000001,0,0,0.00299999999999989,0.00100000000000011
block-1-workflow-1-audit-0,1,mala,quasi_deer,0.01,False,first,completed,0.867,1.07,0.00300000000000011,2.022665833006613,2.4216146250255406,0.774,0,0.0840000000000001,0.0089999999999999,0.00200000000000022
block-1-workflow-1-audit-0,1,mala,quasi_deer,0.01,False,subsequent,completed,0.337,1.07,0.00300000000000011,,2.4216146250255406,0.334,0,0,0.00300000000000011,0.00200000000000022
block-1-workflow-1-audit-1,1,mala,quasi_deer,0.01,True,first,completed,0.88,1.076,0.00300000000000011,2.042798499984201,2.454665458004456,0.787,0,0.0840000000000001,0.0089999999999999,0.00200000000000022
block-1-workflow-1-audit-1,1,mala,quasi_deer,0.01,True,subsequent,completed,0.35,1.076,0.00300000000000011,,2.454665458004456,0.347,0,0,0.00299999999999967,0.00200000000000022
block-1-workflow-2-audit-1,1,rwm,sequential,0.08,True,first,completed,0.119,1.071,0.00299999999999989,1.2763895420357585,1.3507968339836225,0.0179999999999998,0,0.0920000000000001,0.00900000000000012,0.002
block-1-workflow-2-audit-1,1,rwm,sequential,0.08,True,subsequent,completed,0.0189999999999999,1.071,0.00299999999999989,,1.3507968339836225,0.0169999999999999,0,0,0.002,0.00099999999999989
block-1-workflow-2-audit-0,1,rwm,sequential,0.08,False,first,completed,0.113,1.073,0.00300000000000011,1.2726400829851627,1.3419226250262,0.0129999999999999,0,0.0910000000000002,0.0089999999999999,0.00100000000000011
block-1-workflow-2-audit-0,1,rwm,sequential,0.08,False,subsequent,completed,0.014,1.073,0.00300000000000011,,1.3419226250262,0.0109999999999999,0,0.00100000000000011,0.002,0.00099999999999989
block-1-workflow-3-audit-0,1,rwm,online_picard,0.08,False,first,completed,0.11,1.079,0.002,1.2736760420375504,1.3421732499846257,0.012,0,0.089,0.00900000000000012,0.00099999999999989
block-1-workflow-3-audit-0,1,rwm,online_picard,0.08,False,subsequent,completed,0.0130000000000001,1.079,0.002,,1.3421732499846257,0.0110000000000001,0,0,0.002,0.00099999999999989
block-1-workflow-3-audit-1,1,rwm,online_picard,0.08,True,first,completed,0.119,1.073,0.00300000000000011,1.277553083957173,1.3535622920026071,0.0169999999999999,0,0.0930000000000002,0.0089999999999999,0.004
block-1-workflow-3-audit-1,1,rwm,online_picard,0.08,True,subsequent,completed,0.0189999999999999,1.073,0.00300000000000011,,1.3535622920026071,0.016,0,0,0.00299999999999989,0.00100000000000011
block-1-workflow-0-audit-1,1,mala,sequential,0.01,True,first,completed,0.54,1.077,0.002,1.7024468750460073,1.8153067500097677,0.447,0,0.0840000000000001,0.0089999999999999,0.00100000000000011
block-1-workflow-0-audit-1,1,mala,sequential,0.01,True,subsequent,completed,0.0529999999999999,1.077,0.002,,1.8153067500097677,0.05,0.00099999999999989,0,0.002,0.00100000000000011
block-1-workflow-0-audit-0,1,mala,sequential,0.01,False,first,completed,0.534,1.073,0.002,1.6944584169541486,1.796846208977513,0.442,0,0.083,0.00900000000000012,0.002
block-1-workflow-0-audit-0,1,mala,sequential,0.01,False,subsequent,completed,0.0429999999999999,1.073,0.002,,1.796846208977513,0.04,0,0,0.00299999999999989,0.00100000000000011
block-2-workflow-2-audit-0,2,rwm,sequential,0.08,False,first,completed,0.113,1.076,0.002,1.2743762920144945,1.3449192080297507,0.0129999999999999,0,0.0910000000000002,0.0089999999999999,0.00100000000000011
block-2-workflow-2-audit-0,2,rwm,sequential,0.08,False,subsequent,completed,0.014,1.076,0.002,,1.3449192080297507,0.012,0,0,0.002,0.00099999999999989
block-2-workflow-2-audit-1,2,rwm,sequential,0.08,True,first,completed,0.118,1.071,0.002,1.275765708007384,1.3505022919853218,0.0169999999999999,0.00100000000000011,0.091,0.00900000000000012,0.00099999999999989
block-2-workflow-2-audit-1,2,rwm,sequential,0.08,True,subsequent,completed,0.0189999999999999,1.071,0.002,,1.3505022919853218,0.0169999999999999,0,0,0.002,0.002
block-2-workflow-3-audit-1,2,rwm,online_picard,0.08,True,first,completed,0.117,1.069,0.00300000000000011,1.2737025839742273,1.3479973339708522,0.0159999999999998,0,0.0920000000000001,0.00900000000000012,0.00099999999999989
block-2-workflow-3-audit-1,2,rwm,online_picard,0.08,True,subsequent,completed,0.0189999999999999,1.069,0.00300000000000011,,1.3479973339708522,0.016,0,0,0.00299999999999989,0.00100000000000011
block-2-workflow-3-audit-0,2,rwm,online_picard,0.08,False,first,completed,0.111,1.073,0.00299999999999989,1.2701225830242038,1.338886082987301,0.0119999999999998,0,0.0900000000000001,0.00900000000000012,0.00099999999999989
block-2-workflow-3-audit-0,2,rwm,online_picard,0.08,False,subsequent,completed,0.014,1.073,0.00299999999999989,,1.338886082987301,0.0110000000000001,0,0,0.00299999999999989,0.00100000000000011
block-2-workflow-0-audit-0,2,mala,sequential,0.01,False,first,completed,0.537,1.067,0.00299999999999989,1.6909465420176275,1.7944846670143306,0.443,0.00099999999999989,0.0840000000000001,0.0089999999999999,0.00100000000000011
block-2-workflow-0-audit-0,2,mala,sequential,0.01,False,subsequent,completed,0.0449999999999999,1.067,0.00299999999999989,,1.7944846670143306,0.042,0,0,0.00299999999999989,0.00100000000000011
block-2-workflow-0-audit-1,2,mala,sequential,0.01,True,first,completed,0.537,1.074,0.002,1.696239750017412,1.8095010840333998,0.444,0,0.0839999999999999,0.00900000000000012,0.00099999999999989
block-2-workflow-0-audit-1,2,mala,sequential,0.01,True,subsequent,completed,0.054,1.074,0.002,,1.8095010840333998,0.0510000000000002,0,0.00099999999999989,0.002,0.00100000000000011
block-2-workflow-1-audit-1,2,mala,quasi_deer,0.01,True,first,completed,0.876,1.073,0.00299999999999989,2.0364802919793874,2.4434123339597136,0.783,0,0.0840000000000001,0.0089999999999999,0.00200000000000022
block-2-workflow-1-audit-1,2,mala,quasi_deer,0.01,True,subsequent,completed,0.346,1.073,0.00299999999999989,,2.4434123339597136,0.343,0,0,0.00300000000000011,0.00199999999999978
block-2-workflow-1-audit-0,2,mala,quasi_deer,0.01,False,first,completed,0.887,1.114,0.00299999999999989,2.089735916990321,2.495915374951437,0.793,0,0.0839999999999999,0.0100000000000002,0.00099999999999989
block-2-workflow-1-audit-0,2,mala,quasi_deer,0.01,False,subsequent,completed,0.343,1.114,0.00299999999999989,,2.495915374951437,0.34,0,0,0.00300000000000011,0.00200000000000022
block-3-workflow-3-audit-0,3,rwm,online_picard,0.08,False,first,completed,0.114,1.096,0.00299999999999989,1.3147598340292461,1.3880868339911103,0.012,0,0.0920000000000001,0.01,0.00099999999999989
block-3-workflow-3-audit-0,3,rwm,online_picard,0.08,False,subsequent,completed,0.014,1.096,0.00299999999999989,,1.3880868339911103,0.0110000000000001,0,0,0.00299999999999989,0.00100000000000011
block-3-workflow-3-audit-1,3,rwm,online_picard,0.08,True,first,completed,0.124,1.144,0.002,1.3575081250164658,1.459336041007191,0.0170000000000001,0,0.0959999999999999,0.0110000000000001,0.016
block-3-workflow-3-audit-1,3,rwm,online_picard,0.08,True,subsequent,completed,0.02,1.144,0.002,,1.459336041007191,0.0169999999999999,0,0,0.00300000000000011,0.00099999999999989
block-3-workflow-0-audit-1,3,mala,sequential,0.01,True,first,completed,0.638,1.207,0.00300000000000011,1.9486462920322083,2.0789239589939825,0.538,0,0.0900000000000001,0.01,0.002
block-3-workflow-0-audit-1,3,mala,sequential,0.01,True,subsequent,completed,0.0569999999999999,1.207,0.00300000000000011,,2.0789239589939825,0.0529999999999999,0,0.00100000000000011,0.00299999999999989,0.00100000000000011
block-3-workflow-0-audit-0,3,mala,sequential,0.01,False,first,completed,0.593,1.146,0.00299999999999989,1.8423877090099268,1.9540412499918602,0.491,0.00100000000000011,0.0899999999999999,0.0110000000000001,0.00099999999999989
block-3-workflow-0-audit-0,3,mala,sequential,0.01,False,subsequent,completed,0.0450000000000002,1.146,0.00299999999999989,,1.9540412499918602,0.0410000000000001,0,0.00099999999999989,0.00300000000000011,0.00099999999999989
block-3-workflow-1-audit-0,3,mala,quasi_deer,0.01,False,first,completed,0.949,1.198,0.00300000000000011,2.2479419999872334,2.667052540986333,0.846,0,0.093,0.00999999999999979,0.00200000000000022
block-3-workflow-1-audit-0,3,mala,quasi_deer,0.01,False,subsequent,completed,0.347,1.198,0.00300000000000011,,2.667052540986333,0.343,0,0,0.004,0.00199999999999978
block-3-workflow-1-audit-1,3,mala,quasi_deer,0.01,True,first,completed,0.918,1.182,0.004,2.1958657079958357,2.612180416006595,0.823,0,0.0860000000000003,0.0089999999999999,0.00199999999999978
block-3-workflow-1-audit-1,3,mala,quasi_deer,0.01,True,subsequent,completed,0.353,1.182,0.004,,2.612180416006595,0.35,0,0,0.00300000000000011,0.00199999999999978
block-3-workflow-2-audit-1,3,rwm,sequential,0.08,True,first,completed,0.119,1.072,0.002,1.2785456670098938,1.3541345000267029,0.0179999999999998,0,0.0920000000000001,0.00900000000000012,0.002
block-3-workflow-2-audit-1,3,rwm,sequential,0.08,True,subsequent,completed,0.0199999999999998,1.072,0.002,,1.3541345000267029,0.0169999999999999,0,0,0.00299999999999989,0
block-3-workflow-2-audit-0,3,rwm,sequential,0.08,False,first,completed,0.113,1.082,0.00299999999999989,1.2816089169937186,1.3515191249898635,0.0130000000000001,0,0.091,0.00900000000000012,0.00099999999999989
block-3-workflow-2-audit-0,3,rwm,sequential,0.08,False,subsequent,completed,0.014,1.082,0.00299999999999989,,1.3515191249898635,0.012,0,0,0.002,0.00099999999999989
