task_id,call,variable,mean,median,sd,mad,q5,q95,rhat,ess_bulk,ess_tail
block-0-workflow-0-audit-0,first,beta0,0.114277667676391,0.122500437282959,0.166424108103791,0.170691602566299,-0.162289230112429,0.38480173142722,1.01917399415857,138.877678277534,196.147361575978
block-0-workflow-0-audit-0,first,beta1,-0.137335121664313,-0.145980742027138,0.173358263652159,0.179556615665717,-0.419858472956877,0.166552064959824,1.03179837154009,87.7172674864125,157.63285915634
block-0-workflow-0-audit-0,subsequent,beta0,0.114277667676391,0.122500437282959,0.166424108103791,0.170691602566299,-0.162289230112429,0.38480173142722,1.01917399415857,138.877678277534,196.147361575978
block-0-workflow-0-audit-0,subsequent,beta1,-0.137335121664313,-0.145980742027138,0.173358263652159,0.179556615665717,-0.419858472956877,0.166552064959824,1.03179837154009,87.7172674864125,157.63285915634
block-0-workflow-0-audit-1,first,beta0,0.114277667676391,0.122500437282959,0.166424108103791,0.170691602566299,-0.162289230112429,0.38480173142722,1.01917399415857,138.877678277534,196.147361575978
block-0-workflow-0-audit-1,first,beta1,-0.137335121664313,-0.145980742027138,0.173358263652159,0.179556615665717,-0.419858472956877,0.166552064959824,1.03179837154009,87.7172674864125,157.63285915634
block-0-workflow-0-audit-1,subsequent,beta0,0.114277667676391,0.122500437282959,0.166424108103791,0.170691602566299,-0.162289230112429,0.38480173142722,1.01917399415857,138.877678277534,196.147361575978
block-0-workflow-0-audit-1,subsequent,beta1,-0.137335121664313,-0.145980742027138,0.173358263652159,0.179556615665717,-0.419858472956877,0.166552064959824,1.03179837154009,87.7172674864125,157.63285915634
block-0-workflow-1-audit-1,first,beta0,0.114277667675232,0.12250043728296,0.166424108104361,0.170691602565694,-0.162289230112456,0.384801731427356,1.01917421239632,138.87952205839,196.147361575978
block-0-workflow-1-audit-1,first,beta1,-0.1373351216641,-0.145980742027139,0.173358263651735,0.179556615665991,-0.419858472956379,0.166552064959734,1.03179822972705,87.7247373182166,157.63285915634
block-0-workflow-1-audit-1,subsequent,beta0,0.114277667675232,0.12250043728296,0.166424108104361,0.170691602565694,-0.162289230112456,0.384801731427356,1.01917421239632,138.87952205839,196.147361575978
block-0-workflow-1-audit-1,subsequent,beta1,-0.1373351216641,-0.145980742027139,0.173358263651735,0.179556615665991,-0.419858472956379,0.166552064959734,1.03179822972705,87.7247373182166,157.63285915634
block-0-workflow-1-audit-0,first,beta0,0.114277667675232,0.12250043728296,0.166424108104361,0.170691602565694,-0.162289230112456,0.384801731427356,1.01917421239632,138.87952205839,196.147361575978
block-0-workflow-1-audit-0,first,beta1,-0.1373351216641,-0.145980742027139,0.173358263651735,0.179556615665991,-0.419858472956379,0.166552064959734,1.03179822972705,87.7247373182166,157.63285915634
block-0-workflow-1-audit-0,subsequent,beta0,0.114277667675232,0.12250043728296,0.166424108104361,0.170691602565694,-0.162289230112456,0.384801731427356,1.01917421239632,138.87952205839,196.147361575978
block-0-workflow-1-audit-0,subsequent,beta1,-0.1373351216641,-0.145980742027139,0.173358263651735,0.179556615665991,-0.419858472956379,0.166552064959734,1.03179822972705,87.7247373182166,157.63285915634
block-0-workflow-2-audit-0,first,beta0,0.101115848373494,0.094385154638985,0.144824436528764,0.14037574592602,-0.0986795758652142,0.327130300452258,1.11736541757279,51.2315017380381,47.4478354244117
block-0-workflow-2-audit-0,first,beta1,-0.123760946251438,-0.11438271609639,0.157562569690989,0.165036459609722,-0.388568625918246,0.101453155179228,1.06527684357799,33.2215827359252,29.9124478088522
block-0-workflow-2-audit-0,subsequent,beta0,0.101115848373494,0.094385154638985,0.144824436528764,0.14037574592602,-0.0986795758652142,0.327130300452258,1.11736541757279,51.2315017380381,47.4478354244117
block-0-workflow-2-audit-0,subsequent,beta1,-0.123760946251438,-0.11438271609639,0.157562569690989,0.165036459609722,-0.388568625918246,0.101453155179228,1.06527684357799,33.2215827359252,29.9124478088522
block-0-workflow-2-audit-1,first,beta0,0.101115848373494,0.094385154638985,0.144824436528764,0.14037574592602,-0.0986795758652142,0.327130300452258,1.11736541757279,51.2315017380381,47.4478354244117
block-0-workflow-2-audit-1,first,beta1,-0.123760946251438,-0.11438271609639,0.157562569690989,0.165036459609722,-0.388568625918246,0.101453155179228,1.06527684357799,33.2215827359252,29.9124478088522
block-0-workflow-2-audit-1,subsequent,beta0,0.101115848373494,0.094385154638985,0.144824436528764,0.14037574592602,-0.0986795758652142,0.327130300452258,1.11736541757279,51.2315017380381,47.4478354244117
block-0-workflow-2-audit-1,subsequent,beta1,-0.123760946251438,-0.11438271609639,0.157562569690989,0.165036459609722,-0.388568625918246,0.101453155179228,1.06527684357799,33.2215827359252,29.9124478088522
block-0-workflow-3-audit-1,first,beta0,0.101115848373494,0.094385154638985,0.144824436528764,0.14037574592602,-0.0986795758652143,0.327130300452258,1.11736541757279,51.2315017380381,47.4478354244117
block-0-workflow-3-audit-1,first,beta1,-0.123760946251438,-0.11438271609639,0.157562569690989,0.165036459609722,-0.388568625918246,0.101453155179228,1.06527684357799,33.2215827359252,29.9124478088522
block-0-workflow-3-audit-1,subsequent,beta0,0.101115848373494,0.094385154638985,0.144824436528764,0.14037574592602,-0.0986795758652143,0.327130300452258,1.11736541757279,51.2315017380381,47.4478354244117
block-0-workflow-3-audit-1,subsequent,beta1,-0.123760946251438,-0.11438271609639,0.157562569690989,0.165036459609722,-0.388568625918246,0.101453155179228,1.06527684357799,33.2215827359252,29.9124478088522
block-0-workflow-3-audit-0,first,beta0,0.101115848373494,0.094385154638985,0.144824436528764,0.14037574592602,-0.0986795758652143,0.327130300452258,1.11736541757279,51.2315017380381,47.4478354244117
block-0-workflow-3-audit-0,first,beta1,-0.123760946251438,-0.11438271609639,0.157562569690989,0.165036459609722,-0.388568625918246,0.101453155179228,1.06527684357799,33.2215827359252,29.9124478088522
block-0-workflow-3-audit-0,subsequent,beta0,0.101115848373494,0.094385154638985,0.144824436528764,0.14037574592602,-0.0986795758652143,0.327130300452258,1.11736541757279,51.2315017380381,47.4478354244117
block-0-workflow-3-audit-0,subsequent,beta1,-0.123760946251438,-0.11438271609639,0.157562569690989,0.165036459609722,-0.388568625918246,0.101453155179228,1.06527684357799,33.2215827359252,29.9124478088522
block-1-workflow-1-audit-0,first,beta0,0.114277667675232,0.12250043728296,0.166424108104361,0.170691602565694,-0.162289230112456,0.384801731427356,1.01917421239632,138.87952205839,196.147361575978
block-1-workflow-1-audit-0,first,beta1,-0.1373351216641,-0.145980742027139,0.173358263651735,0.179556615665991,-0.419858472956379,0.166552064959734,1.03179822972705,87.7247373182166,157.63285915634
block-1-workflow-1-audit-0,subsequent,beta0,0.114277667675232,0.12250043728296,0.166424108104361,0.170691602565694,-0.162289230112456,0.384801731427356,1.01917421239632,138.87952205839,196.147361575978
block-1-workflow-1-audit-0,subsequent,beta1,-0.1373351216641,-0.145980742027139,0.173358263651735,0.179556615665991,-0.419858472956379,0.166552064959734,1.03179822972705,87.7247373182166,157.63285915634
block-1-workflow-1-audit-1,first,beta0,0.114277667675232,0.12250043728296,0.166424108104361,0.170691602565694,-0.162289230112456,0.384801731427356,1.01917421239632,138.87952205839,196.147361575978
block-1-workflow-1-audit-1,first,beta1,-0.1373351216641,-0.145980742027139,0.173358263651735,0.179556615665991,-0.419858472956379,0.166552064959734,1.03179822972705,87.7247373182166,157.63285915634
block-1-workflow-1-audit-1,subsequent,beta0,0.114277667675232,0.12250043728296,0.166424108104361,0.170691602565694,-0.162289230112456,0.384801731427356,1.01917421239632,138.87952205839,196.147361575978
block-1-workflow-1-audit-1,subsequent,beta1,-0.1373351216641,-0.145980742027139,0.173358263651735,0.179556615665991,-0.419858472956379,0.166552064959734,1.03179822972705,87.7247373182166,157.63285915634
block-1-workflow-2-audit-1,first,beta0,0.101115848373494,0.094385154638985,0.144824436528764,0.14037574592602,-0.0986795758652142,0.327130300452258,1.11736541757279,51.2315017380381,47.4478354244117
block-1-workflow-2-audit-1,first,beta1,-0.123760946251438,-0.11438271609639,0.157562569690989,0.165036459609722,-0.388568625918246,0.101453155179228,1.06527684357799,33.2215827359252,29.9124478088522
block-1-workflow-2-audit-1,subsequent,beta0,0.101115848373494,0.094385154638985,0.144824436528764,0.14037574592602,-0.0986795758652142,0.327130300452258,1.11736541757279,51.2315017380381,47.4478354244117
block-1-workflow-2-audit-1,subsequent,beta1,-0.123760946251438,-0.11438271609639,0.157562569690989,0.165036459609722,-0.388568625918246,0.101453155179228,1.06527684357799,33.2215827359252,29.9124478088522
block-1-workflow-2-audit-0,first,beta0,0.101115848373494,0.094385154638985,0.144824436528764,0.14037574592602,-0.0986795758652142,0.327130300452258,1.11736541757279,51.2315017380381,47.4478354244117
block-1-workflow-2-audit-0,first,beta1,-0.123760946251438,-0.11438271609639,0.157562569690989,0.165036459609722,-0.388568625918246,0.101453155179228,1.06527684357799,33.2215827359252,29.9124478088522
block-1-workflow-2-audit-0,subsequent,beta0,0.101115848373494,0.094385154638985,0.144824436528764,0.14037574592602,-0.0986795758652142,0.327130300452258,1.11736541757279,51.2315017380381,47.4478354244117
block-1-workflow-2-audit-0,subsequent,beta1,-0.123760946251438,-0.11438271609639,0.157562569690989,0.165036459609722,-0.388568625918246,0.101453155179228,1.06527684357799,33.2215827359252,29.9124478088522
block-1-workflow-3-audit-0,first,beta0,0.101115848373494,0.094385154638985,0.144824436528764,0.14037574592602,-0.0986795758652143,0.327130300452258,1.11736541757279,51.2315017380381,47.4478354244117
block-1-workflow-3-audit-0,first,beta1,-0.123760946251438,-0.11438271609639,0.157562569690989,0.165036459609722,-0.388568625918246,0.101453155179228,1.06527684357799,33.2215827359252,29.9124478088522
block-1-workflow-3-audit-0,subsequent,beta0,0.101115848373494,0.094385154638985,0.144824436528764,0.14037574592602,-0.0986795758652143,0.327130300452258,1.11736541757279,51.2315017380381,47.4478354244117
block-1-workflow-3-audit-0,subsequent,beta1,-0.123760946251438,-0.11438271609639,0.157562569690989,0.165036459609722,-0.388568625918246,0.101453155179228,1.06527684357799,33.2215827359252,29.9124478088522
block-1-workflow-3-audit-1,first,beta0,0.101115848373494,0.094385154638985,0.144824436528764,0.14037574592602,-0.0986795758652143,0.327130300452258,1.11736541757279,51.2315017380381,47.4478354244117
block-1-workflow-3-audit-1,first,beta1,-0.123760946251438,-0.11438271609639,0.157562569690989,0.165036459609722,-0.388568625918246,0.101453155179228,1.06527684357799,33.2215827359252,29.9124478088522
block-1-workflow-3-audit-1,subsequent,beta0,0.101115848373494,0.094385154638985,0.144824436528764,0.14037574592602,-0.0986795758652143,0.327130300452258,1.11736541757279,51.2315017380381,47.4478354244117
block-1-workflow-3-audit-1,subsequent,beta1,-0.123760946251438,-0.11438271609639,0.157562569690989,0.165036459609722,-0.388568625918246,0.101453155179228,1.06527684357799,33.2215827359252,29.9124478088522
block-1-workflow-0-audit-1,first,beta0,0.114277667676391,0.122500437282959,0.166424108103791,0.170691602566299,-0.162289230112429,0.38480173142722,1.01917399415857,138.877678277534,196.147361575978
block-1-workflow-0-audit-1,first,beta1,-0.137335121664313,-0.145980742027138,0.173358263652159,0.179556615665717,-0.419858472956877,0.166552064959824,1.03179837154009,87.7172674864125,157.63285915634
block-1-workflow-0-audit-1,subsequent,beta0,0.114277667676391,0.122500437282959,0.166424108103791,0.170691602566299,-0.162289230112429,0.38480173142722,1.01917399415857,138.877678277534,196.147361575978
block-1-workflow-0-audit-1,subsequent,beta1,-0.137335121664313,-0.145980742027138,0.173358263652159,0.179556615665717,-0.419858472956877,0.166552064959824,1.03179837154009,87.7172674864125,157.63285915634
block-1-workflow-0-audit-0,first,beta0,0.114277667676391,0.122500437282959,0.166424108103791,0.170691602566299,-0.162289230112429,0.38480173142722,1.01917399415857,138.877678277534,196.147361575978
block-1-workflow-0-audit-0,first,beta1,-0.137335121664313,-0.145980742027138,0.173358263652159,0.179556615665717,-0.419858472956877,0.166552064959824,1.03179837154009,87.7172674864125,157.63285915634
block-1-workflow-0-audit-0,subsequent,beta0,0.114277667676391,0.122500437282959,0.166424108103791,0.170691602566299,-0.162289230112429,0.38480173142722,1.01917399415857,138.877678277534,196.147361575978
block-1-workflow-0-audit-0,subsequent,beta1,-0.137335121664313,-0.145980742027138,0.173358263652159,0.179556615665717,-0.419858472956877,0.166552064959824,1.03179837154009,87.7172674864125,157.63285915634
block-2-workflow-2-audit-0,first,beta0,0.101115848373494,0.094385154638985,0.144824436528764,0.14037574592602,-0.0986795758652142,0.327130300452258,1.11736541757279,51.2315017380381,47.4478354244117
block-2-workflow-2-audit-0,first,beta1,-0.123760946251438,-0.11438271609639,0.157562569690989,0.165036459609722,-0.388568625918246,0.101453155179228,1.06527684357799,33.2215827359252,29.9124478088522
block-2-workflow-2-audit-0,subsequent,beta0,0.101115848373494,0.094385154638985,0.144824436528764,0.14037574592602,-0.0986795758652142,0.327130300452258,1.11736541757279,51.2315017380381,47.4478354244117
block-2-workflow-2-audit-0,subsequent,beta1,-0.123760946251438,-0.11438271609639,0.157562569690989,0.165036459609722,-0.388568625918246,0.101453155179228,1.06527684357799,33.2215827359252,29.9124478088522
block-2-workflow-2-audit-1,first,beta0,0.101115848373494,0.094385154638985,0.144824436528764,0.14037574592602,-0.0986795758652142,0.327130300452258,1.11736541757279,51.2315017380381,47.4478354244117
block-2-workflow-2-audit-1,first,beta1,-0.123760946251438,-0.11438271609639,0.157562569690989,0.165036459609722,-0.388568625918246,0.101453155179228,1.06527684357799,33.2215827359252,29.9124478088522
block-2-workflow-2-audit-1,subsequent,beta0,0.101115848373494,0.094385154638985,0.144824436528764,0.14037574592602,-0.0986795758652142,0.327130300452258,1.11736541757279,51.2315017380381,47.4478354244117
block-2-workflow-2-audit-1,subsequent,beta1,-0.123760946251438,-0.11438271609639,0.157562569690989,0.165036459609722,-0.388568625918246,0.101453155179228,1.06527684357799,33.2215827359252,29.9124478088522
block-2-workflow-3-audit-1,first,beta0,0.101115848373494,0.094385154638985,0.144824436528764,0.14037574592602,-0.0986795758652143,0.327130300452258,1.11736541757279,51.2315017380381,47.4478354244117
block-2-workflow-3-audit-1,first,beta1,-0.123760946251438,-0.11438271609639,0.157562569690989,0.165036459609722,-0.388568625918246,0.101453155179228,1.06527684357799,33.2215827359252,29.9124478088522
block-2-workflow-3-audit-1,subsequent,beta0,0.101115848373494,0.094385154638985,0.144824436528764,0.14037574592602,-0.0986795758652143,0.327130300452258,1.11736541757279,51.2315017380381,47.4478354244117
block-2-workflow-3-audit-1,subsequent,beta1,-0.123760946251438,-0.11438271609639,0.157562569690989,0.165036459609722,-0.388568625918246,0.101453155179228,1.06527684357799,33.2215827359252,29.9124478088522
block-2-workflow-3-audit-0,first,beta0,0.101115848373494,0.094385154638985,0.144824436528764,0.14037574592602,-0.0986795758652143,0.327130300452258,1.11736541757279,51.2315017380381,47.4478354244117
block-2-workflow-3-audit-0,first,beta1,-0.123760946251438,-0.11438271609639,0.157562569690989,0.165036459609722,-0.388568625918246,0.101453155179228,1.06527684357799,33.2215827359252,29.9124478088522
block-2-workflow-3-audit-0,subsequent,beta0,0.101115848373494,0.094385154638985,0.144824436528764,0.14037574592602,-0.0986795758652143,0.327130300452258,1.11736541757279,51.2315017380381,47.4478354244117
block-2-workflow-3-audit-0,subsequent,beta1,-0.123760946251438,-0.11438271609639,0.157562569690989,0.165036459609722,-0.388568625918246,0.101453155179228,1.06527684357799,33.2215827359252,29.9124478088522
block-2-workflow-0-audit-0,first,beta0,0.114277667676391,0.122500437282959,0.166424108103791,0.170691602566299,-0.162289230112429,0.38480173142722,1.01917399415857,138.877678277534,196.147361575978
block-2-workflow-0-audit-0,first,beta1,-0.137335121664313,-0.145980742027138,0.173358263652159,0.179556615665717,-0.419858472956877,0.166552064959824,1.03179837154009,87.7172674864125,157.63285915634
block-2-workflow-0-audit-0,subsequent,beta0,0.114277667676391,0.122500437282959,0.166424108103791,0.170691602566299,-0.162289230112429,0.38480173142722,1.01917399415857,138.877678277534,196.147361575978
block-2-workflow-0-audit-0,subsequent,beta1,-0.137335121664313,-0.145980742027138,0.173358263652159,0.179556615665717,-0.419858472956877,0.166552064959824,1.03179837154009,87.7172674864125,157.63285915634
block-2-workflow-0-audit-1,first,beta0,0.114277667676391,0.122500437282959,0.166424108103791,0.170691602566299,-0.162289230112429,0.38480173142722,1.01917399415857,138.877678277534,196.147361575978
block-2-workflow-0-audit-1,first,beta1,-0.137335121664313,-0.145980742027138,0.173358263652159,0.179556615665717,-0.419858472956877,0.166552064959824,1.03179837154009,87.7172674864125,157.63285915634
block-2-workflow-0-audit-1,subsequent,beta0,0.114277667676391,0.122500437282959,0.166424108103791,0.170691602566299,-0.162289230112429,0.38480173142722,1.01917399415857,138.877678277534,196.147361575978
block-2-workflow-0-audit-1,subsequent,beta1,-0.137335121664313,-0.145980742027138,0.173358263652159,0.179556615665717,-0.419858472956877,0.166552064959824,1.03179837154009,87.7172674864125,157.63285915634
block-2-workflow-1-audit-1,first,beta0,0.114277667675232,0.12250043728296,0.166424108104361,0.170691602565694,-0.162289230112456,0.384801731427356,1.01917421239632,138.87952205839,196.147361575978
block-2-workflow-1-audit-1,first,beta1,-0.1373351216641,-0.145980742027139,0.173358263651735,0.179556615665991,-0.419858472956379,0.166552064959734,1.03179822972705,87.7247373182166,157.63285915634
block-2-workflow-1-audit-1,subsequent,beta0,0.114277667675232,0.12250043728296,0.166424108104361,0.170691602565694,-0.162289230112456,0.384801731427356,1.01917421239632,138.87952205839,196.147361575978
block-2-workflow-1-audit-1,subsequent,beta1,-0.1373351216641,-0.145980742027139,0.173358263651735,0.179556615665991,-0.419858472956379,0.166552064959734,1.03179822972705,87.7247373182166,157.63285915634
block-2-workflow-1-audit-0,first,beta0,0.114277667675232,0.12250043728296,0.166424108104361,0.170691602565694,-0.162289230112456,0.384801731427356,1.01917421239632,138.87952205839,196.147361575978
block-2-workflow-1-audit-0,first,beta1,-0.1373351216641,-0.145980742027139,0.173358263651735,0.179556615665991,-0.419858472956379,0.166552064959734,1.03179822972705,87.7247373182166,157.63285915634
block-2-workflow-1-audit-0,subsequent,beta0,0.114277667675232,0.12250043728296,0.166424108104361,0.170691602565694,-0.162289230112456,0.384801731427356,1.01917421239632,138.87952205839,196.147361575978
block-2-workflow-1-audit-0,subsequent,beta1,-0.1373351216641,-0.145980742027139,0.173358263651735,0.179556615665991,-0.419858472956379,0.166552064959734,1.03179822972705,87.7247373182166,157.63285915634
block-3-workflow-3-audit-0,first,beta0,0.101115848373494,0.094385154638985,0.144824436528764,0.14037574592602,-0.0986795758652143,0.327130300452258,1.11736541757279,51.2315017380381,47.4478354244117
block-3-workflow-3-audit-0,first,beta1,-0.123760946251438,-0.11438271609639,0.157562569690989,0.165036459609722,-0.388568625918246,0.101453155179228,1.06527684357799,33.2215827359252,29.9124478088522
block-3-workflow-3-audit-0,subsequent,beta0,0.101115848373494,0.094385154638985,0.144824436528764,0.14037574592602,-0.0986795758652143,0.327130300452258,1.11736541757279,51.2315017380381,47.4478354244117
block-3-workflow-3-audit-0,subsequent,beta1,-0.123760946251438,-0.11438271609639,0.157562569690989,0.165036459609722,-0.388568625918246,0.101453155179228,1.06527684357799,33.2215827359252,29.9124478088522
block-3-workflow-3-audit-1,first,beta0,0.101115848373494,0.094385154638985,0.144824436528764,0.14037574592602,-0.0986795758652143,0.327130300452258,1.11736541757279,51.2315017380381,47.4478354244117
block-3-workflow-3-audit-1,first,beta1,-0.123760946251438,-0.11438271609639,0.157562569690989,0.165036459609722,-0.388568625918246,0.101453155179228,1.06527684357799,33.2215827359252,29.9124478088522
block-3-workflow-3-audit-1,subsequent,beta0,0.101115848373494,0.094385154638985,0.144824436528764,0.14037574592602,-0.0986795758652143,0.327130300452258,1.11736541757279,51.2315017380381,47.4478354244117
block-3-workflow-3-audit-1,subsequent,beta1,-0.123760946251438,-0.11438271609639,0.157562569690989,0.165036459609722,-0.388568625918246,0.101453155179228,1.06527684357799,33.2215827359252,29.9124478088522
block-3-workflow-0-audit-1,first,beta0,0.114277667676391,0.122500437282959,0.166424108103791,0.170691602566299,-0.162289230112429,0.38480173142722,1.01917399415857,138.877678277534,196.147361575978
block-3-workflow-0-audit-1,first,beta1,-0.137335121664313,-0.145980742027138,0.173358263652159,0.179556615665717,-0.419858472956877,0.166552064959824,1.03179837154009,87.7172674864125,157.63285915634
block-3-workflow-0-audit-1,subsequent,beta0,0.114277667676391,0.122500437282959,0.166424108103791,0.170691602566299,-0.162289230112429,0.38480173142722,1.01917399415857,138.877678277534,196.147361575978
block-3-workflow-0-audit-1,subsequent,beta1,-0.137335121664313,-0.145980742027138,0.173358263652159,0.179556615665717,-0.419858472956877,0.166552064959824,1.03179837154009,87.7172674864125,157.63285915634
block-3-workflow-0-audit-0,first,beta0,0.114277667676391,0.122500437282959,0.166424108103791,0.170691602566299,-0.162289230112429,0.38480173142722,1.01917399415857,138.877678277534,196.147361575978
block-3-workflow-0-audit-0,first,beta1,-0.137335121664313,-0.145980742027138,0.173358263652159,0.179556615665717,-0.419858472956877,0.166552064959824,1.03179837154009,87.7172674864125,157.63285915634
block-3-workflow-0-audit-0,subsequent,beta0,0.114277667676391,0.122500437282959,0.166424108103791,0.170691602566299,-0.162289230112429,0.38480173142722,1.01917399415857,138.877678277534,196.147361575978
block-3-workflow-0-audit-0,subsequent,beta1,-0.137335121664313,-0.145980742027138,0.173358263652159,0.179556615665717,-0.419858472956877,0.166552064959824,1.03179837154009,87.7172674864125,157.63285915634
block-3-workflow-1-audit-0,first,beta0,0.114277667675232,0.12250043728296,0.166424108104361,0.170691602565694,-0.162289230112456,0.384801731427356,1.01917421239632,138.87952205839,196.147361575978
block-3-workflow-1-audit-0,first,beta1,-0.1373351216641,-0.145980742027139,0.173358263651735,0.179556615665991,-0.419858472956379,0.166552064959734,1.03179822972705,87.7247373182166,157.63285915634
block-3-workflow-1-audit-0,subsequent,beta0,0.114277667675232,0.12250043728296,0.166424108104361,0.170691602565694,-0.162289230112456,0.384801731427356,1.01917421239632,138.87952205839,196.147361575978
block-3-workflow-1-audit-0,subsequent,beta1,-0.1373351216641,-0.145980742027139,0.173358263651735,0.179556615665991,-0.419858472956379,0.166552064959734,1.03179822972705,87.7247373182166,157.63285915634
block-3-workflow-1-audit-1,first,beta0,0.114277667675232,0.12250043728296,0.166424108104361,0.170691602565694,-0.162289230112456,0.384801731427356,1.01917421239632,138.87952205839,196.147361575978
block-3-workflow-1-audit-1,first,beta1,-0.1373351216641,-0.145980742027139,0.173358263651735,0.179556615665991,-0.419858472956379,0.166552064959734,1.03179822972705,87.7247373182166,157.63285915634
block-3-workflow-1-audit-1,subsequent,beta0,0.114277667675232,0.12250043728296,0.166424108104361,0.170691602565694,-0.162289230112456,0.384801731427356,1.01917421239632,138.87952205839,196.147361575978
block-3-workflow-1-audit-1,subsequent,beta1,-0.1373351216641,-0.145980742027139,0.173358263651735,0.179556615665991,-0.419858472956379,0.166552064959734,1.03179822972705,87.7247373182166,157.63285915634
block-3-workflow-2-audit-1,first,beta0,0.101115848373494,0.094385154638985,0.144824436528764,0.14037574592602,-0.0986795758652142,0.327130300452258,1.11736541757279,51.2315017380381,47.4478354244117
block-3-workflow-2-audit-1,first,beta1,-0.123760946251438,-0.11438271609639,0.157562569690989,0.165036459609722,-0.388568625918246,0.101453155179228,1.06527684357799,33.2215827359252,29.9124478088522
block-3-workflow-2-audit-1,subsequent,beta0,0.101115848373494,0.094385154638985,0.144824436528764,0.14037574592602,-0.0986795758652142,0.327130300452258,1.11736541757279,51.2315017380381,47.4478354244117
block-3-workflow-2-audit-1,subsequent,beta1,-0.123760946251438,-0.11438271609639,0.157562569690989,0.165036459609722,-0.388568625918246,0.101453155179228,1.06527684357799,33.2215827359252,29.9124478088522
block-3-workflow-2-audit-0,first,beta0,0.101115848373494,0.094385154638985,0.144824436528764,0.14037574592602,-0.0986795758652142,0.327130300452258,1.11736541757279,51.2315017380381,47.4478354244117
block-3-workflow-2-audit-0,first,beta1,-0.123760946251438,-0.11438271609639,0.157562569690989,0.165036459609722,-0.388568625918246,0.101453155179228,1.06527684357799,33.2215827359252,29.9124478088522
block-3-workflow-2-audit-0,subsequent,beta0,0.101115848373494,0.094385154638985,0.144824436528764,0.14037574592602,-0.0986795758652142,0.327130300452258,1.11736541757279,51.2315017380381,47.4478354244117
block-3-workflow-2-audit-0,subsequent,beta1,-0.123760946251438,-0.11438271609639,0.157562569690989,0.165036459609722,-0.388568625918246,0.101453155179228,1.06527684357799,33.2215827359252,29.9124478088522
