model,workflow,budget,planned,completed,failed,estimand_failed,median_whole_task_seconds,conditional_max_squared_discrepancy,unresolved_reference_functions,numerical_uncertified_reference_functions,runs_with_finite_rhat_gt_1_01,runs_with_undefined_rhat,max_finite_rhat,min_bulk_ess,divergences
G1,rwm,256,4,4,0,0,0.11433668748941272,0.014593883643547327,0,0,4,0,1.13087308764214,27.4739897810477,
G1,rwm,1024,4,4,0,0,0.23468147951643914,0.011866319332401482,0,0,4,0,1.03309002705241,158.657739166026,
G1,rwm,4096,4,4,0,0,0.6771559789776802,0.0030821043533872574,0,0,0,0,1.00798754569498,579.186467655084,
G1,mala,256,4,4,0,0,0.3549260835861787,0.004695221781423593,0,0,4,0,1.01420151178295,258.852604704461,
G1,mala,1024,4,4,0,0,0.7101865210570395,0.0007819051931421974,0,0,0,0,1.00405550413605,1061.28246448542,
G1,mala,4096,4,4,0,0,2.0834309585625306,0.00040315938386477774,0,0,0,0,1.00220534811112,4450.77884612767,
G1,nuts,256,4,4,0,0,2.3890967294573784,0.002246947335518086,0,0,0,0,1.00719192717453,482.43853312396,0
G1,nuts,1024,4,4,0,0,3.1171505205566064,0.0011415541744299394,0,0,0,0,1.00234824705019,1928.38355640195,0
G1,nuts,4096,4,4,0,0,6.015656604082324,0.0003874159837108427,0,0,0,0,1.00075312489337,7388.23820827203,0
G2,rwm,256,4,4,0,0,0.2202933335211128,0.1840181570684898,0,0,4,0,1.93016666573715,5.78642422460234,
G2,rwm,1024,4,4,0,0,0.4391721875872463,0.07353005198150388,0,0,4,0,1.38554403489065,9.01560977205409,
G2,rwm,4096,4,4,0,0,1.2382557711098343,0.03136000207261088,0,0,4,0,1.06691142493027,74.657475891194,
G2,mala,256,4,4,0,0,0.5224044375354424,0.004752939479337695,0,0,4,0,1.04400330493234,109.785458413556,
G2,mala,1024,4,4,0,0,1.0540825624484569,0.002067028534636408,0,0,2,0,1.02111063829465,388.760281503254,
G2,mala,4096,4,4,0,0,3.1107361461035907,0.000961580744905215,0,0,0,0,1.00234258890328,1883.9030322363,
G2,nuts,256,4,4,0,0,3.165673770941794,0.0015024465747069341,0,0,0,0,1.00700841261527,441.166795633191,0
G2,nuts,1024,4,4,0,0,4.252452291431837,0.00137571249583356,0,0,0,0,1.00170890135731,1801.3520992927,0
G2,nuts,4096,4,4,0,0,11.42077452049125,0.00016647947871308697,0,0,0,0,1.00046761435047,7560.11142249875,0
A1,rwm,256,4,4,0,0,0.22430554195307195,0.26891528413935895,0,0,4,0,1.73885635239879,6.24418161848682,
A1,rwm,1024,4,4,0,0,0.42836787551641464,0.07875655434583995,0,0,4,0,1.35860072629943,9.91780909299749,
A1,rwm,4096,4,4,0,0,1.2290308959782124,0.02112236307508394,0,0,4,0,1.07845970237254,74.3181355115135,
A1,mala,256,4,4,0,0,0.5146993546513841,0.022265429032212458,0,0,4,0,1.06596457113644,50.4568869125396,
A1,mala,1024,4,4,0,0,1.060134458122775,0.003427143512756493,0,0,2,0,1.02128067957457,318.572321967725,
A1,mala,4096,4,4,0,0,3.1719898959854618,0.0009259947232977387,0,0,0,0,1.00315231170658,1777.92701441549,
A1,nuts,256,4,4,0,0,3.167838020483032,0.00208532043861733,0,0,0,0,1.00661970506593,351.923069816849,0
A1,nuts,1024,4,4,0,0,4.215359874535352,0.0003618960357206242,0,0,0,0,1.00145224931039,1483.3084813423,0
A1,nuts,4096,4,4,0,0,11.366304166498594,0.00015536508702177748,0,0,0,0,1.00042599816549,7390.43667447382,0
L1,rwm,256,4,4,0,0,0.19886839599348605,0.0016731414339437307,0,0,4,0,1.14379398030852,21.2915010011276,
L1,rwm,1024,4,4,0,0,0.4009703954216093,0.0003711937721166102,0,0,4,0,1.03922017019681,137.403378537213,
L1,rwm,4096,4,4,0,0,1.19429906248115,0.0001080874353647232,0,0,2,0,1.01837792272965,611.037272225773,
L1,mala,256,4,4,0,0,0.5634652083972469,0.00021243467926979065,0,0,3,0,1.02114890260746,233.252916265972,
L1,mala,1024,4,4,0,0,1.1368405210087076,0.00010188296437263489,0,0,0,0,1.00614335361465,952.071404376557,
L1,mala,4096,4,4,0,0,3.350966770434752,1.6044540685327234e-05,0,0,0,0,1.00130588668563,4209.35932856721,
L1,nuts,256,4,4,0,0,2.7993910409277305,0.0002591349184513092,0,0,0,0,1.00624052024778,671.624532375966,0
L1,nuts,1024,4,4,0,0,3.7664753540884703,6.106868386268616e-05,0,0,0,0,1.00190687386579,2545.77445632171,0
L1,nuts,4096,4,4,0,0,7.648543062037788,4.123896360397339e-06,0,0,0,0,1.0008288555315,12891.3222350066,0
L2,rwm,256,4,4,0,0,0.8356913538882509,5.926863806959037e-05,1,0,4,4,1.15031200319077,23.3824973530033,
L2,rwm,1024,4,4,0,0,1.6846422710223123,3.096074395140537e-05,1,0,4,4,1.04017509888852,124.775274274612,
L2,rwm,4096,4,4,0,0,4.920450999983586,3.648149797526989e-06,1,0,0,4,1.00824913790207,574.214749257306,
L2,mala,256,4,4,0,0,3.1035498748533428,1.0366351710413403e-05,1,0,3,4,1.03794959310305,226.393645505496,
L2,mala,1024,4,4,0,0,6.238054500659928,2.2929734075289718e-06,1,0,0,4,1.00451322741974,1103.02496843519,
L2,mala,4096,4,4,0,0,18.330477896146476,7.011934623756286e-07,1,0,0,4,1.00235238758301,4512.55937558508,
L2,nuts,256,4,4,0,0,3.484444292029366,1.4431551994052574e-06,1,0,0,4,1.00618209241689,1676.10552189678,0
L2,nuts,1024,4,4,0,0,4.990335062961094,6.817211493711268e-07,1,0,0,4,1.00342769739755,6700.15646628968,0
L2,nuts,4096,4,4,0,0,10.575661187409423,3.2133836345860776e-07,1,0,0,4,1.00035998271878,26252.1822486828,0
H1,rwm,256,4,4,0,0,0.1309177705552429,0.4884812811316646,0,0,4,0,2.4374464293872,5.02379521717575,
H1,rwm,1024,4,4,0,0,0.28268225002102554,0.3987607605773354,0,0,4,0,2.25009117277983,5.06490397480615,
H1,rwm,4096,4,4,0,0,0.8109662914648652,0.143975865467745,0,0,4,0,1.32968621487257,9.93119506205301,
H1,mala,256,4,4,0,0,0.48282614606432617,0.1770587932505734,0,0,4,0,3.58582588099252,5.01901325906563,
H1,mala,1024,4,4,0,0,1.0136502709938213,0.20501149977872726,0,0,4,0,3.53995003921852,4.64122269723394,
H1,mala,4096,4,3,1,0,2.9931218329584226,0.05822813710139208,0,0,3,0,4.23311339260796,4.97175428534346,
H1,nuts,256,4,4,0,0,6.317714354023337,0.11431202941079237,0,0,4,0,1.75506594535638,6.25180260538196,12
H1,nuts,1024,4,4,0,0,13.839686083141714,0.14920274802632674,0,0,4,0,1.26385874376767,13.4459439125154,338
H1,nuts,4096,4,4,0,0,40.42353981244378,0.1213448019984601,0,0,4,0,1.13705041510912,20.5129299215796,1449
H2,rwm,256,4,4,0,0,0.10668402083683759,0.19355824311102612,0,0,4,0,1.59138882431513,6.93929564168608,
H2,rwm,1024,4,4,0,0,0.24130716698709875,0.08830440431291317,0,0,4,0,1.35151405762702,9.84266361437446,
H2,rwm,4096,4,4,0,0,0.6880500625120476,0.0180003070642823,0,0,4,0,1.06705212256949,85.1412087342877,
H2,mala,256,4,4,0,0,0.35554679192136973,0.02752978261927354,0,0,4,0,1.20710260441069,14.2800692464119,
H2,mala,1024,4,4,0,0,0.7496436249930412,0.017695987484145508,0,0,4,0,1.06277333957744,63.119356859437,
H2,mala,4096,4,4,0,0,2.2203584579983726,0.008983150012506089,0,0,0,0,1.00742044994026,292.095615485038,
H2,nuts,256,4,4,0,0,2.4738527294248343,0.00044587598559373204,0,0,1,1,1.01457461656444,480.240374373908,0
H2,nuts,1024,4,4,0,0,3.407265500514768,0.00020871884200162146,0,0,0,0,1.00455003972903,1573.64136863938,0
H2,nuts,4096,4,4,0,0,6.574259896413423,9.215290170961075e-05,0,0,0,0,1.00078131998934,7181.6510557777,0
M1,rwm,256,4,4,0,0,0.27539083338342607,0.02146422081509887,0,0,4,4,2.06296205375292,4.12903225806452,
M1,rwm,1024,4,4,0,0,0.5882507920032367,0.002180041022671269,0,0,4,4,1.77159864462577,4.03149606299213,
M1,rwm,4096,4,4,0,0,1.7192048330325633,0.002144855067864367,0,0,4,4,1.74514900985792,4.00782778864971,
M1,mala,256,4,4,0,0,0.6939637080067769,0.013169260325394208,0,0,4,4,1.76022310632277,4.12903225806452,
M1,mala,1024,4,4,0,0,1.4729867500718683,0.002250645293099163,0,0,4,4,1.73796995793063,4.03149606299213,
M1,mala,4096,4,4,0,0,4.401741062407382,0.0005320815079333952,0,0,4,4,1.73453786085341,4.00782778864971,
M1,nuts,256,4,4,0,0,2.4368243125500157,0.06120534370667688,0,0,4,4,1.7357265135623,4.12903225806452,0
M1,nuts,1024,4,4,0,0,3.355222104000859,0.061263497925022885,0,0,4,4,1.73300634158179,4.03149606299213,0
M1,nuts,4096,4,4,0,0,6.454098291462287,0.060532980397097196,0,0,4,4,1.73301991757533,4.00782778864971,0
W1,rwm,256,4,4,0,0,0.5279498329618946,7.844414071088467e-05,0,7,4,4,1.04100333834631,104.72403248286,
W1,rwm,1024,4,4,0,0,1.0581348965642974,1.881241106211751e-05,0,7,1,4,1.01658596791958,495.840283507157,
W1,rwm,4096,4,4,0,0,3.1810164169874042,9.833956825447553e-06,0,7,0,4,1.00352752879865,1963.34398446535,
W1,mala,256,4,4,0,0,2.127666207961738,1.483656205782355e-05,0,7,3,4,1.01869457971657,503.222960989468,
W1,mala,1024,4,4,0,0,4.290509666898288,1.5512573655098896e-06,0,7,0,4,1.00748962237525,1965.91294836327,
W1,mala,4096,4,4,0,0,12.865500792046078,1.4102604695231796e-06,0,7,0,4,1.00193149896001,9095.22846483281,
W1,nuts,256,4,4,0,0,2.402523645432666,1.8931384167679353e-06,0,7,2,4,1.01825323286312,791.985898833133,0
W1,nuts,1024,4,4,0,0,3.187588187516667,2.8439418539837742e-06,0,7,0,4,1.00150428024031,3170.47966044967,0
W1,nuts,4096,4,4,0,0,6.108604916953482,2.0082662435033583e-07,0,7,0,4,1.000636292864,12371.7599592702,0
