id,model,workflow,replicate,budget,status,function_status,whole_task_seconds,sampling_or_pool_seconds,independent_audit_seconds,observed_workers,retained_acceptance_rate,divergences,max_rhat,min_bulk_ess,min_tail_ess,undefined_rhat,raw_sha256,state_sha256
0a41e88172444fd86780,H1,rwm,0,256,completed,completed,0.17251341696828604,0.12445179093629122,0.02738929190672934,,0.2236328125,,1.73891079005975,6.25732654237341,24.3543172210284,0,af52633e929d5b87f4861c82a7a3d6dc855238baed57a68f572fcca2a1c44794,e414df89d1269793df7709f8cec17c66c6b0a110069f34fdf126860baec7c863
c72675cc1989014d1403,H1,mala,0,256,completed,completed,2.2992887089494616,2.204452582867816,0.08714879211038351,,0.22265625,,1.71299282121086,6.43442736357956,5.18541910759468,0,82c07db61d9d04738449d1ad4de48b841ece8e5f7a4c650d0eec695f1b7678b0,a71f9c98e2746f62117d38cd74350334457fdf63058cb41fb3dc874ab33ecbc8
5ace9c6b7d19061413eb,H1,nuts,0,256,completed,completed,6.497221708064899,6.4783190418966115,,4,,2,1.75506594535638,6.25180260538196,16.0255472004017,0,9a957f595fc4d169980278fcb34bbd0daae35b6a7c7f9489a1ca491a16f266b5,3eeaaa51c141c3da675670bc0c476c3511fced2568a03ef90c9a60b08285123c
3d5334629f03ef640c57,W1,rwm,0,256,completed,completed,0.5239490829408169,0.2554889579769224,0.2539314578752965,,0.337890625,,1.03307085675853,135.957967478159,140.9175165385,1,15d7397db329b9238efd844c286451eafc8cd50338c2ed1f2a52957ef87d30be,aea2dc33a05db7d4a618bd086abb28aafca29bb6f6290229b4e5ed1c4a277781
79dcea9424e69cc81da9,W1,mala,0,256,completed,completed,2.1248512079473585,1.6356562920846045,0.4835890829563141,,0.544921875,,1.00783976263034,552.77907837573,598.304922609775,1,a009f299bf061cf90c71490aff8bf9e048e38dafb4594803f09759f7f9f2da20,7a030288a9dfb9983bc7af61edf5ac84717b291c974e6ad46e9545a4bd6303f9
efbb61412ab3d2c0ea24,W1,nuts,0,256,completed,completed,2.410325165838003,2.3999283749144524,,4,,0,1.01205314336964,791.985898833133,615.81111652325,1,626132a49ab199c99886aabb02639db54fb570a49631470e81fbcbc9d9d5ff88,b1b1dd4975b69064c4fc4d85389203045d862d3849e5c2b204c13e58f699df67
16ba16613efe815a2af3,M1,mala,0,256,completed,completed,0.7472202910576016,0.30418191594071686,0.4241617920342833,,0.5078125,,1.75569859705848,4.12903225806452,185.48567414541,1,68c9fc67e12bb195c58d4e41e7496fb3ef5ea1e227b75b5b22742bd4f46aab87,f07818a37117416460f8a74cc647cfecb9ea7ba856531184f6d5082a8cedf89d
3f5b9cd2b59586c2010e,M1,rwm,0,256,completed,completed,0.291435832856223,0.08851191680878401,0.19517091591842473,,0.2607421875,,1.83248554886622,4.12903225806452,47.1445885417105,1,03cf0c4b3ed2bf50a707079630d12fc01d30a171ccf614aedf0f0c41fe14bf00,0f21dffac7655940ec4dc2b4ae2056ef8e9ee7e15c4d8eda3130a8ef759cfb7e
600a8efcf9bb7a9fbadb,M1,nuts,0,256,completed,completed,2.4873453341424465,2.464339500060305,,4,,0,1.73383107832924,4.12903225806452,223.910930993725,1,2673057e6899d422b46fcd663b522132da7a463c89c6ed329c25b981e0f646b5,a23a5b3b3d203b58458adb47902904d9e3db1d9022cd529aba272cc1f55fd41e
e92568f36129be1b9f41,L1,nuts,0,256,completed,completed,2.7918189158663154,2.760056583210826,,4,,0,1.00096496692266,964.042316498121,765.071158750693,0,c6640315aa126af400942c4d213f008225442d3d2f52998bfe8272eefd16784c,e4639a6edc46b2461126c910d5ac7a714ddf4871c573aafa22c25874007fafaa
793ca452b8b03966c04f,L1,rwm,0,256,completed,completed,0.1992986670229584,0.11523720808327198,0.07493841694667935,,0.2685546875,,1.14379398030852,35.2581378599035,64.3676461023217,0,0bdca22d3374901f742a15d27dece0ac162c8f753fcd7cf6b1dc39e0ab4755e7,0105277c02741e857ed9eec67b59966146ef5bc837b651991090fe10fbf4037e
6b9378c416d61f23573c,L1,mala,0,256,completed,completed,0.562996458960697,0.40469558304175735,0.14610500005073845,,0.5166015625,,1.02114890260746,282.398659206751,362.597638278112,0,a65ec0e5ff3b2707f631eb4acd26c92556dfaa6e1ceda59f2046f446e7607205,b7a839053336a9d1bed25068f9f0f33600a63bcd1c02118e28d1683cda34bffc
70b1eba0d3ef3d75fb86,A1,nuts,0,256,completed,completed,3.287558374926448,3.15948404208757,,4,,0,1.00661970506593,491.059656195703,412.030836571563,0,6ec291e16d3717828eeb7b08cf72d254c964af89afcab84ea1bbd7b00cd9bb26,1dc5048f7b08fc9eaa6fba9605dca263f3e50e6c345d107dae58b4953e2e80c0
46a8efd9e718986991f7,A1,rwm,0,256,completed,completed,0.23798400000669062,0.10053979186341166,0.0743393748998642,,0.2265625,,1.19642350553626,18.7943729728086,43.0153995223018,0,f672c6bf974064bf867df62aaf6b96383153b8af58450dc30a32a103b2f31367,50f1a60e28cf9ce837be4d430aef42c630ccd3f47f7ab163d3f3d2799a2b39fe
4597ea5658bef069ac25,A1,mala,0,256,completed,completed,0.5406697501894087,0.33308037486858666,0.13416537502780557,,0.4814453125,,1.02965037185557,107.971349341857,152.220938248185,0,fcc3291e7d22f2288cabeca10caf18d05778ae86828d66969d58d1b9c492b0fb,c964c0045ebec3e78af84a5514a7717b86f1f15dccf9b72256ce6257c82ed574
dbd2943f533cd6f628a2,H2,mala,0,256,completed,completed,0.38670004112645984,0.298787625040859,0.06457270798273385,,0.4931640625,,1.08811436541134,35.4353167253181,89.9596148414217,0,d5b43ebd1429ed24e3b2e2d6d5a467f544c1391e9bffb7e73f1b0f35c51837f3,da8494beae3ff51a3451196d0d12ca30f31ce846c97918dcdf55be6896d19704
4dbe598c9e2a5a4265e8,H2,rwm,0,256,completed,completed,0.12034295802004635,0.08365608286112547,0.02363908290863037,,0.2978515625,,1.59138882431513,6.93929564168608,27.9421908697749,0,66f7b6ce610d5b8af40cb94d67eb054eb733f78433447c912a7b0128319086ce,9739e267cf72449fbb939326b1ff744c3990c38b7d1c4d41ed26c10ffb665c7a
ccf114ff27208a5516ac,H2,nuts,0,256,completed,completed,2.551066249841824,2.5294422500301152,,4,,0,1.00294133693578,586.448866450478,695.150288336698,0,7577d7339e48f94095e60aae983344d415aad92376954bcd3490ca422aa6f8ae,c2f10f75872fe5e5caf71c846cb20be243b5e4bc81f30140ed182a0ec4b92813
68ebb7cbdb3b8870977e,G2,mala,0,256,completed,completed,0.5612386248540133,0.34552112501114607,0.12636945792473853,,0.505859375,,1.04400330493234,109.785458413556,194.676921153385,0,2b28ffaa7d1b40375e17e19f85b8e8db247dc5013ac1e663ce973a97cf1360ee,e56f169d31a33338b9d1daa80fc7691113a8f798b6b2b49a5c25398742f1278b
29d405c20955b8d9d011,G2,nuts,0,256,completed,completed,3.208856083918363,3.0982017919886857,,4,,0,1.00242521721986,492.326676279364,557.601199103097,0,857dda808c40256eae01e00b66dcbf2a996937189e12df106b5fe0a7b4e84d4e,0a99bb811539a0cad1058c9475431afce6d511970a58fc977e02b958097f06bd
e5d34bb389d65e88ac7c,G2,rwm,0,256,completed,completed,0.23348033288493752,0.10165391606278718,0.07573870802298188,,0.24609375,,1.68031965987344,6.61210098989593,26.5452659946068,0,5d94d9c761b9874ffcbbc6d4e901c764d914afbdde948a9690412d8d56128224,5505bb5b879937e0880d4a2d89a15eb9e1bd2acab63d1e47f62863ecfbd150c2
90efef1566a51731b2cb,L2,mala,0,256,completed,completed,3.16773929214105,2.280848375055939,0.8157611661590636,,0.4892578125,,1.03794959310305,226.393645505496,405.202801284003,1,d5723c052b5cf9b32fe9b58454b254a77a58b26c044c44dfa1a5ca044be6c6c5,6616f225f13f87ee46b805b464394b12023d7602677f70b5e9a6cd886141f114
c031bfb878a9e43d0c31,L2,nuts,0,256,completed,completed,3.4673671671189368,3.430698750074953,,4,,0,1.00618209241689,1965.82301391719,698.909330844962,1,d3b6784180eb02f61d98bf7b6a3d3c8705192b6426290f0491d8e4a10c157ba9,885c7ef808bc9a343e48dfb87b279558c32c8caa40b0c1b7a209e2e29cfc843a
bea0d143c071e37cef60,L2,rwm,0,256,completed,completed,0.8341090828180313,0.33541437494568527,0.47065099980682135,,0.267578125,,1.13759992440559,28.0184302890682,88.1583286142178,1,fa5773a5eae5b244f769438b0b07759c406b359a26c4016d980634512ff4a9aa,ef82ba908b62a6c314ea7d150e3a9734c18d31c43ece5a2730e0130db1f777cd
d08b127d39136fd5d6a6,G1,mala,0,256,completed,completed,0.3650977090001106,0.2782829578500241,0.06697320798411965,,0.474609375,,1.0137771996399,283.500644105277,205.806489273845,0,6819c5364e39c669e056ae7448a40a347a0353b13a4828904b8f4ea335bbc727,158f89a8f7e909067540af3b528429a5c8dc9ad29f010a0fe20f006f604b7905
a54e8058958873a07ba2,G1,nuts,0,256,completed,completed,2.396069125039503,2.37926358403638,,4,,0,1.00190071880972,616.741065211652,541.440591018699,0,17d16305010c240f5d546f7c6d5f753d6e1b490c23c11ba0ac13cd1b994ee259,724a73028978fa65dfef8b9efd1b7348942b4a73baaf482ab27a4fd465db17f5
4bcb674916c7c456f389,G1,rwm,0,256,completed,completed,0.11648775008507073,0.08145841583609581,0.025121709099039435,,0.26953125,,1.13087308764214,33.8824085232145,68.5663758169073,0,d8dfaebc33793c7f661738982f626f996ffccbb420b02269223dd7f014bb58b1,6ee23b4028f7f593aa363ef58fed890ddb64b4056423aadc877e4cbd30559cd9
1121fee5b8761f8d9fa9,A1,rwm,1,256,completed,completed,0.23867216613143682,0.10002337489277124,0.07602091715671122,,0.220703125,,1.44511245305282,8.38050858885058,12.0609385130943,0,804b28941730fff21d392e2f6601bc438f8fa6153327cd833c4c24d5182c3a90,de630bfdec0df5d44a9cabb0a837501cb16f5f3cf2c38d4fd5c785dba26c520c
5898b124509f930688fe,A1,nuts,1,256,completed,completed,3.2358986251056194,3.1239485829137266,,4,,0,1.00626750839886,351.923069816849,496.009936448026,0,7080eae1caf7ef1cff1209839510311a08b58cd9a462119d36f8460f07fae1a0,486be4c8284a0b49c60809ad04c86467b9bb465ee9bc2353ade242804af261ab
b0cd1b87c72b89e2341e,A1,mala,1,256,completed,completed,0.5506065420340747,0.347154209157452,0.13002158282324672,,0.4599609375,,1.06596457113644,50.4568869125396,62.781715877964,0,e1cd46cf4020371cf99065f332d559bbe5d67ec8970e4474882bc2a0407b4cf6,0abc1fe6f0ab39eb127942cb642b2fe1f515943fd29a99b644a7d2c6b9ea79d7
209b9c03aaf5e4e7d6ad,M1,mala,1,256,completed,completed,0.7307454580441117,0.2937940841075033,0.42758191702887416,,0.5,,1.73722876125688,4.12903225806452,202.763825424975,1,047a625d3ac06f78952c668f8ad1f7d40fb53f980050a48b157be14b57d83cb6,3614c4059d606031f764676b460a0aeb85025b71cc00d65afeae53d7ca6b839c
8dc0dff632076dd437f9,M1,rwm,1,256,completed,completed,0.29581345804035664,0.09056183299981058,0.1981056658551097,,0.28515625,,1.78557173651555,4.12903225806452,102.167185424696,1,6b6ff4d07d8eb51d8865bb3bde459edbf9399df688191da106c97f8278dbc565,75b6961c9ec6f65c60170686fa218adb2ce9e0702cd96c134c602f5c4eb714ac
1461fb5ded5ec0438d8c,M1,nuts,1,256,completed,completed,2.502324332948774,2.48201712500304,,4,,0,1.73124294104338,4.12903225806452,384.971335554171,1,7e2de9c36dfede25dba9c39ef04513726b6d0693f3ebe35e12594a9a8acce6cd,11699afc4783cc36df403872a6929debb149ae161d6889561963a111a98d2f15
a7131bc997eefeddaf3a,G1,nuts,1,256,completed,completed,2.3982037079986185,2.3765819577965885,,4,,0,1.00719192717453,568.93812735486,539.41634578777,0,eb30d8e67ac9611b35d42088a3c749574f269aee53d7294a4393b108f45ac59c,45505f394edc9d1d58ddb5f3190c315e39e5e48a8dabb016f371278df30609b3
3c3d380641e41682f5f6,G1,rwm,1,256,completed,completed,0.11878037499263883,0.07680020900443196,0.030753541039302945,,0.2646484375,,1.11111725478076,27.4739897810477,73.0734481333622,0,b80040a2477c471016329cb003fec25ef19d9b2430158bba1b0ed75b2b53ff28,9b3d24e76909cd6cda7136fae7da3292b83416b335852fe7752f37bee6429ab1
6a759ad19d83cedc7233,G1,mala,1,256,completed,completed,0.3548701249528676,0.2718156659975648,0.07290200004354119,,0.4951171875,,1.01420151178295,343.53774282009,268.445648506744,0,84de13db5b54747d0c10be1b122eef4732f9d3cedaf7c76595418810bc755c03,98612a012222cbd53efff72130ceb5c093dda3a1b497558c7465099dd6ec8006
b8393a761bd3d60befb9,L1,rwm,1,256,completed,completed,0.1984381249640137,0.1166210831142962,0.07329608290456235,,0.283203125,,1.08788052871027,42.6467563427983,52.6492970955694,0,a957f29886970ae4ebb7b3e99c2545d7a6b7dbc2194464e8922c79e7ff20dcf8,e24631e160ac509eaa55e6acd4aef6dbeac0521702089aeb9dfbb928ddc00ee1
ca1b3d47d9f6c0e49d25,L1,nuts,1,256,completed,completed,2.8069631659891456,2.7848797920159996,,4,,0,1.00368345425482,671.624532375966,748.566448430106,0,2e3b414a98bfb623a625571d2b768680403333237e271efd20fc841203ad33d4,35095385a6b34718162c72903f18c8517f284c63eabafe3d4a911153ecc39234
bcb27a10026a6d718939,L1,mala,1,256,completed,completed,0.5639339578337967,0.40469020791351795,0.1465204581618309,,0.513671875,,1.0188747425517,262.411848388325,355.682823929993,0,8ad4d0dc51bc39cbd1d729021fa8434199b3c6906bbdf06e8f025bb0c54f818e,e8b78610e3106955197fdb33a96f4c38591f47733782e7dd0f723b6541227c64
432e501de758a3f8a32f,G2,mala,1,256,completed,completed,0.55197525001131,0.34740995801985264,0.1297127918805927,,0.49609375,,1.01845571896484,144.865342570455,170.88980085051,0,62aa8f2cf9b31092b9042737e9cfa43a37b521c5f09e1fa2c2e9013cf4350709,018cdb5ad41f5389bf575318978e4fd29ce023f26ae6c2a81ce492913cb28b01
cc9f1dbbeceec891a804,G2,nuts,1,256,completed,completed,3.1792914578691125,3.0644977500196546,,4,,0,1.00398049613311,563.93291376147,490.016105531347,0,de4ad5024e16946f4f724a62a6813da9b8729601c6cebaa13ff4ea0244e64bd7,40f85e4b0c487e51c02eb56078b9fb24594c54220bd0861c28f96e25e9f5d81f
af9d82cafb683c080651,G2,rwm,1,256,completed,completed,0.24568799999542534,0.11073208297602832,0.07083095796406269,,0.2509765625,,1.63208780305455,7.01287268850816,9.3772315060606,0,3f01f7fa9dd6029ae6135e05839891b557f20c85d6ed8bbec439d02f33068b14,2313a6d678a4c7c6b901936a75b152fc1fb77819cd9537883815c6d9e8784be1
b88e76f3161f770b9f27,H2,rwm,1,256,completed,completed,0.10953624988906085,0.07773420796729624,0.023351917043328285,,0.2998046875,,1.54383721401614,7.63151126531906,14.4992677008534,0,339e689a19b441f836ac534ba55156e7b278af0d766b8b6762bd16d428b9a30a,35ac48e71488e38c6f222ad6c2150dba336a96101a8782d4a6b8c02792fe37c6
01fa0c68b22aa7e83309,H2,nuts,1,256,completed,completed,2.5689363330602646,2.5452931250911206,,4,,0,1.00546730387934,523.043368368957,615.654159208376,1,ec28594a01de856ba7696e128c7966d5c964d4f4deec45b66be363d5d1880f81,7c5c1f388416e216b29986a1d5efbf3ddb864d6fa01b4f5031636d1cbbe6d7f8
56bb8613ffb0269cfb7f,H2,mala,1,256,completed,completed,0.375212708953768,0.2966624579858035,0.060071040876209736,,0.525390625,,1.16740533128442,19.0251445659808,65.7990205092305,0,42dd6583b6e0b10c1bcd3c14d46746be0126c5e311361e85b8f0bc2fc557912e,74ac74d3da3893f896608a333159ae3d763551f28c77e125da2081618120504c
a5ad3eca364e80168947,W1,nuts,1,256,completed,completed,2.3947221250273287,2.3813299159519374,,4,,0,1.00383426798739,917.293282317557,635.678297363335,1,4bc14f53e99107eeca8c790868890045a1f6ee0fe928ebd8e34dace4bc595689,27658215875ce1276690974364b5604c0dfa5151e7c719e72efb111464ad0aef
8d268d546327735e9bc4,W1,rwm,1,256,completed,completed,0.5319505829829723,0.269421957898885,0.25697825010865927,,0.3779296875,,1.02638485179623,104.72403248286,81.2044511981878,1,dee59d7ef7b1147d485927eceb0124a2557f73c74939a619c8e334fd61293db3,720749e1e3d3c79569fbb4c3927732a6d994f6654778ea02faec8dddd9cad78e
41877a21d1c1ec9d01c8,W1,mala,1,256,completed,completed,2.1304812079761177,1.636470332974568,0.48709312500432134,,0.5556640625,,1.01869457971657,540.06472966797,297.275632422749,1,cf08c9039ed8e8a32b892e1b0e7ac19764b11894d9e394e237c71d4b75c4d1da,efdf77be93588c0209e2ee3e14892254ae732276f626c7718b3736ce97f07e52
4939811ad56254475ed8,H1,mala,1,256,completed,completed,0.5131692080758512,0.4196780410129577,0.08567266701720655,,0.263671875,,1.62180402864646,10.7498087160578,5.42264535280844,0,b42d6a794ad54c89ddc809a44b82fb2115dbc22ec192362ef26c55e3a1eeaab9,6091fbfabc74cc6808358ae51f3e12f3dd0f7e90f30b021a5674626d600a1dd0
1d8ea8ea971bbb9fbfbd,H1,rwm,1,256,completed,completed,0.13839108310639858,0.09948808280751109,0.03035333310253918,,0.0546875,,1.50718935729006,7.64492836363652,5.21887514348567,0,d17bd665d09237ba33c1947d61ea2d94e164502411778e40b33701ad8d0c2180,038a1bdc57898c4f5e5cb658b2623247fc04870b0ec9e1246aa56a42370a6ba1
e07946be5c29eb33229a,H1,nuts,1,256,completed,completed,6.138206999981776,6.122128542046994,,4,,2,1.20082976106892,16.026781623845,56.4710576332506,0,eac6ed09ba89981eda0600c28aecf83e1ab88045290e239ce3e91b766fad2350,832019908bc89e620b7dd18f93ee6dca0348c58bc8d2afc584d15f011604ba82
eb9438bf440eadcdd18d,L2,nuts,1,256,completed,completed,3.5305191669613123,3.4937341660261154,,4,,0,1.00284395218925,1926.81947091262,688.929958731419,1,d36ab8b20070f58b4a4d6da31a04164f89747ccb0626c867ed1050a98b63ab07,69299cfa00d7f153b3b0470179c28cab9ba3b2cd3ec64d85b85f70b675fc7295
4e54388c6968716869a1,L2,rwm,1,256,completed,completed,0.8372736249584705,0.3507724590599537,0.45825304207392037,,0.267578125,,1.15031200319077,23.3824973530033,93.6726778790897,1,faa396e3a4b23303cea38f4a2cf48d8d61a7a15c116d41e4988c3381feaa88fd,4f7c32cbd5ac07c0070e5d29f2223fc81f21ef70278b10bdc964192668114329
df2c979d1b87afbbcbd2,L2,mala,1,256,completed,completed,3.093093416886404,2.238823125138879,0.8290572909172624,,0.4951171875,,1.00903660888725,402.550901040611,364.94392165285,1,c9aa00c46f9be09c055f3a56574970f8f160c0e02d7771406526fee40bb46507,4c3b1bc7d69f2541c058c598ec6871f1c1b3cad30ed1eb3f19fa4b91d9b4fdf4
512f9893a0ca7e3bdd12,L2,rwm,2,256,completed,completed,0.8441473750863224,0.35470179188996553,0.46259233402088284,,0.28515625,,1.13387791560227,24.1140552801089,87.6159937686309,1,aa6e894fce0c8ece6f1062c617d5f5b925a20d71a0a2c71f83d65e4b992c60d1,f2c0f656089034a12b748d88e7eda4b5eb2015de52c5f1cc309ba16bafab6bd5
19ca4847a451d3f9f4ea,L2,nuts,2,256,completed,completed,3.501521416939795,3.4607177088037133,,4,,0,1.00366375734863,1676.10552189678,652.812544009291,1,941eab7241f96d3dae2168404e9515c7a8102ee9339c073d33d5c517fbb1a403,c915597f5810e792a52911b2bf97bf3272f8ad0c54eb0e644f4ce8906dd21408
ddaa80192d9419b927d9,L2,mala,2,256,completed,completed,3.1140063328202814,2.2476242079865187,0.8396583751309663,,0.505859375,,1.02158616260689,277.485674963449,349.083699394912,1,556030ae7e1bf884a582a7f4b6694ae2bd09b95b274d6accc573bf25b4eccf87,be2efb9c663c1476829ddb7f32b260a6374ae6c8b614c3d5edb44b4f920015c5
b9b60c3aa3eddbfc671f,L1,mala,2,256,completed,completed,0.5739581249654293,0.4078933750279248,0.1526726670563221,,0.5029296875,,1.01621789482457,233.252916265972,238.311248905796,0,9f28762602263d9dfb5ec5eb801a26143f0d44bf6e827c252ed216af17b4b797,7fd201bd582cd24c7ab3f55a71437fec87b065a84a6a6d442d968e399ee9b670
9f317c20be102a9e8bf6,L1,rwm,2,256,completed,completed,0.20543104084208608,0.11249774997122586,0.08130762493237853,,0.26953125,,1.10064552984991,36.1518318054744,79.5774062794162,0,bf260f72076326a78b7884e5319c06ddb3aa756443669a3e8a2dd76531a2d1bb,fb9038116721ef6b03562936a696231b9abeef1967170dab25599a77c604c08b
1d9a4416d5a1d6766bd6,L1,nuts,2,256,completed,completed,2.807394291041419,2.7875032080337405,,4,,0,1.00433473134801,762.085578526003,760.776951772106,0,064e6a7558bab204a552aca32e5a1f8c0e9f0f7704781e4ae55a4b23bc9b51ba,a01d630e88b576b21410eb28218bb529a8068d10f9952428791cc8317ef7b940
33715be59bc7b421fd9d,W1,nuts,2,256,completed,completed,2.4167764589656144,2.4010344590060413,,4,,0,1.01825323286312,817.76744765206,585.756092248655,1,bbfeac1d5f95cb21ffc62297960e66b1bbdd228b0b10b734bf48201426378b1d,adf85393b1fc0bd003d718bc0443ceabf85628e012e87f01927f35cafa604da6
4a119ebaad5936294d40,W1,mala,2,256,completed,completed,2.163543083006516,1.6686904588714242,0.4887012499384582,,0.5341796875,,1.01054623191912,503.222960989468,532.789147087492,1,c9dd12bf2d52b8cad0200f47e64101d84249dae52dc72e20ed68588ce1aa4d9b,c1854fa7b17de3a30611f6e1afc3b3c8acba063cfe1785262077e934d85db536
562bc6b0fcb9e28b84bc,W1,rwm,2,256,completed,completed,0.5357868750579655,0.2700963751412928,0.26066129212267697,,0.349609375,,1.02352055554626,154.047009315042,144.557302297926,1,f06b81a56e0bcb5defe416e08172d4a57a4a0fbf50fa66f5fae709b385ddbf5a,98379c9d4023971067e1a953e2f94ffe718f70d663e5148c344862d4a33d2f1e
d267c439a06984aa4553,G1,rwm,2,256,completed,completed,0.11218562489375472,0.07386945793405175,0.02982254116795957,,0.265625,,1.03864472703789,57.7631850878527,41.5329004639843,0,f53430997a6144bbf61e3eca6adca9ff33c13153c20f76a5d4fc1a162886778e,86b1a66e0caf9bc85bc760100562cbcdc4ab5905984aed531c6108c30d5a70a8
85fb1896c90c2cfa1680,G1,nuts,2,256,completed,completed,2.382124333875254,2.361616167007014,,4,,0,1.00528862587174,542.059706965528,493.568325501474,0,53673f147d3b9236b0258c25ba0c717259f44c4544ba41ce45f655c15b9177c6,5ee5f1fdb8f20363498f184e4b372d036f45056912943204a5ef81e9f47cf935
9adb6ac4cecf4940b911,G1,mala,2,256,completed,completed,0.3549820422194898,0.2771179999690503,0.06797195808030665,,0.4892578125,,1.01132464952726,283.298809822431,288.505167668752,0,66d92bed36be773dde7c0d340afd9c75364eae8c040e78b4fd18f388f39f9b5a,288cc9df4a5c32155a70d0b0f0a4d6fda0fbf9d74a3b4149df0c7d4434043152
6c184187dbdf36228831,A1,nuts,2,256,completed,completed,3.0997774158604443,2.9938754998147488,,4,,0,1.00180300212554,569.127932227009,562.684883604628,0,8a460b9e93f8d0df115b7df270aa14f6b8d93ae7bd40a264cdafbbdb604c4b6e,f811c148e32785239ccbd1c742c99c0cc422e9534afcd589a6fbf0cb354111f3
df2684229bfadd148f34,A1,mala,2,256,completed,completed,0.4872237090021372,0.3023720420897007,0.11425287486054003,,0.5087890625,,1.03892039410358,132.661045471663,272.459566012608,0,6aa4e2a2b5fadbbbe8d14a9cc81e45147e119b01e558f723f773b45d235f436c,ba2a9629ea9c77afc392399dd9d06af07996b8e08e465cf5bc401e0f9b52fc67
42daf99edc2665b4287c,A1,rwm,2,256,completed,completed,0.21062708389945328,0.09114820905961096,0.06662604189477861,,0.2724609375,,1.67826929341612,6.62555098789563,29.3942708887938,0,44949051084cc7c9ffb261c6013ed48ba3a022a0dbae30b4f50e88db821f8342,be1504eafef9492ae04061647bd92fd14b121c6c6f0ad1e6e72e055fb5c60641
7ea8b4f73c911a196f25,M1,rwm,2,256,completed,completed,0.25934583391062915,0.07778816600330174,0.17444883310236037,,0.236328125,,2.06296205375292,4.12903225806452,35.829165308311,1,1f22cde0672148e201e7c7cb7215320b6bea841d695df51f7cdb60356699515b,7299b7fce21b1f28b42b7bcb9efbbaa0f53fcf7d3270dbd5deb22e15ac3c8f3a
3e6c7643afbf987eebeb,M1,mala,2,256,completed,completed,0.6538453749381006,0.2674397921655327,0.37702725012786686,,0.5146484375,,1.76022310632277,4.12903225806452,167.896909809642,1,2407cf9118697c7e498b08ad53300555f96dd6173397c0581bc44fd3d206c1ce,316f9e4ff12655295f6acdf93f833bad50ce7402ec6be8c882a147966f9d179b
a2ad2e2953bf88571001,M1,nuts,2,256,completed,completed,2.386303290957585,2.3707213748712093,,4,,0,1.7357265135623,4.12903225806452,150.095578773491,1,2496b12152d7265c97ecc97bc0789a0e3dc3c0132e137aa70f685856a405b9c7,80afff9f61c60cf340600d19682508f5de21fe2c1f9066ffa8e22e5b3d4c90d4
da1c32245df6cf8f7e8e,G2,nuts,2,256,completed,completed,3.1520560840144753,3.0477968340273947,,4,,0,1.00700841261527,441.166795633191,452.527270732583,0,dc475a5e8a4d86292ff4ea9317ececbac8735fc283304108b3d15979fcf6b95f,2dd479fd19c22a83844fa0123c80d73f3191a8f91345e14b46c98aadf9625ac8
b5a595691a06a40e59d2,G2,mala,2,256,completed,completed,0.49283362505957484,0.30880933278240263,0.11657650000415742,,0.478515625,,1.02330697313665,114.215589963241,171.122772537597,0,8ce039113c822dd8da9ab2b609ce1c3335e18347df44e7beed9d1ce150b86e12,1504e927569abe80b99babf8fdb115bbdefaddeb47f04d95e3730034ff1b9589
a0cdda86f32fe600ead4,G2,rwm,2,256,completed,completed,0.2046659579500556,0.0888798339292407,0.06539016589522362,,0.22265625,,1.43655016700931,8.65303960093606,42.5831369606211,0,aae463a142fad91936aec7b64241571777a6d48cff2a4bcc04c0b8de0646c03b,c77684f264cec734f3b5e2eae17b2256b863af602a362ee9cf68d1359642b0ab
97081d1a109b733624ba,H2,rwm,2,256,completed,completed,0.10274679213762283,0.07091195788234472,0.023618875071406364,,0.2568359375,,1.38542516748118,9.06574892712869,35.2246247331717,0,4501603bcede646e4b8d3d245d5a2c2056c8f0c936c1f45a87073de966ad98bf,e40155c2929392309b8ae12840691d9cf82ee22c531af58f4f4f1a0d9289d5e1
2d0aeef6c2281d5427d5,H2,mala,2,256,completed,completed,0.33588087488897145,0.2680599170271307,0.05763362511061132,,0.513671875,,1.0573493899139,51.214502150047,60.7520106845765,0,5d8aa7854f649749a6b4d0c3e3a6b31db7a7da53992d4b978729d99dacd1abb6,ce83e38cdc2bf98501557e7989d8ae8e64c5410ba863ca8609386e6a73286513
e2d1242b591cd6a37eda,H2,nuts,2,256,completed,completed,2.3966392090078443,2.379195208894089,,4,,0,1.01457461656444,480.240374373908,553.133763433903,0,2c3b26ef4709849eb490d9b631ef351d7f72afd26e3346f59fe3d42419c2296d,6a6b55c86d266778232f5be1ee943bedfb327f6e77a09c002c9b658fb96a0477
d4597a3e060eff9fc8f2,H1,mala,2,256,completed,completed,0.45248308405280113,0.36740333400666714,0.07732279202900827,,0.212890625,,2.48200180839321,5.01901325906563,4.12903225806452,0,b1e01ab9981151fb06319edd6464aab84eeed1cf4aebd99a9904ac13843a39f2,bc4a552d389265b3e5b8557289340bfbbf7a25e26b3465896d81e09432f8935b
744b4e95f7dba872c6c6,H1,rwm,2,256,completed,completed,0.12344445800408721,0.08971683401614428,0.026883749989792705,,0.1103515625,,1.64142221922989,6.84518546056105,37.6696484649389,0,827ddceffc690f5247df526827b456d575b5bc94dbba9f9fc255411b7a39d418,e4bfafa39b490f7cd6da4da50604e129edcbb97bfa3d2b7dd2485647660934e3
48b2e2a24d8e9b46348d,H1,nuts,2,256,completed,completed,5.27610829193145,5.2599394579883665,,4,,8,1.1456004824498,18.9139713801842,62.8647576189369,0,38d0f13b6a6b414c970b5dfda1f3e21a296b068a1395f42212ced449a59cd28d,15954c069336085630fb28cba6f19c44e777522b094fb84aa1ee8b2865eb7eef
09aebd3c967ff6fb7e02,G2,mala,3,256,completed,completed,0.4919112918432802,0.3075004159472883,0.11655737506225705,,0.466796875,,1.02264398870959,113.531451728428,153.731756631641,0,498fe2f8d9f905ff0e6791406e92dcec7ce95655bb92584d443dc81570faa01c,7fa1f6cadbe1007b94c1d9aa79e8868f9724be7616470d86005289728056f76f
01d24910671a58e3477f,G2,nuts,3,256,completed,completed,3.054707624949515,2.9526570830494165,,4,,0,1.00456946160716,457.276601146512,534.095592765602,0,1157d75357b013c1dd959d5e8b2f4a772cef72bf60489f0fe1894753ccdfa82a,4b68da6452e20f7b3d436ca57402185e3d438761fd3671c79510ea36e60fc92c
e0d7d890257c2d3ab7c4,G2,rwm,3,256,completed,completed,0.20710633415728807,0.09020879212766886,0.06526441685855389,,0.2119140625,,1.93016666573715,5.78642422460234,13.4148682260685,0,4bd0eee747dd79088dc2f0b02dd71448785835b9ca5d5e6689925b0646615efc,9cf0065368be7989c43c1b3bf5f3384c2d5ba24f32a8b55ca64dcf9c4c556d5b
839ac8c0b347a623ab6a,L1,mala,3,256,completed,completed,0.507407084107399,0.3625216248910874,0.13311220798641443,,0.49609375,,1.00440960273792,271.9967081298,248.318096742181,0,5df57a4267e6a7d6c09604ac67682438cbb4229bad45a40ef2dc3c5edf7cd3d6,d1b0085e5f72398317a3922c1100745c78f425c6d0bb89a9bcfcd3ca4631a05a
96b4d3e0d6091db348a4,L1,rwm,3,256,completed,completed,0.1788119999691844,0.10086287511512637,0.06963916681706905,,0.2880859375,,1.14315384091734,21.2915010011276,94.8415049281402,0,d6600e67dd7ff89f33cd743ff082ad7ac767c9be275776ae5e3808dc1fa0a16e,0925f96bb76d83a505cc0fdfae2dd9d37196344df22bf6c5fca94628d05720e6
4ec89acbace78c849db2,L1,nuts,3,256,completed,completed,2.6116777500137687,2.593549332814291,,4,,0,1.00624052024778,1008.68231987259,749.515445637232,0,cadcb08968ab5cf503604e7dac16601bd996fa134fe9b4967913389b1a3c03e1,ed2afb52170abb204fab0e1bb462e391b27676de164cf8c36645ebca479d5206
d94592de7b352b9530f6,L2,mala,3,256,completed,completed,1.6428647499997169,0.8895987500436604,0.7265287500340492,,0.482421875,,1.02373164613823,311.395072371153,323.553435935304,1,2f5d6c6c539e3325682e3de1d9dc4157c5d1ef351a24d2e3ab42a9a24a347ac4,1a91037d1607c6463ccd6482e53368f53d3dcb3515f78d7d3454fbb972fc3ce6
9dbda1de60a86eae442c,L2,rwm,3,256,completed,completed,0.7345710841473192,0.29533766699023545,0.41625091689638793,,0.255859375,,1.11866648835845,26.6237134681285,49.20724006372,1,6b40b731c3adbe559ac56209f3296926c5f14e532acba556160a91bc61b12e87,77f76eba478c825e5ea531c48cd7988cd0a3a951f2a8c1bfd08749d6eebb9f13
1b0ce0543404ed32fcd8,L2,nuts,3,256,completed,completed,3.328337375074625,3.296915041981265,,4,,0,1.00356996903772,1688.67405016972,702.942757482454,1,766d869c527521390c230575ddab1e315ad52188defcb014c483330cb0724e0a,e9b8dc624f38c65f7853e7e90654222c1bc2b5ddd42930f86143bc66058ac899
810b7ff011081ef235f4,A1,mala,3,256,completed,completed,0.48872895911335945,0.30574204213917255,0.11325074988417327,,0.4443359375,,1.03618844823009,122.255378125371,171.444664199102,0,f139f144c71e3939a3f6ddb579ba4e263c2091c5eeb80d729a214e8bbb61a82d,b6e1c1de9aefb3bd475f7e93608a2df62d7eeceb3c3d0cf670f8d3ad59074964
7fc71d5cfbb06ca61af7,A1,rwm,3,256,completed,completed,0.20577429188415408,0.08994654100388288,0.06541108316741884,,0.236328125,,1.73885635239879,6.24418161848682,10.6476926003143,0,9e8ea0a721a513ce245917561962a846945667cb857db31234a3cb3f0baf1e39,f803bdd746471693dcee29144c80cf8868f7d09797d3361b6b320f5f80af0ad3
2c756e90839268535686,A1,nuts,3,256,completed,completed,2.8081339590717107,2.7068226251285523,,4,,0,1.00106206346942,511.209457616585,603.946977740382,0,c123df5f46ea20a6fed0a698e4e30919e1c48439e6bd27947a0603fdaebd6968,bae2e5a5a93476611db99a4215167bfee3e37948a366519abe35bbc04730ae35
9a53248a213edd1ab2d4,M1,rwm,3,256,completed,completed,0.256285083014518,0.07756666606292129,0.17007725010626018,,0.263671875,,2.00526959222609,4.12903225806452,21.2661650833731,1,6e3df7715239177233421d735256e95a011bf9866233c6e2b5faeaf7d79731b9,cf2486b10927a3028e6916128d791c682a396a1dd22ef116370471573b9b15ca
4a67946c549048f8cef9,M1,nuts,3,256,completed,completed,2.3552278748247772,2.3397339170333,,4,,0,1.53301462347241,4.12903225806452,33.0059131607612,1,bb5ac8b9f79b4974390c5b7460cee499b8baaac515fdd4ea92f6003327eec87a,60f21d7d747bd4fe45e38003672fc8d053b7eaf3365b65e6fcbd4e02e083e49b
c8df4df7acd8a9cdfe3a,M1,mala,3,256,completed,completed,0.657181957969442,0.26921941596083343,0.3771697501651943,,0.51171875,,1.74163276681285,4.12903225806452,198.554040806471,1,8e139a99ab6404e5a0e359bd3e3ceb3b3435a429c8787805e25194cd729949fa,376bae5aff16c1d0fb06ba632efe931e55b1e4a5b02b82bb881c9099abcf08a8
504f45f0ac6679d6f0ac,H2,rwm,3,256,completed,completed,0.10383179178461432,0.07129220780916512,0.02263745805248618,,0.2880859375,,1.23448590256253,13.1696144648926,21.520089478939,0,bfb0fcc26497dadaab6f408b5f273e2121db53d15c52a96ab02caa28298d555e,0c19afb84e50e943225d8cec01890e460578f7440f49716eb200636df3686540
c992859fcd5ca38231e1,H2,nuts,3,256,completed,completed,2.198777165962383,2.181550833862275,,4,,0,1.00923320713214,612.986431515137,619.977255310245,0,2006f18df30318cbe187d5cefd7dd225f575e5e5135c3b9b06d840d6a220e034,e3702b6efd1a292c5c53b22e0f7190d6e2abea7db9eb8b7d2d3fd3ccae79d2ce
acf98e0ee02cb361387f,H2,mala,3,256,completed,completed,0.33525145798921585,0.2668684171512723,0.0573001669254154,,0.529296875,,1.20710260441069,14.2800692464119,46.3889206460947,0,ed5571c7c604669429f8e722b657695696a1eef752735897af40bcc4f80d2009,a39e10bfd73c389ee71a9bfef6a40b7272292884bf4aff6573af4eacf90a8d36
fe128af1ec066956ec45,W1,nuts,3,256,completed,completed,2.0687279170379043,2.059014958096668,,4,,0,1.00534889740444,936.86382171544,625.093021307802,1,8e17fef1df84fc519a551790d63d1c49c7456802a1bc4343e381d3b08be9b4ec,3a8958c0026883f0aaa124a8ebae3c16f2e478337ada638d3a8f13aa627f5d5f
4b64a79044bea87d3c9a,W1,rwm,3,256,completed,completed,0.44124854099936783,0.2273282918613404,0.20848125009797513,,0.3515625,,1.04100333834631,136.10363779054,104.080951355391,1,78452f00e38c97c8983fefa37b729734fdb39242a7de0d60c7f5c50e1f4ee638,10b0ac60c26f631bdd76e5bfa1f1e87ec8edcd0a3f19624b69e126bb28b95f35
775f52a152111ee57dc4,W1,mala,3,256,completed,completed,1.0580714999232441,0.6527522499673069,0.3999275828246027,,0.5302734375,,1.01536463786326,613.488545187803,568.316489747051,1,5cdd37af542b66c9dd93bda38df92050824ef7fc375d514084dfd119c43a80cc,f1b2a714896cffb26f4d42056842809116fea96abe1c7c658e31efa9b2208f47
485024b67aef6500a90e,G1,mala,3,256,completed,completed,0.30989974993281066,0.23924283380620182,0.0601737501565367,,0.4765625,,1.01258726319083,258.852604704461,263.310059095099,0,29fe990f07b950a18f5ee528b8859086f4bdacaf5ade5fa3989d49e87a97f53f,af9f5ae0b2b37de7b009d95d5c0e2fbdccb61cf22213333deead8d71119534ef
a38ff9eb6c1dddee99fd,G1,rwm,3,256,completed,completed,0.10243708314374089,0.07124787499196827,0.024133542086929083,,0.24609375,,1.05115702458871,54.3926668265321,83.9780313936784,0,045de4a88c14b5aafc8a3aebf7caf6701fc6401410e591daddbde6717ddc2ff3,1b0e104eb781c9073cabe0062ae2d7ce4229166ba9b47363d8e438897aa498e8
f282513ec4cc68a35cb6,G1,nuts,3,256,completed,completed,2.0630561250727624,2.0474155000410974,,4,,0,1.00488118899649,482.43853312396,453.430279311912,0,8084d8a5f95f0b350eb8a18ef317f51c775a73063dd0c99e50bfa244125352f0,88f836dfbbe3b6bed0bcaf275731a20bbce61ed08c71ab68d8931b4f3e083d17
e0952b43c754276426f3,H1,mala,3,256,completed,completed,0.4440579591318965,0.3607897500041872,0.07528804196044803,,0.1376953125,,3.58582588099252,5.10481228387394,4.12903225806452,0,916304867d718aceec6bb5aa156fb6738e595969a06ed7a52c02057c186e1b1e,674664ffac780d048685fc14b7ac1d6beb60725cac40194aaa4ab48c9aa23d1d
ba83fe2d69344b62652a,H1,nuts,3,256,completed,completed,6.692334832856432,6.676435332978144,,4,,0,1.18041334360369,17.9821401044863,49.7451617390479,0,127352c4451934345cf774d3a6b8f9158de0c1c5702d1e5721cb1d6fee3e174e,a678cbf0116fde034638e1b71551df220d92291f254cf011acbaac1f76221157
a438ddc20f23ff55b862,H1,rwm,3,256,completed,completed,0.11998754111118615,0.08661095914430916,0.025473833084106445,,0.2353515625,,2.4374464293872,5.02379521717575,42.8009265300376,0,57b7bd3e84cdc9f45ca94b62cebefe45e5a1ad19f5712e5c3a253a2e29a7c40c,64eb0d8311d2ea1c53b1f487ef37f866389733b6d3b5ebdf4fa5ebe842aba4c2
1cb7fe375464d64cd161,G1,mala,0,1024,completed,completed,0.5971376660745591,0.4650467501487583,0.11615187511779368,,0.4814453125,,1.00177971600804,1079.80448915771,1055.18624167287,0,9389576596a91bcc474b7ea92ee617517b053fb67465f6fbda8a348ddd31356c,48d4f5b3be3c50f232ebb07e5bedaac6116c36a409ad09cdbff5e38174df30ef
6a7e74780b7716d988fe,G1,rwm,0,1024,completed,completed,0.195420749951154,0.13782687485218048,0.04690312501043081,,0.270751953125,,1.02036104063604,242.91058360515,397.73856239564,0,a656987dd5c8c35551a2103b55b067195ebdebe9b85d903ddd6e28d1dceba836,7c42c3d01457e6fd14c98ece0d0ad44947e7ced4e07738b4433ba7b4501ea78c
438c2c75da024793afd8,G1,nuts,0,1024,completed,completed,2.5071201249957085,2.4829450419638306,,4,,0,1.00042829717973,2115.68893565079,2201.62731723769,0,dbc40ca1cd29dd9b6f70b4b65c718582e21784a938169c8ca0cf4ae97703ead4,848dc1b4d13a8b321a8dacdc90b60e5a7f0252bb72b5ad8707c54f8b7bda40a4
d949443e6b9b3b12d9b3,A1,rwm,0,1024,completed,completed,0.38004929199814796,0.17643016600050032,0.1266997919883579,,0.24365234375,,1.12861867464859,24.3829563496613,49.7476504764562,0,f19ccd185dbde2956e94685ccf42ac21b4f63067f1040794e1d6e4b53de670cf,a045933a8b24b4348dc7b2675695fa4a6589156b31b8ae194c4e07cc4385898d
c351301b3a19ae80de92,A1,nuts,0,1024,completed,completed,3.5375808749813586,3.367588374996558,,4,,0,1.00034664988631,2053.94483296288,1901.60991652677,0,d3ec663939bc8383b20588547f3fdfc560cebcd05d84ca2f2d2c2a7c8c174eef,e8aefa15a95913067dea2f77a0817d243929c982dfbd0860302b5e8ae0c643c6
b0eae810bc34f122a6ea,A1,mala,0,1024,completed,completed,0.9270790000446141,0.5983262499794364,0.22077499981969595,,0.465087890625,,1.00908327583236,400.120448826219,547.399276661297,0,93aebf17f1cfb58bf33820c5c5945503c3ec83b561fd1e0feb41eb5a0fd2833e,9babdd835112c820fb7fe72f2cf468b59ea078791e0085adcf1859a96f0b4ca7
0876d4627eb2eb87361f,W1,nuts,0,1024,completed,completed,3.18884254200384,3.1723116249777377,,4,,0,1.00079135673748,3563.43457673522,2632.88493029913,1,d7b0d9e3116d789e1b78b59e7aea94510b4b73627aa330a304845fe29b3aba16,448d7baec430fc055072a7cea04baf165cb2f07f04d2fc69ac5d39d20e3c8d56
c090f4ca0124f3cc7639,W1,mala,0,1024,completed,completed,4.244009125046432,3.2640179579611868,0.9714968749321997,,0.544921875,,1.00748962237525,2450.69214151156,1814.36555897814,1,fc7974270406acb4f1e8d3ce898358a6e876e525510a999fad37dc6dc79c8453,bff2aa901467faa6afe1b7ff140ad12caf384b677b3b707df663af9a3907f577
e25a82418f596b0d3fae,W1,rwm,0,1024,completed,completed,1.0831680840346962,0.5442842091433704,0.5305511250626296,,0.344482421875,,1.00783012618639,580.276777910075,572.773160653454,1,dcf81f315cb48698f9b4fb55e49fbd3565425dabcf4150c448f07b7d66e8c205,f6c3cfc9bba103fa70605d41a78f30839b7f37fdc779deba7937cdb656840c0c
3877df0758e65aeca8bc,H1,rwm,0,1024,completed,completed,0.2850645419675857,0.20729020796716213,0.06018324987962842,,0.1669921875,,1.27028190043569,11.3518579094104,40.2325893630551,0,e87f1b866cbcd3934123b6b83d099f3702c456ced7f781b007602423087220b8,4fd41e896ba5727876c560f70bcf26ef72c95358c6f5429563bd7f387d2e2de9
24cde8d0369b00fab7b7,H1,nuts,0,1024,completed,completed,17.271549666998908,17.241612042067572,,4,,9,1.26385874376767,13.4459439125154,94.1940595164493,0,caf32ed94dabbd040d9e9cab93952fc0e5f53f985857d070b2c2ed9a8a8e5d8e,a00f4af0cb2efd45dc0462fd059f87b589fdec03428f4f5c35d5527fe59810a1
b2e5ca77361c61edeabc,H1,mala,0,1024,completed,completed,1.049309458117932,0.8486191669944674,0.18279504193924367,,0.2294921875,,1.39060017974295,9.26762701526898,7.41596654362449,0,c37e995ad3bced5c16f342ff1f1dce423427b0ed636ca2f08c41cd634a1fc611,2eec3730d01a1983bd6874955d920a85a02aea881a80d509221390a90e568dcd
5f2983eebb3da38a8cf2,M1,mala,0,1024,completed,completed,1.4619520420674235,0.6047008340246975,0.8361072081606835,,0.49951171875,,1.73697540864034,4.03149606299213,119.774990693664,1,d54cdd2905d4b069e7f831d113b7d77860a62cf4d14ea6608b1c4fdcbf311ac5,303039c682d366d9d8b6178f4d0cdfd135b123df00a77929c970bd3f577a8b3a
8d4d2ecd9d7467416956,M1,nuts,0,1024,completed,completed,3.3928317499812692,3.363810542039573,,4,,0,1.73246438749096,4.03149606299213,120.351844120075,1,db6f92d305b8d71f7a9f4550bda857af5624a089a71866f5a6d5f8cd4cb1828e,69d689e629c4dd3c45f51a5e1a7bcfcccf30e0d0bcc48e912ab20c52df53ebd6
ae10ac46451abfe0c106,M1,rwm,0,1024,completed,completed,0.5917216250672936,0.18311504111625254,0.39203395904041827,,0.255615234375,,1.75329962539791,4.03149606299213,122.026775942732,1,fd01d0c9fb07d4bbb528512beddb6f40747ebf5010cd662ffabb08c6367b9086,539962a9da06a58caac2472e36c67254ddb33a2b06faf0d62a0c60f8827b0480
ddf89765e67facf82225,L1,mala,0,1024,completed,completed,1.1238959168549627,0.8044025420676917,0.30198995885439217,,0.51708984375,,1.00614335361465,999.529374117427,1383.98460726006,0,9cfb479b859ba5a88375a4ce9c5f9b9d41d757ffa7d5410d3515efb8e0cc7435,d376e2bc399c7044b1a1d6500b96cc093b1c6b2e5b750fc515db6636091e1e0e
4dc905f1fe889a313eb8,L1,rwm,0,1024,completed,completed,0.41339220805093646,0.2350741249974817,0.1612346670590341,,0.281005859375,,1.03922017019681,148.926328290377,239.778708815599,0,8ff72b6d5e7ea195e45d90f36b6c3c82339cc77bb6bd94c125767c73a222923e,cdbd62dcf8cf44fdcac40f6ee3fbcc3bace0b6c732a08c0804a8b52d5c90946e
89b2f9db07bf73330f96,L1,nuts,0,1024,completed,completed,3.7298230829183012,3.699868999887258,,4,,0,1.00190687386579,3765.7365716702,3131.80671438992,0,cf2e1b17a8cd9ea7f5309f70e1a7d0b50fe5ad6f272d868d922007316e719e38,7df966ea9ac79a84ef1a66faef3b120c1823793f90cd0cc0699a2f58c5bd92ff
3cf5aa283ab8e16ec66a,L2,nuts,0,1024,completed,completed,4.940721999853849,4.893495625117794,,4,,0,1.00132280931102,6749.59912469095,2690.60837463405,1,310ece16a7d5d9add95395df798f2e93eca348b9dba0f86c38521a3321fc2017,c24572ac182cd765d7fd2855d2ffd33ccb3c9173c59493c91ac3ff7e9e2c5584
3631ac3569d6a28bd8f1,L2,rwm,0,1024,completed,completed,1.6810390420723706,0.6939739168155938,0.9523231249768287,,0.263671875,,1.04017509888852,124.775274274612,245.330419543407,1,4f7671f53ecbde9f2581239d35cef18c0146d76d2d561258bea4d48283cdcad6,3481c693c55e162cb2fcd3d27b22beae3254dce35f6858a6672bb61ca36b1bda
264b989ccebad53292c7,L2,mala,0,1024,completed,completed,6.138010167051107,4.443564833840355,1.6561344580259174,,0.4970703125,,1.00451322741974,1140.0185273622,1066.04545783141,1,06db7c402c78d8fdb5bd51501f3a1c7719852d039da888c86cc3465bc4172dbd,3b484a52d22e9191573f25aebd5e96ee939d4fc65b38ade6db6de5bd8b7e87ad
06336cff9e3f36b06c5b,G2,mala,0,1024,completed,completed,1.0548102499451488,0.6834707919042557,0.2579147918149829,,0.462158203125,,1.01093096991054,480.527567080387,586.916573974895,0,cd62e86d6230dd59fe74c20f61c776b75e903eb3af9221c75c0fd3a3ec3e9de6,316fecfecba24612094ce331b6e89160145b008709ed73714da04fd93ed95700
47592e982b4ea693c3c3,G2,nuts,0,1024,completed,completed,4.261580707971007,4.0762037499807775,,4,,0,1.00170890135731,1857.90167713148,2424.92379737569,0,5f63201a0a8e0a0734677ef0376a76405547f727baf30d1ec52dd9154c646ec6,255e29d63027d0a3cc7f0597d6200954f872be4ec3a3ca8df1063ce705cfcc71
eb386567799f75dce951,G2,rwm,0,1024,completed,completed,0.44301241589710116,0.20133754098787904,0.15756383282132447,,0.236083984375,,1.12805457693545,24.43142842237,24.7944438276586,0,d07d4d9c4b56c3d3e8803b501cb5f26f03cf3732e7fbbecb8b8e147c11a1be9e,d13f0ffe14a211027c07099c9ef8ac4205aaf78088e248d44e087818dd4c6fbb
ba596ef9d67a689b4d81,H2,nuts,0,1024,completed,completed,3.358352417126298,3.326398333068937,,4,,0,1.00312217939191,2001.57586374593,2445.7783772405,0,59efee0276627feb6ce654d97dcb9ff61ffbc619d8f2e475446de9284d6f1761,4aeff65edd02f754aa5292d3e7de2d609f27fdc94479bd1cfb9b51349565299a
1c8ef6e393581352edcc,H2,rwm,0,1024,completed,completed,0.246007916983217,0.16875904193148017,0.057706208201125264,,0.28125,,1.23265394959704,13.587770763751,41.7286533013061,0,ddcdab84a76380964f7afe807d1259e96fcb6cd941c92f38a0c8672655c34668,6a566061629145ee1b6e90e7d235e97e49b8a7232fd525e159a122abaa4e2ab5
9f7de895c7b9402f6147,H2,mala,0,1024,completed,completed,0.7457476251292974,0.5897823330014944,0.13372212485410273,,0.51171875,,1.06277333957744,63.119356859437,191.072049767884,0,ccc34bfd76d1039b16f23eb673841e0a84a37dec0351c96de5a4d7372f814de1,45d32d80dfc6097b031e968dd1391e2757578e430eb3468aedaef94b10118475
6803994eca1a9d1c6bf9,H2,rwm,1,1024,completed,completed,0.24710991699248552,0.16900608292780817,0.05928354198113084,,0.294677734375,,1.35151405762702,9.84266361437446,11.8245484588083,0,5990249db0393503c019cef51cae89b1fa0da85b901a817800a89d2c95aef76f,d65c1fc56b85aafbe7656b513148e9f6a3d74986a46ee6c6c461917f5c150803
9012501ee58aa0640afa,H2,mala,1,1024,completed,completed,0.7535396248567849,0.5969214590732008,0.13429637486115098,,0.543701171875,,1.01640320840345,140.786979578259,234.900298893844,0,3af1dfb814e71a161f0bcb43c4430777ca339edaf4c7005b399855e08afd25c1,922a942a4965dd8ef8b3884c1b48a29e5b41cb34a6a46c97c9d7d18b8d05c90a
9186382d14fa02a37c3b,H2,nuts,1,1024,completed,completed,3.415276709012687,3.3837472500745207,,4,,0,1.00455003972903,1573.64136863938,2283.02466316651,0,6850e7e92f395717c6a1d25a09a70ee0a6e1229fe14e7f4d9db51596352d0524,843feeb6ef2916e8c9e364bfbdae3935ded2c4b0d4aaaca8aee3ed365604d13e
e54a56e15eec937dd912,H1,rwm,1,1024,completed,completed,0.2802999580744654,0.2023584172129631,0.06097649992443621,,0.078857421875,,1.5818896124495,6.93980462972969,4.72130341565813,0,83fb7b3e68c07e834ed945ff4581ae32c97042ccf717ccfb2f983260479afb8a,f8b1e5568b117a9a817144c577e9974e5fffca1d89d37e36002fa8a3226740c2
faf765f2e52cecfc6b4a,H1,mala,1,1024,completed,completed,1.0101830000057817,0.8272337091621011,0.16463495884090662,,0.274658203125,,1.30922208454862,10.2399868331358,12.7127679364433,0,80c1dc0e7c31c3f7860f0023ec9660044e3eb343f2c4157932999fc12ae4bb43,ac1027b51a5c9bf3fd6501e49ff828cc1e850d5e9a53f4811fe22f040e65f329
eea7fe1610d57df55c28,H1,nuts,1,1024,completed,completed,10.964580500032753,10.936240209033713,,4,,27,1.07478987558241,85.153283412561,123.873239776483,0,c59b857857a7b4bde3189580f317d5faec0516d8a8755088ded2dec00ecff826,202c894f95ab633ec51a1ec8b1cb0557a9a134c55e38ca31d69ade5cc876ef5f
9e97b2ef73b31353f912,A1,mala,1,1024,completed,completed,1.0602571251802146,0.6813698341138661,0.2550571251194924,,0.466796875,,1.00577680839449,482.629826041429,711.317568140081,0,7731bc2daf19035d5921518bedd539184e0ef430bf806a0fd3a1f40d2f919c59,2124494b601f8fe9aa043ef2d1d5f4bf4e531ed653f6d12384c3d6015f02a13e
5335b05d91cb12de2d21,A1,rwm,1,1024,completed,completed,0.4290249589830637,0.20604154211468995,0.1427239589393139,,0.22900390625,,1.08950812266813,42.6934183097089,92.1913431159149,0,438afffd92f578cc328988f481aa2b93a6f2ca5722003feb9a9bc6acde4b59de,9fdcaf962e189e0f584641d6e33b1b2b41bc410771a3658046194736d9cfc129
ef8b6c59ad24ac16dc68,A1,nuts,1,1024,completed,completed,4.324000499909744,4.133171916939318,,4,,0,1.00145224931039,1483.3084813423,1826.70181139724,0,cd7eba047c296debe5c575e79233f4fb60a9e92b66459598e4c8a6f855faaab4,2f41e05213333ff3b4b68a7aaf68ebd6db178096dc7e3d14a87e30561995a7d6
ddba605f4366727ee944,L1,rwm,1,1024,completed,completed,0.40442270785570145,0.2333253340329975,0.15093225007876754,,0.281982421875,,1.03218324166636,161.242616456528,254.019354337787,0,3e8c4ebde67e9cd0241840a217100cd74fe065f2e14d9e009ebb289a68f22b83,70ff483d536ec1e5a906304a255b27fce0b000393d5275ad5a3a4c3f2de648d8
85b538cb3ba1b11dc6da,L1,mala,1,1024,completed,completed,1.1302004170138389,0.812334833201021,0.2969165830872953,,0.51708984375,,1.00423249699351,952.071404376557,1407.23682083064,0,f3a81ae10402c436ce7e027bce18f75b9d5d4dd56c3d21789b10d99e4aa193b6,7f6ff4775f52ba543ab80498494b439fdaef3fe4da0a6703d667ecbab094443e
14b6e7265d2665aa3f5e,L1,nuts,1,1024,completed,completed,3.803434999892488,3.7729472080245614,,4,,0,1.00184674933884,2545.77445632171,2891.32179702339,0,c619c35887316608002066e3bfa15ab0cdade3a55e3befccee0bc84611741eeb,2fe64d1e6ccdfcf23f4a9e2e03df0587588b6764ae282b31bcaa9faf0fbdc934
278ff55a4fa3963a29ac,M1,mala,1,1024,completed,completed,1.4864020831882954,0.6064714160747826,0.8603398338891566,,0.49169921875,,1.73519707520895,4.03149606299213,178.308526258726,1,4299127b0d9f6e9d8b8639cb0cd5050a54c5f28cf7930e0fc1877467d90aa2ec,a564c0f0b405dba5993a228564183c5ada771def6bc76bebe58d1a9a087a1cf1
408e1e24f0100ebb6c58,M1,rwm,1,1024,completed,completed,0.5847799589391798,0.17348445788957179,0.39536845800466835,,0.2666015625,,1.75541901745283,4.03149606299213,199.212760742311,1,de43d3a1e487933657189b3aca4d050c3825835f149bb0d1c6e436930e921ce1,f6a60c137a7657665766d4e529dce3365f5aef0cb2a12e6068536b27e3a34d7b
6bbfea189b0a39c4641c,M1,nuts,1,1024,completed,completed,3.252661917125806,3.2237149588763714,,4,,0,1.73272381676051,4.03149606299213,130.166832049669,1,9a8166a68b4b951c287685cfa74aa258dcae11d05b52b392b06132dd9a914cbc,1f1a0b05830415b6ad7ee90aca4f547c58a1d8623ed7d1fcaab02c0f799b33b8
2725809963829db4a56f,W1,rwm,1,1024,completed,completed,1.0561304590664804,0.5321661250200123,0.5153168749529868,,0.359619140625,,1.01658596791958,495.840283507157,542.362362414715,1,6008c6cf79090da66d15fa0ba5f5936ba6b771f79ab82f6cf5163760e2c524fe,ff20a23a95637fc2147ce25200ba346a08bb329ace84f576beb02fea810ac8b1
95a53fd438e038bebab1,W1,nuts,1,1024,completed,completed,3.1863338330294937,3.170352458022535,,4,,0,1.00112915131221,3329.93872384937,2431.71951138823,1,64db965756aca3354ac0df5c46ae417b713079d9c89ff20dcf68f525002a0faa,9ad43b76499a705a3b281630835fa60164b9db1e5e8feedc9d1fedca7718c20c
823f4fd3790c62de4bef,W1,mala,1,1024,completed,completed,4.30756420805119,3.317293583182618,0.9775610000360757,,0.5576171875,,1.00266645862149,2234.29815495461,1754.19399235963,1,7001b322f49059692b21b38f2dc36541483b42191427c735a59980220ac5ffc7,c9aa1553506c4fd7382a4fcc91695d5d05f789a3e114c12f2e21b69a84fa0485
e4f5fceea9a2e56c43d1,G1,mala,1,1024,completed,completed,0.7115479591302574,0.5501692912075669,0.14046237501315773,,0.498291015625,,1.00352029800384,1318.60261356889,1142.28046373902,0,f2a410a59b882f15238783b6ca5ca754ed8cdff2cb6947c833ca49d97c8a4bd4,e46404e1a802a913ef8c27d05cfa06999d23a793adb224ef966eda0cfd7a63cc
e979f583b805ef828926,G1,rwm,1,1024,completed,completed,0.23593700001947582,0.16227491712197661,0.05775354104116559,,0.2685546875,,1.01995248464234,158.657739166026,267.655575113755,0,261d97f9860252580e49465b840de58cbca8fee36a95015e28f63ffdfc5daf71,e32964697f2907065a4144c0240db7e51987b30564ac32394325a5fa717f0c86
7eaa665264da9d69360f,G1,nuts,1,1024,completed,completed,3.179715125123039,3.14543708297424,,4,,0,1.00145826094487,2178.4001994191,2416.63932784703,0,5da5af9caacdaa7a1d5cbcf8dafa1031848a1462fdba40df0b38cc24a2be0837,52bdbd7bdc83134a4b69c619793105d7785d8493da2f2beb7c93482a8013f5bf
687343b50a7ae73b27eb,G2,rwm,1,1024,completed,completed,0.4424687922000885,0.2107086251489818,0.14037708309479058,,0.24609375,,1.38554403489065,9.01560977205409,74.2144797635701,0,690d5462b1443c94e8285d38c741a606644ad0465595767944dd9520078f57f0,0d466050955ab503839ad78410d5c90b537aadeaec76143775c74815a1408160
e9748907f0cb6a56c425,G2,mala,1,1024,completed,completed,1.0712679580319673,0.6854030000977218,0.26529441587626934,,0.478271484375,,1.00913929602932,511.363681247402,787.391139114247,0,ab29817b2098d45f72a0a74d5cd1990d2ad5da273d58e27a93e48feddcf0ef14,4ebd55eb8b5267f098abec76bb01d95f99d74f0147ab405233deaca877e65d65
02556cf953e4eee087cd,G2,nuts,1,1024,completed,completed,4.227171709062532,4.038010708987713,,4,,0,1.00084460759722,2079.30396965016,2195.83696412957,0,ffdd8253928a9a2c28b5e7504ee5b3043f45e7c2fb873354bc1cab9a33d07cb6,75f0f07584d7851d0d99c6fc24b108b806aa1c54e809e8dccfbcead896c85c14
7a9c248855b12236f87c,L2,nuts,1,1024,completed,completed,4.990653834072873,4.941091583110392,,4,,0,1.00093239448739,6700.15646628968,2870.95459598996,1,60ffb139a37c73775141e25cae2a25d69235f7944c1d122db67b0a84b1c70fc0,88c869fff3ff8f4a3ff42f78f6bf5727e9bf7c10c5163faed1fe284f6eba98a2
5459876fddc9ba5cfb6a,L2,rwm,1,1024,completed,completed,1.7067575410474092,0.7399785828310996,0.9326648330315948,,0.263427734375,,1.02756903299644,135.313584808164,320.717893817925,1,29d9e1cf710201f409b733d80b599dac786d800c5626b6c81a8a3fde9b886ac8,ed14af16d5cf8df7d934a826f1f94b7e36edc26af2035d9aedac392db9e27cf9
7cddf3a6bfa880592557,L2,mala,1,1024,completed,completed,6.274592792149633,4.579527041176334,1.6554206658620387,,0.49853515625,,1.00367991698967,1315.17928285221,1290.10541045915,1,e57c88d686a5e60800c1fa9010b406b2fc5318c71f299c02f65b282e384ede71,9820dc2c045dfcc186f9cca80f525c44d024d01ba68860e5aa326af6e11b1213
4e412c2fc63799771bae,G1,mala,2,1024,completed,completed,0.7088250829838216,0.5423508330713958,0.14517895900644362,,0.4931640625,,1.00345220216192,1061.28246448542,542.51771970885,0,671ff5c97850d96de32be23f308f316d10078b7ce6000a373ffd0413e1bdce62,cabcc1eba3c733020b22a7116067ab938e553d38cb5db89012683df6bbe06d17
788cb8a5d8aa7a01363b,G1,nuts,2,1024,completed,completed,3.118125458015129,3.0884671669919044,,4,,0,1.00234824705019,1928.38355640195,2016.59656964742,0,9d49e7397c3c93326af2eb3a0a229b6f93f4546a9e9797bc8b0413d1181ed21f,0baeae6922b7895cca75c746c2fe792bc58936f5626300cc5b72cdfdd012976c
342bbe1c79ee7527f602,G1,rwm,2,1024,completed,completed,0.23342595901340246,0.15863791713491082,0.05805724998936057,,0.275390625,,1.03309002705241,163.241938767714,312.543448247265,0,523b1a10eb2bf3506aa46a94447d61b6031da600c0bd172f9a4d9e2c6250577b,5e33c0b1f301d1020789b9b399677ea641ad3e96649a4cda30810cfdf32d6afb
6b37033d16be89917dc7,W1,mala,2,1024,completed,completed,4.304275291971862,3.3350106251891702,0.9602143750526011,,0.5498046875,,1.00235750971737,1965.91294836327,2054.90551761569,1,446c6ecba5ca5063ac2e9d98564e3cffeabb309365d7f2003ffbe38ffbd3ca90,d25ed7a9ac569c3570efe23a7fa6a5cbf9e702a7911d23b5365fb6bcac31a87d
278b9c18f8b952c238b4,W1,rwm,2,1024,completed,completed,1.0500146658159792,0.5257168328389525,0.5174370829481632,,0.349609375,,1.00560249419575,509.315313638408,599.455228376686,1,8c0815f90319dc75a8b85a707720ff17b1866614c993dcc23d09cc97eb1fc084,c426458ff95a4202e6263c63e6c59f47182b10b37b6f0b3f970b2f9396eda472
cc35a03de92dc39c1eaa,W1,nuts,2,1024,completed,completed,3.2287335419096053,3.2128175410907716,,4,,0,1.00150428024031,3170.47966044967,2455.13465824294,1,33c04153a27354c9685418efb237d5755f73d1b191961a2fd3a24d8bbd126d1f,888bfd7ec5acf4e73edaa029c4dc917146e6426401b6f3bcf22ffba2c65a9cee
121dc5c483a53ab68c31,A1,mala,2,1024,completed,completed,1.0600117910653353,0.6829647500999272,0.2596835419535637,,0.4677734375,,1.02110295634767,318.572321967725,843.176197564302,0,2e3da091fc406a8eff419b2325099f531a97c0049d373c4dbee05e287f9b09ef,e831af819b11d3fab8e3151c4ed4673574824cc60c599faa8d64ef0125efb905
f86a558c188a7fac958f,A1,nuts,2,1024,completed,completed,4.193600083002821,3.9908374161459506,,4,,0,1.00084193424447,2042.7268424011,2197.14307717946,0,667cf0fe79fa6231a5d6d8dd4b61d651f88c76f380c1223716ad2bbed9b8045d,42f2c299902a6afd0c981f122a037eb7ec815892a530742a9fa65121e6485d8f
240a5966d2eeba5c459c,A1,rwm,2,1024,completed,completed,0.43161258311010897,0.20819437503814697,0.14322066702879965,,0.24365234375,,1.35860072629943,9.91780909299749,21.6635619919721,0,f5773d4d92d80ba459e0efb6eef6933a570044680e8376d9feeb2b8126e67066,f00946b4d8d7e5e3e047498df93eb5045459d5327a177575cff5de8d781babc8
dd2341228d505230852e,G2,mala,2,1024,completed,completed,1.053354874951765,0.6737372090574354,0.2609807918779552,,0.470947265625,,1.02111063829465,388.760281503254,733.782257331289,0,e8981ee07159110772f9af9266a5de5407b0f891d5934f0f8e896f852f543d5d,77b4ea56ae9b70b659dd471a1c0bbcc2a7279fec29bf64ccebcae51ece2a656a
7a0c82d8eb293d8fb224,G2,nuts,2,1024,completed,completed,4.691180874826387,4.509932667016983,,4,,0,1.00049878951114,1916.67787250631,2140.58106429338,0,f1527c7515bca7796fd89103657b85408087fceffdddfc18ffbd02c72c06537f,cf6b9a50931ef491154344fa95b5aa181b72abf249daff76f05d81371cc2c7f3
d2172560209f32b57932,G2,rwm,2,1024,completed,completed,0.4358755829744041,0.19965587509796023,0.15692458301782608,,0.228271484375,,1.18133251690321,18.1994601134406,92.3260035450147,0,5c9d6ee10e47e5b22dc4e517cd9938b1df8aff832d86b02bcebf0e967fd98cac,5a126008c6596d7726ce752deaccd8a38cb3211c71a289b9be5d35d28c954718
d0d508a73b3d8ed8a3cd,L1,nuts,2,1024,completed,completed,3.8007329581305385,3.7694014159496874,,4,,0,1.00096499201362,3205.87507961902,3077.2710539636,0,cabc5bd77558d8c3bd75f3eab4d10dd8707f42d75fffccc8e31b34c48681f71f,5f4f260db3d8257d80f5b9f4a7908e19a019fad4e5acb49cbec8904211ad1a9b
a5e6e5e65901d8a18292,L1,rwm,2,1024,completed,completed,0.3970469171181321,0.22724379203282297,0.1568991660606116,,0.273193359375,,1.03385944326696,158.18621130388,303.799776762665,0,c7dc41b27706d20cceff81eddb96e42f9843f73c82153bfa3c7955704c6f33b9,148d76eeff1e2c86f975e3fecf44996bd6afb6d4cbb0bba9a5b8f028277e4997
5ea6e8fdc5e5ce30662e,L1,mala,2,1024,completed,completed,1.1440341249108315,0.8179396670311689,0.3048667919356376,,0.49609375,,1.00283987705199,1092.39889727369,1530.72649860013,0,0ed106b4de9e7e363a68821b7c5b6892872a9a18d1b75cad929caec07c383bae,01ead145e95274ff4aff8b187101cbc8cc125c7973b47f43af8a32d66830297d
29c08317e0af779e20ab,H2,mala,2,1024,completed,completed,0.7415137919597328,0.5825149170123041,0.13555712485685945,,0.51171875,,1.03100744450132,125.080442872289,150.332111685429,0,42b3507dc928586a3b283812409971b5a93de1542b4315a725cf281b0d870da5,b08df844c3971b63f55364a72481bd1580053f97360adb10e7ba5aeb1669da86
0b9e85353a73538caeea,H2,rwm,2,1024,completed,completed,0.23542645806446671,0.162969334051013,0.05419520894065499,,0.286376953125,,1.07942211045126,35.667338329973,67.8226784607211,0,564a4319dd25ebd8653a24476c2f00ea0939f8ecdae658ecbc073846c91ecc7a,b2f6c6be065b24d6206c2af0b60a31d673e13f1a4c290d1fd65f280075008145
ca32197160f92d4ac5b4,H2,nuts,2,1024,completed,completed,3.4335117910522968,3.400739625096321,,4,,0,1.00179793726046,1781.3022080791,2141.44080379456,0,80b52cd911df8ddf9cd6c2d6691b79feca0b6507beb4121863b868eb908e4c9a,adf1016602775a003ffb1c460a619f05aee4b21ee99b106c55052fe0087581cb
77809bc4ffd6b2a2e2e2,M1,rwm,2,1024,completed,completed,0.5797599591314793,0.17773749982006848,0.3880540831014514,,0.2509765625,,1.75772419060299,4.03149606299213,177.507749542223,1,ba53f55f29ec593a699fb42a27d096f45671c1db2a529474fc18122c917b4818,f0ff3c99e3ca9b4c52c2b12f1cac9ae5ba9f298cd4c3c1c761003e1ee633c059
cfbef3c99847f65f2766,M1,nuts,2,1024,completed,completed,3.3176124580204487,3.2848157910630107,,4,,0,1.73300634158179,4.03149606299213,124.964128005103,1,e944c1c0395fe1962593ebcd5bd5dabf0beb1c6fe458b4ece402e62e2b0d2cc2,e6d0354f3452fad02dd0fee2ac538bbca4787b0378de55728a38725a660c0e5e
4e99e1a47e3af317eabe,M1,mala,2,1024,completed,completed,1.4647910001222044,0.6008004159666598,0.8433124159928411,,0.488525390625,,1.73424371072876,4.03149606299213,173.628976730771,1,3c92793318634546c6918d02405d00f046c7a2014efaf96abbb07a561e1a31a7,f0f671d7860cb8c45a9ee766afd6993edb05333c0eca0454a83ae9e1c2a35d06
f63e3a8295e65972eafc,H1,mala,2,1024,completed,completed,1.0132917501032352,0.8247966668568552,0.17186233308166265,,0.167724609375,,2.19726408976108,5.16658464459791,4.03149606299213,0,fc48959a00d35be2f72fa51e9ca93374baeadacb019ad3c3a7a75d000e41440a,475861e0919043ce179ea997e16128e1674c3dcbc6cc06eb88e3a9b1247b1476
55e502958ad940e60bea,H1,nuts,2,1024,completed,completed,12.712422541109845,12.678937749937177,,4,,301,1.07803156961544,54.9502786799991,145.013776013121,0,cf0cb1ab66aa63da9eae013ca5d4ab021368e6158400c4c7664f9c5d1781e6f9,de544f0769b49ee5d91abfb695f28d3d879c600b947d002248f79e2b35b4d81b
020e998079d079affb32,H1,rwm,2,1024,completed,completed,0.28542833402752876,0.20464258291758597,0.06570908287540078,,0.109130859375,,1.22429375804265,13.8623421450146,33.6984261490442,0,32d7ce8cec8f8ed616985907f9982ee62a5dae4194d286c163c1f691cf3ef209,37bd5b61e0cb0fadf37bc8c36003266fb60a2baac64959f89cfaca96be521a02
8805f79820467a1c8f84,L2,mala,2,1024,completed,completed,6.261984167154878,4.5571098329965025,1.6669651248957962,,0.50048828125,,1.00431901003579,1103.02496843519,1560.11212153034,1,0b79dc509428108ba1e01d05038b1e38d5172f0bb2b97cd4e4ffb6e061de9e52,1d6aebdd816454934c0eef014310fe22d71582eb4ff4c03072c23677ac0c3d84
e84666b9a63c3128fa5b,L2,nuts,2,1024,completed,completed,4.990016291849315,4.941581000108272,,4,,0,1.00342769739755,6993.72784677519,2908.67339679125,1,85df83f46b5efadc0f8eab18970e5a360ed73bd03e16605d8ad91f93d58f714a,06f8bf2bb7d0bcde7d3fa84a22dd3d3089dc6f9653bbf6f279e9512a8b0f9299
bc342c12fa4e5248e4e9,L2,rwm,2,1024,completed,completed,1.6645629578270018,0.680199459195137,0.952138917054981,,0.27783203125,,1.0286949803774,148.393384503864,214.543183622478,1,86616b81b3b7cca8ee97a0ef1d441624bea732e4c157f09f7f57b02ead5c0953,c55634264ddd790c4c475442652b366bcf5e72359d9079e348327b8c9a67b0b0
ae5ab84603f0e87d0339,G2,rwm,3,1024,completed,completed,0.43429829203523695,0.20223033311776817,0.15095508308149874,,0.236083984375,,1.31306587107499,12.0039053742707,36.9548854006234,0,54ce35f51196e09fb6fba8f4b0ee6e2e192d64de1f2d730e7fe5a1f49f298642,dafa2007509f1dd36fbf4eb598352d43d642325d0885c300ceb438476c290d23
9be037421a13eff4185a,G2,mala,3,1024,completed,completed,1.0247442082036287,0.661764542106539,0.2548092920333147,,0.47314453125,,1.00539641823024,485.408824185461,634.23307448355,0,5a22e0119ec72fe930bb975cbf6c0668f0a41fa12ae162b5ccd8db677961e839,c4bc089f1574ef5a86d9c14e6d4df15272a80cebabb4fb957ceaaab7382f418a
489560ac15154f4b4669,G2,nuts,3,1024,completed,completed,4.243323874892667,4.053475916851312,,4,,0,1.00139169286378,1801.3520992927,2139.69204139942,0,b2e3d4bdaadc17f418a0c7bab17510608a11ff02ca0d9c17844acc406eef9405,53751b76d8137b097faeed8c20ec2a37106dc6da550daeaf3f42649d6dc1bd23
a4c1226d172acebd796d,H2,nuts,3,1024,completed,completed,3.399254292016849,3.3617196248378605,,4,,0,1.00221535803962,2042.79254545534,2271.30716161335,0,29b01fec8c4a1f6c736037ee7958e7427c55333a3b17a8b2cd17590806fc73c1,8436911fc87ccb756d07b1f7b66a6c3f9ed32d2416fefb9001dfebb372dbc8cc
3fedcc1c2ff52b0503f1,H2,mala,3,1024,completed,completed,0.7629197910428047,0.6008184580132365,0.1393460410181433,,0.51611328125,,1.04252176195585,89.1732974405489,195.27296912226,0,38458e6be0f49ecb4f709d4558544967bd2f6a1cc8815a7b154f81477db3094a,71210605543a54228b41582856c05a3e30e523fa03ce7b0b482bf296d22f3456
bb4840d438c5e88351ea,H2,rwm,3,1024,completed,completed,0.2366064169909805,0.16389891598373652,0.05405129096470773,,0.275634765625,,1.15833423518155,22.9747263809115,40.27153435008,0,437d434137374e4bf2199c8c3013a3d6d22b89d63a72a685730ecbfe52881a60,7e29bfb3bbc6cfd05abf27c2eeb10868a3beaf4368887e5b36fdff4a87567466
e78389f9cacfebfa6065,L2,mala,3,1024,completed,completed,6.214124834164977,4.523295416962355,1.6519957089331,,0.49462890625,,1.00365243113452,1208.18688347398,1385.46663874789,1,94f2aa4ec92f0ce5be24a1a59491d7fb46da6ab4d129f9975e4edba30afaba82,63f45bb0fa463a8729ba0afaa2c944ed9720e5093208cc98344f66e856fc309c
548af882d2b5e83a02b0,L2,rwm,3,1024,completed,completed,1.688245499972254,0.703267625067383,0.9492864590138197,,0.261962890625,,1.0268451616205,155.827023921251,225.637805240229,1,add662c9a0f7155bffcae58d452d9fcdf7d93595c3378b9ac9609a934ea3a2e3,052418f316fb106809af57c86ce5aa21f577d1e6169cd157c752c1bb0fdee0de
730636b3ba64ee732ca5,L2,nuts,3,1024,completed,completed,5.008317332947627,4.960588208166882,,4,,0,1.00084852159769,7219.91081293016,2673.53115610593,1,b9b2d4cd0f102af236844e91a79da3dc30769f5b607d12dffaea1a1fcc9bfded,b0666f8111f321f50363cc99edad59354d0cd769319220bfa127a5858361657c
acba076c83313efbdfec,W1,rwm,3,1024,completed,completed,1.0601393340621144,0.5294694579206407,0.5221912499982864,,0.3603515625,,1.00799766581197,610.845252567206,666.818673181261,1,effbb87a14a384f252f0009d587159344e014b500c5c7336ee06131a98b46262,095708586c76c94c4d63a722f4465ef318bcedd72787178404fce57c49a81fe4
19b0d328558aea97b60c,W1,mala,3,1024,completed,completed,4.276744041824713,3.2981001660227776,0.9674195421393961,,0.564208984375,,1.00490682334656,2611.04257538004,2343.49416708414,1,288fbddac37c9f608b2752efa89b7daace35b6c45030c7b89718058f376e3428,f1bd69ad5a0c94e71e89f31b1568583caf4fcd0a9094cbe0658be42ae1011356
09dc9d32be221d959804,W1,nuts,3,1024,completed,completed,3.1491459580138326,3.1363769590388983,,4,,0,1.00129832966792,3766.02484602028,2501.64302422054,1,b297bf94be40217d90624ff4d44c6335eb671c473d8343fa4b32c31780aa9c34,3c6433c05859d92bf01151f9d5ffa86a927c0951bef0e7cf3889f04fac35ee81
fa293da5e613b447d408,A1,rwm,3,1024,completed,completed,0.4277107920497656,0.20203099981881678,0.14166841702535748,,0.230224609375,,1.16073435960325,17.3231825593459,119.023924975696,0,61c0dd319b10737f53a9a72d84ea5afe00566d73fd906b83a1e94536ef863731,4fd68963740779864e347083d643fca9c2f708ef7e6d886049d05aa95b5fa90d
74a9c1188fe9dd94a43f,A1,nuts,3,1024,completed,completed,4.237119666067883,4.041684499941766,,4,,0,1.0001807862221,1978.48541203227,2334.23350548938,0,b8129ea63b544f74a24d2c430d08facac700893d6699560811f8842d0aebda19,d6f95a8b9d98aae439bdcb1a176da85316224b6352ad110b8882add5ef665bee
77c74bdf939118244777,A1,mala,3,1024,completed,completed,1.079733083024621,0.702249791007489,0.25660275015980005,,0.46435546875,,1.02128067957457,499.692853348554,861.788646536979,0,0ad0a0171457e051765826fe96b1ee8dfdf3462aedcd6443111823fd94765746,e641f88b04053659f23f7d984741400db0edd4c49238b29b3fa9291d7eb496cb
7324a4b625704b95e904,M1,nuts,3,1024,completed,completed,4.174446458928287,4.143552124965936,,4,,0,1.5272957448056,4.03149606299213,28.0641048751054,1,f48874b82c0d8a198df39fb7267ee42f30d8cffac8a56b92a1039a7fdb4a7b94,489c73881e7ea0f1171e7cd17669b80612cdf583f283335fc81ac198cf154a19
8a9f23d9b0d457d49b03,M1,rwm,3,1024,completed,completed,0.5942542080301791,0.17957491613924503,0.40305170812644064,,0.2744140625,,1.77159864462577,4.03149606299213,160.577477518065,1,5ffa98d97c99e3831e56a0b80504f2b8f0993f9a1d3b1a564ba69533746dba33,4518eb4e809344c57a57136ce9d9fe6c89985fde18206d12cb1a6c48e7b678de
3ef107c242a9d5e41c98,M1,mala,3,1024,completed,completed,1.4811825000215322,0.6133340839296579,0.8477767920121551,,0.492919921875,,1.73796995793063,4.03149606299213,176.303892838263,1,34efab374c890276e5f3a3a97d40f522a184bb87983f70eff9c038e9906c1179,c85201a161956bcb9b82bf870c3cdd91ee76e6f907dd448a0267733eece8c593
28eb0984cd708a3d2f88,G1,nuts,3,1024,completed,completed,3.1161755830980837,3.0904200000222772,,4,,0,1.00129468004595,2020.28746451245,2432.7031828318,0,ba0ffb3167ec9a25aa0f0f927cbf112a7c15a48f68e99ce4127cbc033a7bcb4b,72ce5154cf15b90f32f6397ab4546bc46e880aa7d014547f1ce867123c921566
a020bd101dab6fa22057,G1,rwm,3,1024,completed,completed,0.2477249999064952,0.17404375015757978,0.0569428747985512,,0.26611328125,,1.02451925492524,170.365888382623,244.278131012574,0,1b9997c5b4c52d5509b364a87bfa96b783ed442cfb28fcdcd5a5d4ba63720350,2bbb161105f637dad27ed734ec54c103f5588f8fc6ec22461bd36733e4a539c6
72d74cfe267aca7e9d0e,G1,mala,3,1024,completed,completed,0.7127355830743909,0.548684542067349,0.14405112504027784,,0.472900390625,,1.00405550413605,1068.94618043524,1127.11775572707,0,bb55a474f9f1b4f785565f317808e770aad55d33d3674615e27471521c607c77,58e095da83857d639eb6793bc8279e7b3fe8feeea7957ff6256e430558314918
b822366020f14ac084b9,H1,rwm,3,1024,completed,completed,0.27661083405837417,0.1989740829449147,0.059270208002999425,,0.20751953125,,2.25009117277983,5.06490397480615,7.33399373823519,0,d3e28f18650098e7fb5c7887ca4961a8e96624de760efe33f981c5a631c89910,8d42a66ad376aeba5a6a7ca7370f38a179b29987961df9ad8bdd523475a68666
17d23a6853865baaf038,H1,nuts,3,1024,completed,completed,14.966949625173584,14.934754624962807,,4,,1,1.14517645083488,28.282297192932,97.4932739813936,0,c8db19c3ca5c49e46d0da5003b9bad55871d95175ea3c4455393733b926b94b6,aefe8b6b2aaa8e4e09205b4af4b0d46299a4c634a2cadfa4809c42afa71f6668
8ed89f822bae075ab524,H1,mala,3,1024,completed,completed,1.0140087918844074,0.8231543330475688,0.17537258309312165,,0.16796875,,3.53995003921852,4.64122269723394,4.03149606299213,0,7b9ed198211cf76874ff0d70d4e5c890814fb23b8812321b0787d473b9348419,052b6f1a9ac1d7d2d525c7d379aacc224fa416702489d4c32bfc8e0edc3f9d22
cc7c98569bb2da6f7ee5,L1,nuts,3,1024,completed,completed,3.732217750046402,3.7055315407924354,,4,,0,1.00123272739895,3342.2539482289,2665.20333960485,0,367bb8899a540ee4de2a14c68394bdfb8f1785ae89249f9e981d697444a71025,2e68656085c9ae57aff122b2f1219256359cbef8d2c78ec31cd6c7ee1457ca44
c4f04dc5e2d5aa487423,L1,mala,3,1024,completed,completed,1.1434806250035763,0.8185296668671072,0.30739937513135374,,0.51123046875,,1.00313044772274,1038.49997466036,1311.67828273484,0,6d7cdc70cda3be1d03b424e0b5935fff4a2e9e64c9b1f07b28107e829338556b,2b3a7b2abeaf4d38770eb8ead46d90f79fda45342cb79d5e47455a856fecdc84
8a11f33233f941f4cef2,L1,rwm,3,1024,completed,completed,0.3975180829875171,0.2251914581283927,0.1600178328808397,,0.2841796875,,1.03687145535546,137.403378537213,240.081875545251,0,9ea225088ed76358c0078116a22236c2e3c3e64071a2f452923973575630f40e,74e73f7103721777234764db6d74b6e9efa27938487b17f2c0f1117575d47b69
1af9d218685ffb28af85,M1,mala,0,4096,completed,completed,4.4301365001592785,1.8262687921524048,2.5572214170824736,,0.4940185546875,,1.73453786085341,4.00782778864971,148.33214145902,1,5c9a10dd50612d6a0aa90189d3faad1d74b81d3302f8f82f2996982e1e1cf1c4,bdd802bc0000611003249cdd99ba5497950db89c6be68ce815376df2449f031d
74b58089e03418af3ea3,M1,nuts,0,4096,completed,completed,6.455590500030667,6.393302249955013,,4,,0,1.73301991757533,4.00782778864971,93.5056388256792,1,2be2508ddbda0464032d3a1dd6e2cafa7efc47db20a90cc380d84c482b42237e,1692fd7a5af057bdf1d84ae4a8fe765679437df887e2b18ae993736bc883c21d
bd49b5afe7a4723f5e70,M1,rwm,0,4096,completed,completed,1.7127721661236137,0.5253253749106079,1.1565379579551518,,0.2623291015625,,1.74117723990721,4.00782778864971,183.313188017392,1,f4d1b4d287662b9f4076a26734f61a5471633f4a20b673d6acad2faae7546e47,6a1689c625cb3355ca5e3a7178770eb2fac36940451140f589d4e031e56df79d
0e89066595faf87bd7df,A1,rwm,0,4096,completed,completed,1.2233505840413272,0.6037423328962177,0.4342429582029581,,0.23345947265625,,1.06622536583972,100.101839934849,196.070435325362,0,c12a6cb172e414ec05a8e26423dc8c4310c1b85dc93e992f1ddf570863c5c8c9,e8a1932f35d76fae68d4f043286f10dddf2808ad59cacaaca75b921f61f55a5e
88b2d5d7df855d649481,A1,nuts,0,4096,completed,completed,11.771160250063986,11.259020583005622,,4,,0,1.00013304221138,7822.68153734454,8755.01887799821,0,79edd80299faadd18606e9fc09ac1373b2f3880da99cb6a16493bd8de07e0766,cd67745860d7151871312452d4e7bbc551bbdb2a4b78a111ace26bbcc8a168e0
449e48343e7d8e6b9b97,A1,mala,0,4096,completed,completed,3.170722167007625,2.088032041909173,0.7720877090469003,,0.47216796875,,1.00257942417321,1864.97845325489,2916.01998359156,0,a6f75fff63f5de099e379d62340660ec09a199fd3d973bbd1cb0e7fad469b033,e5e98824c68dcab4878040a79401611e20bc74eeb0c687161c7c811b47b92a44
e9a58e7a5fb07f2c1511,L1,rwm,0,4096,completed,completed,1.1911092919763178,0.6868427500594407,0.47002750006504357,,0.27532958984375,,1.00992737469704,636.077349979867,850.337379679908,0,a9917f0fbda080471babd76309a9fa0588f520a2ab60b040fecff2b726bbbda2,0cae4989c17e0c22d021e73db1ddad41fef4724ad4173b269cebca9c8fb2cd64
82a742b88d80731846e1,L1,nuts,0,4096,completed,completed,7.445718874922022,7.37608683295548,,4,,0,1.00038633240091,13634.9130363743,11339.5813003529,0,59deadaab0da2e9423883641e85ce93fd8da187b46892cdc82af842aadb9ef75,154c381ad7887476b376f66f951e233682160ba527a51ea5896085c4619fd1dc
dc7b57b7d5cfe1cd21e9,L1,mala,0,4096,completed,completed,3.3546148750465363,2.4193477919325233,0.8899626659695059,,0.504638671875,,1.00068336194133,4209.35932856721,5883.04415163652,0,b3dba6bfc3a5ea90cf24de410f670564d9759a0cd1861b7cd5dbb936a384a92d,ce27555c5f54780f125b318d26e406baf929a2ebd177c627b1f73032b44f028c
baaf10849ed85b5707d7,W1,mala,0,4096,completed,completed,12.942864250158891,9.9584060839843,2.962444124976173,,0.552734375,,1.00149563495293,9671.70826029732,8958.10077041477,1,c7da5196c52e363617e948c8b9efa905db6810156a51c2d02c7bd3cd0ffef718,d8c8d7fe6a4f9e6369df6af458553052763b807a28a0c4308a4c521099aa6acc
5e0924e926c59ff912bf,W1,rwm,0,4096,completed,completed,3.1951277921907604,1.6160530420020223,1.5609398749656975,,0.34893798828125,,1.00239904361109,2087.04299370858,2424.36922637583,1,97b4880a76f3e2e3c0e5ea89a0ff382750d557a76aa8aa85676134a9a002a5aa,7b7da23607eddfc5a26b2b25e2293b2c0d66e97cc604c6e648200f79da0f9579
84af67c294aada4954a0,W1,nuts,0,4096,completed,completed,6.174844417022541,6.153154749888927,,4,,0,1.00048478931066,14035.6435651266,9955.52137170523,1,c108e87b00f11012fd28941065fbdf3986abaeb7b89ae0557c970813c275f44b,ea664a6092302241991c7b21aa2dacf1cf1e874871cb9e414590313b3a4dad34
dcb579fabdb7abe6ec8f,G2,nuts,0,4096,completed,completed,11.228759416844696,10.736248833825812,,4,,0,1.0004264860862,8130.49528797842,8957.36965278986,0,b42068195aef556fddb3693a8a9bd98fdea480110be041d71c418e96bbfb7fdf,56e87125cd7665380e123257f843bfb2edc5c1fb0448cb330a4677e1d7d47613
f75d55ff1c95f68712dc,G2,mala,0,4096,completed,completed,3.137953834142536,2.0439943340606987,0.8014797081705183,,0.46990966796875,,1.00209349770126,1883.9030322363,2791.42739724516,0,415365a15179cf44a4bd536346302273c1b1ab1b9bab0b9b1aee3169add99b38,f295c8174d40d2ac9ecccd5a5381d79e1f1d04153512a03d426ba9241733cf78
abf9a744e82c5a50062f,G2,rwm,0,4096,completed,completed,1.243833624990657,0.6258499170653522,0.44233812508173287,,0.235107421875,,1.03955366634758,104.517956323849,166.488857827565,0,ac89e9bf9ab839a76e5b816c52783bbac70049937e69f5c70da6569c6ff3897f,50d5c150390b918449206f0fa9ae7376551b3ab790dce77ea2db3d74207d95df
76f86c5f1eaaabf507b7,L2,rwm,0,4096,completed,completed,4.912890834035352,2.0491550411097705,2.820809500059113,,0.2652587890625,,1.00734016946175,612.267939453863,1110.05643024369,1,536b49d024493c336fda586d4610d9de25c55b8488c74f0204d8e4386f951dbb,cf91d6dadf97563d6e222519e939d8e9a7d207b0404ddaa0d275f0a099816959
691355459d3a581ee864,L2,mala,0,4096,completed,completed,18.463791500078514,13.486847499851137,4.910928624914959,,0.49798583984375,,1.00083185587653,4512.55937558508,5415.73066153193,1,5ddc2cf9ec60d2df7186fe498401ccf7403a94bc033f378ab4d55f151feb50bd,43efbfa23b431855247c6c7a1a330d2719aa116b334a986e7b80612761a8a4a7
4a8ee644dbac328443aa,L2,nuts,0,4096,completed,completed,10.51022379193455,10.427522707963362,,4,,0,1.00027552852296,26252.1822486828,12350.8158063695,1,993514893926e47af09b12ae635f19bf63f14cd3d492796c253c3ac0b696696a,22a06346b4fb3d676c162b1c57ef2a691b0a6d8e20b1094602c3fc22b692da1a
a1e23a13c119f544e159,G1,nuts,0,4096,completed,completed,5.9996392079629,5.923738582991064,,4,,0,1.00022935888065,7388.23820827203,8359.0216772452,0,3302345aa3c6492e9e24a1820e304e055cb425735af0781c792d65ee27587541,a3e1d5fa904324ef4e7c270dcd0c7fec4d894598ab02a1e47d5253d259602a60
c09303f784c2a4834fab,G1,mala,0,4096,completed,completed,2.0938002499751747,1.6257126252166927,0.4222260001115501,,0.4833984375,,1.00092805289344,4450.77884612767,3884.26666347753,0,b5963cd0ec426cc73826ad1611bd291ed5e408bfb3ac440572d6d516c241dff6,3c7ea389acb0d57b483b2176776182f504507772a1981edf40bb65b1e3e33f2d
d9de68a973e682e06333,G1,rwm,0,4096,completed,completed,0.6783465829212219,0.47420720802620053,0.1731664170511067,,0.26922607421875,,1.00246180615338,671.650510189176,1215.33916068613,0,5a6428c37d86314b5d1e5a8d211f9df222b60a3ec3790b0f9845b57ed8505cf1,c3654f8a90c556571b4810cb7925e39a300688086da609107567d156e799ebc7
ad04540304883113f71a,H2,mala,0,4096,completed,completed,2.2379986247979105,1.7885347080882639,0.3981008748523891,,0.5115966796875,,1.00742044994026,292.095615485038,713.061522444769,0,6fdaf955dad42dcc2693dd72ab8bc7da8e921bb2d4a2c9f4dd38482bfd0711e0,48b0307aa0fd0dff5b33de3c17cddb38898103743fe85a7f9049e72d503b015c
3dfdb669b5ca6c789233,H2,nuts,0,4096,completed,completed,6.5410229589324445,6.469657999929041,,4,,0,1.00078131998934,8161.18809883892,9040.79918478343,0,68b91eddba1bf0c41e34ec89309290eadccf9ed88b713d536398d459c6faef37,118081fb6f0996837c2982742db5b9ad3b58e7bbf4b207a989d35af4058024ca
d10a99b81f1eaf215423,H2,rwm,0,4096,completed,completed,0.6811907498631626,0.48545866599306464,0.15437958296388388,,0.2803955078125,,1.05393735784478,89.2740459208921,112.460806930586,0,e935914b7f71a29873804f0169437924a633fd78ba5a169debed359be769e68c,5f6d3e5dc70a7be8f9e070834286fb94df0c02f86265b57d942aff1fe0cdf97b
daa30c66a28b9528d77a,H1,nuts,0,4096,completed,completed,52.50910862511955,52.4475836250931,,4,,260,1.13705041510912,20.5129299215796,87.9071483735883,0,d5baedea832988d4401bd554ccf37f15cc8b72e5f7dbd48f455b1df7cd7e689a,75ed96db20a032f342990d1c52a1e3f5d8ab7ed0618746f54d887cef9458e0a2
46ccbdbf66330a0e3224,H1,rwm,0,4096,completed,completed,0.8103535410482436,0.6046287089120597,0.18105041678063571,,0.109619140625,,1.32968621487257,9.93119506205301,5.26113575584691,0,f4973ceb2c0058f611f82d655ff072d967d203138671d9752bcfdeced04be838,60aa4b678f997430db0190203acc969babe4376ed9601e374f07bab5f242bb39
78fc7ae0d912af8c69a6,H1,mala,0,4096,completed,completed,3.0524410421494395,2.5012541247997433,0.5223282498773187,,0.21429443359375,,1.35972507791782,9.63834842452554,8.68010584787105,0,6da805256d22597874a33ad1bfca816b2d6e36f488b9010c9895d942d8f85ebc,778f6025befbda8ceec062c8042e80a80724fec31c2712d047823a4526bbe718
808a91440813e0af5a17,G2,nuts,1,4096,completed,completed,11.288267208030447,10.799766749842092,,4,,0,1.00002800731019,8314.16856234424,8435.92159018892,0,a1e1c16a4dc3ea59b3c08e7bcee4e8c1edb74d5008a9dc75aeaf6e2b3b0acf3e,c6233c63109814983c2da3aa180155e8cb8f1f1818d7e0f940db45c52092640a
ab1015fbb6ab1bd8f345,G2,rwm,1,4096,completed,completed,1.2422438750509173,0.6150663329754025,0.4443059160839766,,0.23577880859375,,1.06691142493027,79.8569981509774,195.183651657823,0,8596ac172343c5643f13445b3b76979933682df84d2a257d53c9b5aad30881a3,16bec885f88a7ae449eac59f84b5868f7ce5003556f79317c46296df18921703
cfbd0a79de2986db7ac0,G2,mala,1,4096,completed,completed,3.0820678749587387,2.0247110831551254,0.7747557922266424,,0.482177734375,,1.00234258890328,2000.72268496654,3328.78506430679,0,0e8e423dff61e2b0e9b4937e4ca8e6a2719dbd6d2bc772a6efd35faf56cebe97,bc1f3ccb06a823840be5e40a47276283db193024bc5593029d8a36424a4c4277
24cec9dffe934c958c20,L1,rwm,1,4096,completed,completed,1.2056077499873936,0.6899943749886006,0.4820094588212669,,0.274658203125,,1.01837792272965,711.583286340592,1054.14819221407,0,6080699f9e1f62cd8fc7c2c388736ec040f6a4d6b369a124fb43d49781eace96,4db92acaa5a622e0cb31b6f8b0f73e3c12c10e62ea977e6a58828720d7283edb
c7628f625cf8db4edc5b,L1,mala,1,4096,completed,completed,3.347318665822968,2.4072350000496954,0.8958995409775525,,0.51055908203125,,1.00105468788221,4412.25009555895,5688.07441454203,0,4fcbe74319edf3db0e29605ead487495c802f9e7c359d70b000ce0396b2beb9e,6c623194a3e87157fc7449a29961fa36803f03f3137e8c97bb6e747aec2fa245
4f98cd135c59d20139a2,L1,nuts,1,4096,completed,completed,7.730741749983281,7.657145499950275,,4,,0,1.00052638908108,12891.3222350066,12046.2686445075,0,ac81f881d226e8c627bb6d451f57ff428821e9d4f443aaa02e37c702df363e3d,617568e22ce927bbec12e6de9594b825a99e18fe82a58beefd228a5ef3406296
f7d4231bdc01f3de43a9,M1,rwm,1,4096,completed,completed,1.725637499941513,0.5165482088923454,1.176162458024919,,0.261474609375,,1.74514900985792,4.00782778864971,251.367334201355,1,f0ac6e4336b871ee36e64572a69fd59f8d2cdeae97dd404880dc016eddc939cc,c28139db0b167214be8a51b8d17e3ea487fd4529b33c9348d777f63c055865cf
73c9309ab32bb4a9c221,M1,mala,1,4096,completed,completed,4.411601957865059,1.7994466670788825,2.571441999869421,,0.49127197265625,,1.73311399810754,4.00782778864971,139.959491811041,1,bb3030ac66627f85422191d22c83b1c8544f646036a76d18f92b810ccfa439e7,73a215d283a0a3c88237804f6539ae80ff3f5302c03468a0e7d0a4143f5d1653
456e821457eaafd0aead,M1,nuts,1,4096,completed,completed,6.37423629197292,6.305464583914727,,4,,0,1.73267189989606,4.00782778864971,98.1074731208366,1,9784bef778600f29ffed9a70aa2720128ea13521e1e966bdb2d135f1b8bc81ac,52682c15d04086949a1b49a4301f9a1334919ac04725c66851d32b69e0d500d1
38ca472fd98b2c04fcbf,A1,rwm,1,4096,completed,completed,1.2347112079150975,0.6054971660487354,0.4400138340424746,,0.23565673828125,,1.04709797843699,117.443396615203,237.871489120289,0,426f426e7c3c0d4d5b9c79010e7dc82816f1cce3dcabe9aa1355157d74d1a04a,5b5ffb03ea302267e6ff503f87f2760adcec653cfeedf64e75e03dc84a48c1c6
5bd6b188f36c35f5c407,A1,nuts,1,4096,completed,completed,11.370917750056833,10.862179707968608,,4,,0,1.00021301646295,7390.43667447382,8486.80764681205,0,bc50e330c64dac71a827be7f184390016bd79f011f8ca06e9c3775c9439fd643,4aa24dc48ecffcf86462483c3b9058c869b2256143e6375447b93e44f2df8f93
6736d9aeebba56f5fb85,A1,mala,1,4096,completed,completed,3.085823333123699,2.010773624991998,0.7613138330634683,,0.47283935546875,,1.00196351724778,2135.42548185421,3200.74249059537,0,a40b1bbc1c5aac670855a70c69fa30c0bcc1205d210f2f3d0feb155ec5d3a9a8,23f4404130e857e4e25f229a585ceb0440b7b2fba33d3d678351ee538d66760f
16c937d93be3e5e50217,L2,rwm,1,4096,completed,completed,4.886176999891177,2.0497538328636438,2.7888827498536557,,0.2611083984375,,1.00824913790207,574.214749257306,1212.78613057596,1,12c1fa597a8bfd68554c41f70a183344cc378d939963c0580487f03f49ffba4d,7a7d92dd4793535f7d29e3b501222e21673c7949a5360150c6a2ae9e0783784d
f6cb3beda27c4293d087,L2,nuts,1,4096,completed,completed,10.641098582884297,10.55761649995111,,4,,0,1.00019188241006,27013.3829566542,11820.931976412,1,8ed5b3043812b7294073032e8df46ce10fb1b796a9b839b07e64a80a8bb52ac7,a7c21d1de667832365c2c4357c925355989bd78fa31a72353d2a377897029c11
2a129805aa85dc233bbd,L2,mala,1,4096,completed,completed,18.373424084158614,13.36171737499535,4.944322458002716,,0.490234375,,1.00079191725713,4610.04315597831,6209.17790546232,1,73baec2aadf35114eb57516ad3bb6acd7f1231ffe3df0ce8afc603026c78d786,470da3781312d89ea7002af61140bc6b11131dd5159ffde37874e2ba3d9e12cf
7b2c2439e22d05309d8a,W1,rwm,1,4096,completed,completed,3.1330392081290483,1.5429385830648243,1.5708817499689758,,0.35162353515625,,1.00250935056326,2115.81749208677,2350.48149863627,1,39ef44f16c8ea83d638ad6472ce20300e930fde44b6d7c76daea7d292d122701,479af472a75aad50e9119e517e85bf4431489d7f5791ded67c288072c0b171b4
013765471cffdd3a46ab,W1,nuts,1,4096,completed,completed,5.954360291128978,5.929791708942503,,4,,0,1.00028690131376,13247.5059404736,10736.7905543433,1,68efbf600f8c514f058b0b619659afdea271101ac4ee5716a0dd6f6093770bba,cecfeb682356e6db478116dbdc95cd34b263a15a372753a8a9c66764fd7905c7
83d9c41f8457207761e1,W1,mala,1,4096,completed,completed,12.843013500096276,9.896861624903977,2.923623250098899,,0.549072265625,,1.00052923544355,9095.22846483281,8404.09248713598,1,fd3e6472ce389d3917bd1ebcc3ae215ce2e57d5d438f74b293b863856c7becbf,fafd8bbe8e74070b5d7353a7d97a31ac7bd5ebdc4281b25dd1ce1ea686d2f1f0
15d65b6a38a7e0c3b0bb,H2,mala,1,4096,completed,completed,2.207276958040893,1.7647333750501275,0.39224674995057285,,0.53094482421875,,1.00505771799978,468.939037286802,842.408403670354,0,a8b662d33f2a41575f23b405d19e9a5d7fba06ce58c4d16482a860a00cd2afc1,7882a20783c431e5a7e1178b17c4d5c31d48aa60d7e5b05480205e71ae8b2c7b
4f1928cd10a0f44e4015,H2,nuts,1,4096,completed,completed,6.607496833894402,6.532017332967371,,4,,0,1.0002141852709,7181.6510557777,8844.31401180732,0,fbe0aa22d6608c42b1b4541a8ab9fd52a6090402fe8c3fb9309e76f0c73b1fc4,025d6e62d47291d52882dd1bf39b3db6f68bc9a8d3fc88482eb08b928f9c9fcd
968a55dd772c8f225df7,H2,rwm,1,4096,completed,completed,0.6889427499845624,0.4870696251746267,0.15968229086138308,,0.2872314453125,,1.05421014540439,85.1412087342877,154.294575842668,0,f85916ef2fd648d76c07f2e4b98d3540b84b0fe373aaf2fb2ce4912008ad3c0f,32a7eca1668d8e54801d219c300dc2dd98af3b1957d62dc9a130f75bb3c51b87
eadf3755a2e0df7cd0b1,G1,mala,1,4096,completed,completed,2.0464517078362405,1.5876192499417812,0.41599954199045897,,0.4962158203125,,1.00220534811112,4763.01288894953,3384.20695504063,0,6ff176db77b8fe3ec589f25e3194d1e7d5af9d658b046a55210a1df4f6aa9667,ebf10a50727fa2168ee0f3dea1e93ee47396cf65878d55652477a7f0848f5e04
f09a810cc3c9d17fb384,G1,rwm,1,4096,completed,completed,0.6762859579175711,0.4760612500831485,0.1714700839947909,,0.2674560546875,,1.0063586030107,579.186467655084,1147.73533602357,0,a583b447d721f4b8e0cd28914ae9bc77f6d0091672dac1a7ec0903b5a2ba2408,533343adf0dc3dd30e305d09d0cc3584330be40613bce5f32b1126871009efb8
c4783865a54988b10084,G1,nuts,1,4096,completed,completed,6.0178612500894815,5.95011108298786,,4,,0,1.00075312489337,8157.9379069314,9068.68920608988,0,b2e10d2215fde84b7a889362f46fa55e1d4a404cdcc12e27d803c64945adb77e,901267f44aae768025808850c5474d1779ad0c97da63a392563c876a9dfc9ad9
1ef04f104a12e54ff7ec,H1,rwm,1,4096,completed,completed,0.8115790418814868,0.6029137908481061,0.18253724998794496,,0.09674072265625,,1.23457598181274,13.6189245931805,21.8819963537515,0,639fdd3255057db4be25f11307b5c6dd6a3f2d15de3a30aa9df487b983528ed4,1b94ce98090fa283ec8fd4d5ecadde075243d5b042240c4cd4e728ecb9d9ef7d
c39199fa9fa36eb37a9f,H1,mala,1,4096,completed,completed,3.0118288749363273,2.4592571661341935,0.520741208922118,,0.277099609375,,1.4100371014509,9.49529495356063,4.06341294537589,0,11dc33e6915dc8f13d3cca3f17b4476e23d7afbe569416e5761aee57358efebf,eb18c526372e2372366cec1b73bf879f284f3f546e7793285dc3f167aeb54994
adabe54bbe0ab08a150d,H1,nuts,1,4096,completed,completed,27.114340292057022,27.051758874906227,,4,,54,1.0472495494915,158.852926778989,95.7650167373631,0,18a06e76f103cadd1b9c1a7d431179fbb506528df19f485cd48235adeae26d46,cc937220c109957a1e2859d2c4f0cc396ba65f0d9bedf823b0bbef79e3d3fed9
a8f24ecb9f66b0bdebbb,L1,mala,2,4096,completed,completed,3.328901457833126,2.389595250133425,0.8956944171804935,,0.5150146484375,,1.00130588668563,4406.33530145641,5570.56585614142,0,222e75ccca9f5f8e44bd1fca2f20abdd1b3605ba1a8308abe11e2ede161af4fe,0564cde4e78a789c3f3e15f3523730098f731f6b44e6e9dd3d4cdc2bea981ac7
5edbbe7ad3c2b4bd5119,L1,rwm,2,4096,completed,completed,1.1974888329859823,0.6923836669884622,0.4743812498636544,,0.27484130859375,,1.00409125118165,659.488247561613,1026.28824832568,0,8ec63f3b8303db93c796d5d26b2dfa9e4ad0150412dec6dcc48ed857eb3e0414,c6169ea16f5f1c08beca2d0279f110e428123a63c6ba3ca1dc6a98f0cfda0e81
4bfe570b97ba96016465,L1,nuts,2,4096,completed,completed,7.716441415948793,7.649375749984756,,4,,0,1.0008288555315,13562.4895185441,12290.0145039035,0,118d61d8fc882f5d3c0eacb2cbc6a690d65101d040257260d791ad8ccc23c59a,aff58c2223b4117a4847fb8b6e5937be3e05a951bea559d1a2dd027159e45cc8
1fa5101f11ffe0e80d25,L2,rwm,2,4096,completed,completed,4.928011165931821,2.0606776250060648,2.817999124992639,,0.269287109375,,1.00731402919821,664.040317868034,1215.75557601288,1,338533bfc5db27c7b478fdef0b7c27f7f3ecab87d6a82708f35bf4d3e1295289,f7da0deadafd94de6a32faf59b39947ddac4b0536fff59f089940ee864973628
ef93a480632425ac283f,L2,nuts,2,4096,completed,completed,10.384864374995232,10.302378833992407,,4,,0,1.00034120238939,26427.2369758256,12572.4483551534,1,752eaf334014dbadbbf9159ffe99ec44b30c8a4e92b012603bf5411bd7e82d2c,42aeb0fadf2d082b6e7664d77bd27002c1100d093854301a52b82e39243a4c81
d60c96a14320e18618da,L2,mala,2,4096,completed,completed,18.234175249934196,13.242754207924008,4.9294548749458045,,0.4976806640625,,1.00235238758301,4790.08706378385,5595.1561860238,1,ea822c836a5b550003b25ea243ac80d8a62685b6fc346a0e4e2f2835f44d0461,33cf1cfc134758d0b5f69a7349d10778becc319314dc825db84c55a3c51da814
4dc55fe41afd7ee147b2,H1,mala,2,4096,failed,unavailable,2.9719242909923196,,,,,,,,,,68821b9b9795e4b40a0a990a2bdaeecbb1ad2af896b6390d94e1bdfc1f5f9234,236070bcec88182cb17e0f3b2a7c4331b162e07a4786c1830514050b740634c2
149091f563848c46542e,H1,rwm,2,4096,completed,completed,0.7930038750637323,0.591600792016834,0.17835766612552106,,0.113037109375,,1.16167225562121,20.3957023090837,14.1552373345436,0,e13c9a26d42449f67aaae24d7aaced497fe6a19a1da61693d453a783b778b03d,d4c496e15adc5f44a177956d0f6f5b818c738abaa22b113608787fbbbfe2e782
68d2d749a5dfb8b5c5b8,H1,nuts,2,4096,completed,completed,31.19374500005506,31.133266166085377,,4,,1111,1.05625211459,71.7366402125342,53.1749057327731,0,3f30fd0888e6ee4d5c667727d2642d1edf010fc7a9154de19562cbc958126606,8d5e57d3061442502041a512ff4026fef7de87855e73d2ec961281b21cc5212b
7383e8231a5e277dbd00,G2,rwm,2,4096,completed,completed,1.2342676671687514,0.6034002499654889,0.4353922500740737,,0.22998046875,,1.04015836038754,81.1338041926061,182.794188010793,0,ceff70a4909ec2b5e74509ba20fa467ebc61ecb292391ccc26cbb39ed9e35772,115f6dcd5c1738467052e9b712a68364a2a033cd932ae1b51f9cf7e4b2b32b32
b562416e17b32e65ec82,G2,nuts,2,4096,completed,completed,11.943658124888316,11.457558041904122,,4,,0,1.00046761435047,7560.11142249875,8764.90392392007,0,5a1c48e9cf4b38c514310c2e0f32c80f079d26d344efcf7b37327d02edf369db,248219bc7c2ab4bf6bb74b2333024903cf46074fcd254555d04c6bcf19324139
eabf7092d20701d6e671,G2,mala,2,4096,completed,completed,3.0835184580646455,2.0110599999316037,0.7766933750826865,,0.4835205078125,,1.00224987891207,1937.1734191513,3235.71118134557,0,9bb78ce0ea5c7603bcce27a3df07c1d430774df2ae38edcc248fd46949a4d531,8054f386f76f2e89370deed2cb8725de6ffa84c1d74b7d4709ccc23ce441cda3
f73b85a1731438eba82c,W1,nuts,2,4096,completed,completed,6.2254185420461,6.198227875167504,,4,,0,1.00061041593514,12371.7599592702,9917.52000307136,1,6b7bb0cca1933eb622f1b4e3b1f32a6362af9164ec19d2748562f75a46926bd8,bf58aae15da5d9b99d507bbe69ada8fc309b610252768fb9519a7e95ad46319c
91c62c5c3f30ba648ef8,W1,rwm,2,4096,completed,completed,3.181935125030577,1.5983505418989807,1.5641572908498347,,0.35235595703125,,1.00352752879865,2146.86082799309,2777.16652213527,1,b0f3ef1931166a5117f11bb7444590ed8583403e985c89c1811c3049a7f33b50,d6f927da7e5bae7372743635f61d32a04b05227ffdf46e80447c781ec477624b
cbc1022cef6ecbb9b17c,W1,mala,2,4096,completed,completed,12.887988083995879,9.949000834021717,2.915755083085969,,0.55157470703125,,1.00193149896001,9377.16129919587,8526.53447535512,1,856dcd611122b62d66f6af72f1899607b18c8af674fc1b1c4f61fac79cd1e870,e5482f4c96b13d4c1b3dc5c648855f559f47b1760acf30afa424a6643aad2e76
836c3578dbd9d2a1cc1c,H2,nuts,2,4096,completed,completed,6.6606361251324415,6.5857857500668615,,4,,0,1.00010692046408,7214.83575201908,8513.05296412284,0,c7f445cccb0e21917a93cc6ee08c3e5460644c00ec2f4a16399991c03e377a7d,1eae757e51aaccccf294c834d84d12d076c7a293a89d72637b8b5178d37bbec7
c64bac27fefbe4dd7670,H2,mala,2,4096,completed,completed,2.233439957955852,1.7892766250297427,0.39166379207745194,,0.5186767578125,,1.00673991169252,497.324906974355,833.189761812332,0,92b3a350f94672aa7bd95dfabafa472c17bd2633631c0785b99c233ae863388b,9f28b6146dae94a9fed29486115f7260652cf17ed72273518cb9b600abf2fff6
867c8b3c03e2c6fc2539,H2,rwm,2,4096,completed,completed,0.6976746250875294,0.5022885832004249,0.16092941584065557,,0.2847900390625,,1.06705212256949,88.830649791365,282.146869548557,0,aaf9ddf5e55bfaad72a0b30a6c5a4b14ea7014c25c4be4289d569eee483715f9,08b477e3aa43089b331f2f802e4873dcf6131572ab6f52d22bcc929837c6281b
0cbea4e902292cce50ac,A1,nuts,2,4096,completed,completed,11.351158790988848,10.840680791065097,,4,,0,1.00016826985893,7727.75605678529,8848.57347406841,0,56eac73ed677a4c005f259b1a6790a6ec99e80dd1c319b379134ea16b6446bd9,259e85d231859916101f816795fa1ba0dcc9ade1d3ba211d4ac87e42365ab2c8
9e4a1f50e7e1f508bb57,A1,rwm,2,4096,completed,completed,1.241967999842018,0.6189509578980505,0.4279575829859823,,0.234130859375,,1.07845970237254,74.3181355115135,204.260681964583,0,02639fdd6445386689afd7b73e598937080474631ba77d2e2b9b80736daeb3e8,cfc7fa7a2fdcc95658bfc4b0a20044dde529bc3d1220c0b7b8b0f56e806a3f1e
bb929315fecdbc04370f,A1,mala,2,4096,completed,completed,3.1732576249632984,2.0942373748403043,0.7881332498509437,,0.478515625,,1.00314595275259,1839.09751488145,3445.43884012693,0,a2a9b37448a25c4c2d86133979cffb0fe44b9b12dbaf908a1c8b85b22c350008,baf060a9973f9048add769ebf04fddf0f79278e88ca3acc7c0fd1334a449b1ab
ce94def4d8933d088666,M1,mala,2,4096,completed,completed,4.3911098330281675,1.811030250042677,2.5357909169979393,,0.50115966796875,,1.73410337862976,4.00782778864971,142.20288978905,1,9ea4b0382c2ad7ee8d30ac39b3e4ff5812fdcd83f100ecf76bf0f6e6c66164c8,6c1c617f3a00181a46a45cf263d9799c17c610368340a2055baad232cc729f68
3019417582025709472f,M1,rwm,2,4096,completed,completed,1.7273656660690904,0.5313049999531358,1.1679256248753518,,0.259521484375,,1.74408059576865,4.00782778864971,374.265110690869,1,ad00a7f835c96bf8c838b489d76e3c15a7b062c6ec3c7f267d7d7f627d539adf,d51ae9787c675494768d3a1e97326547ce0e35e314ad206d8ba3e0319ebb4a2c
268be6d1cff251276366,M1,nuts,2,4096,completed,completed,6.452606082893908,6.38796199997887,,4,,0,1.73289940298034,4.00782778864971,92.9627130636348,1,19089e59d4395a42432e56a17445c55dc5f0d02b8352589dd9060bb97d18c38b,eeb070ddb3f9a5984dfbeb59f4e0abe6569aeb442d40b03bbdb228f5523743dd
4df1e30ff8dcde3c5f57,G1,rwm,2,4096,completed,completed,0.6773098330013454,0.47353729186579585,0.16999295796267688,,0.2674560546875,,1.00441294896081,624.065783344118,1077.50506526251,0,73bbf9dd822645dd27f5dc19cae79d9c6f89f1a6d7c76e2338fa3065c386fafe,25aaae64926c84b3bee64499ebd59eea8b39b0afe119823a380e1f0f63b565d2
97691c635485e888fdd6,G1,nuts,2,4096,completed,completed,6.013451958075166,5.939677083166316,,4,,0,1.00020875746018,8079.34729446983,8826.17520853542,0,a171ab8ba95375c59d3d208a2989903da2eb57836d7e4cb3f39e6d077fd6b393,529ad8d7dcfa7fed5a2ee2df5caff6cdf6f1740a1fa1bb40c73c18e90c89d64e
93e62e85151e592fb2c8,G1,mala,2,4096,completed,completed,2.092823750106618,1.6149216250050813,0.4317897919099778,,0.49658203125,,1.00082985185052,4685.01572934324,3475.61198340591,0,3885612616dd7ccf3d6ee2b7e06b860d6e77ae14deffe67f519fb04b6e69dce4,14da8213218c7522db65c8e22621f13baa225d1ccc17d61e52af20ad959b6a0c
72e4bcdf564e28814b1a,A1,mala,3,4096,completed,completed,3.177906666882336,2.089972957968712,0.7870330000296235,,0.47357177734375,,1.00315231170658,1777.92701441549,2849.94966719839,0,ffa5d876b11ad206e8e8b51504d7746474229aa4eed5fd42adc28e410485deb6,a18b53bd6e6f96f200b6aa3219a4c70bcdfaa4ff69a0a9fb145f9552b94c5ae2
86454f772b8114b24c73,A1,rwm,3,4096,completed,completed,1.2167472501751035,0.5913663750980049,0.4412784168962389,,0.22967529296875,,1.02703682427348,106.457469053059,351.112919764901,0,b69744e88eb99b9be18d71ee2fa0b611e13a3f035df0692a3e3d588fa0d96100,8295bd1ddac567f1224a5fcbab309bd651891ce319fc48e0eabfba6852e70f4b
ac06d697113041f29614,A1,nuts,3,4096,completed,completed,11.361690582940355,10.860156584065408,,4,,0,1.00042599816549,7488.10504270607,8647.75427520285,0,ba5214a2d5ca9edb756346e75ff328f7309781ce21133acd09a479d5bbb615d7,117ec91a241f8fd951cb596c690277f5b2c7ab9329b6e9807d198fd2c4d7060c
206262ba57c619298a51,L1,rwm,3,4096,completed,completed,1.1858521660324186,0.6889961250126362,0.46333320811390877,,0.2784423828125,,1.01164849667504,611.037272225773,965.01976329398,0,5b9f400485fa4e9e208ab5a834a5937b6b9274e021e9e5141b6f3643117135d6,90e8157af0d6988db94fe4eb2ff6a89990ec780c6f04bfa9f1e25ca3b2d53337
c2d8e05587c8d8d04ea1,L1,mala,3,4096,completed,completed,3.3678034159820527,2.4243297909852117,0.8960607501212507,,0.52728271484375,,1.00092455604073,4470.321561859,5781.5609189663,0,23cbab4a29d3dac897ac301d3ef8ca435500f8eb6a3f702c9be827965c946bf5,01167b4364b680f2356a072a00ec8c6969487ccad83bed37e10f876200d1065e
96b326306b6e70d8dddf,L1,nuts,3,4096,completed,completed,7.580644708126783,7.510822792071849,,4,,0,1.00031987681868,13148.4266879391,12375.7628825315,0,df565208c3ab7685cf476b0b02503adb006ae612b227a15e4afbf7cf4da3e5d8,e7609191a76a80bfa5e3cca3f2e8e18f31f5da3829e41bb8bcd01fd23e7de5d7
c849564308539f7b1ec9,G2,mala,3,4096,completed,completed,3.2250129589810967,2.065721624996513,0.8012266249861568,,0.47882080078125,,1.00135909367049,1967.47878427409,3092.16628458449,0,2f131e7bf722dd5573082d2d0d55f06d37847dcc1497cd9beb8456292b12c114,8be93d99dd35731a7408758cd867a52fae3c41fb46bd904a4c656e161a6425d9
fc9f722b654e20428a5b,G2,nuts,3,4096,completed,completed,11.553281832952052,11.056160415988415,,4,,0,1.00046487684708,7796.50011378942,8472.95314119773,0,37bc3cbffc8c92b7defc549843e6f92d3676c3c6425b669d32eb5d1bde73f453,7c35a905eefe5d915db822cfe4ebb372fb00492ad5526f54257a4d134b18a7bd
825c36a40ba4efcfc451,G2,rwm,3,4096,completed,completed,1.2192917079664767,0.6007946250028908,0.43743887497112155,,0.2320556640625,,1.04879853064064,74.657475891194,151.605290611299,0,033385333888951b2830602aba59d0b5559eda3f42c091b302a610a6619ab8cc,42d050ef5be92784f9d55afceb2ab0172f08c107aa61504f3998c751ec9d4a4d
2bedb4b27bfbdb21cc65,L2,mala,3,4096,completed,completed,18.28753170813434,13.292964667081833,4.931396792177111,,0.49566650390625,,1.00052273352116,4641.36527304569,5501.14921279548,1,1c12d9117c3a8a6abcac6dc753ae0e1f8e612a4047670599beb384aba86fd462,12e9e07368e09cdeb4f5d5254221a64aca7c1c8c6ef1331ed8088724c610528c
b1f8a799d1b2815dffa1,L2,rwm,3,4096,completed,completed,4.934513584012166,2.0493159170728177,2.8359036250039935,,0.26544189453125,,1.00572657318227,581.626258632156,1050.10555420065,1,a4764d9c2cc529875edac5b4e4153921b426899788f8118e7b4952bd3eda3258,56bd9db4867a7e8ec6dfbd68cd4b7f4ebd0e04a1bc5d3d982ce1397b747c87c0
522203c71ed72acd4c80,L2,nuts,3,4096,completed,completed,10.713247458217666,10.628850040957332,,4,,0,1.00035998271878,27569.370336404,11623.1278708072,1,4a0789c15a48550146b4356b75fe119bf12d668903dedb775e16fb96a109b83d,35c2284941eb0838ff7a1ec3946aee4a54a5d548c00c2007ea1778dd31eab919
c4f4c554020690ef3477,M1,nuts,3,4096,completed,completed,9.759947791928425,9.683244209038094,,4,,0,1.52780895936,4.00782778864971,26.5486667099672,1,cbd2aa75626341166d13da1ff01529b1e4bdf1aaa2b1e818d1aba2c8923faba0,a751df71fc9681096a7a12a2f4650d659cdedc8298714e015b95752b9fcc0075
a27bfb9538a8ebe7c223,M1,rwm,3,4096,completed,completed,1.706300999969244,0.5253602920565754,1.150433334056288,,0.26568603515625,,1.73542801578462,4.00782778864971,160.335332324846,1,7af07d60191b391ba97591efaf2a4928cc1156d63adb17bdbb613fcaa94e989b,89418ea6cced417e92561cec3c52e30536827acb7c8e309abb27aa905694fad0
a6049e7d4e7a9ef8c5bd,M1,mala,3,4096,completed,completed,4.391880166949704,1.8003722089342773,2.5528324579354376,,0.50091552734375,,1.73294193339859,4.00782778864971,140.062539864113,1,f8ce1689b3396260831e0c440461cac7ec9725d05135f79b53aa62901ca5c2c4,2543e78e0e7cc9bdf7732aae9bca5bf93965efe33355fa44ea44ab9b320c8d90
0da3a28de9d0f49360a7,H1,mala,3,4096,completed,completed,2.974414790980518,2.436545707983896,0.5156380000989884,,0.09814453125,,4.23311339260796,4.97175428534346,4.0089699683115,0,5fdf5328213c054dbd35acdb797c3946f208deaf70f6d293d0255b3a3d786c71,9b4329d627f791da8483bf6fc9f4171f525739b2a68ce34e9760635615d9b3e8
ed9eb82ee59ced41fd37,H1,rwm,3,4096,completed,completed,0.8149204158689827,0.6069888330530375,0.18301620916463435,,0.1337890625,,1.30808593266997,10.8920913541017,21.7154036329012,0,e1a27f2b7a78ffaa376aa0869cc52472b56211d9552044c48f96eb4e183e0957,46f582cd814dcc8df1e289eb97c45de7d76630181c067f19ac009176f52bd22a
305a8551d4a8409646f6,H1,nuts,3,4096,completed,completed,49.653334624832496,49.584487959044054,,4,,24,1.0456060169372,94.516521315075,123.348659260959,0,1211ac5eedb2bc0d3c94bece39ac18e7e103fa9695fc070ac7676138a46972c1,882f2ed70f9627365305501b604f188860ae70a0fec650823d41744a5da56e33
6fc5c2d46876f312bc4e,G1,mala,3,4096,completed,completed,2.0740381670184433,1.6242391669657081,0.40542262489907444,,0.491943359375,,1.00075209004844,4685.53753220066,4130.34740641158,0,e900be18871d17c093b08277b515d34ec6f1a0e8fc6ab54e7971e0da20784be2,6bdf0cbd48ba88449dbe15fe9cb92f699995f3cbea8006b143dab7ccda3863c4
086636c58682a1a4c0eb,G1,rwm,3,4096,completed,completed,0.677002124954015,0.47595145809464157,0.17147558322176337,,0.26513671875,,1.00798754569498,694.564589713817,1289.52026658057,0,700e7dcf966c0087b0003574762228043a1f9b4930ef1a04b9afd57cf18188be,782a3bd3141d3b9cf281d61d136f687e564029eafdd44406546a4d27834c15f3
f754a934a0dca44d20ea,G1,nuts,3,4096,completed,completed,6.102359166834503,6.030918958131224,,4,,0,1.00007568528137,8066.3130980445,9426.31557505683,0,8985fb0668cdd7f772dd5936c15659f11f60f3b45e033d245a21fad80f7181e2,a09a935c443e4b859a9045daeaa51b4f85ac3f3e916fccb1430564de4534dd3f
7e1236aaf967e7a07f26,H2,rwm,3,4096,completed,completed,0.6871573750395328,0.4856941248290241,0.16400024993345141,,0.279296875,,1.03830818749393,102.72848762993,235.65229351723,0,3cf440e3ed8a465e62db8cc46bbab2574478ed4fafca5b29484ed4349d4c289f,9b20af01213aca82f26ce79ffb7023c3ad23f956230dc03b25551f51a549109a
2f62ccae45d37820c812,H2,mala,3,4096,completed,completed,2.177641666959971,1.7425240830052644,0.38699479191564023,,0.52545166015625,,1.00439609430078,370.611996884751,824.933986323543,0,b6d6fb77e7ec82a5422ca048b47cb7e892f6fc3f705b5d1a53997c1d117fd881,3e45f6d65dc5c3e09f96421c7499a0488487ca13f52384477cceb25abc6ac9a6
9ffadfb844c20bc14fb3,H2,nuts,3,4096,completed,completed,6.540812375023961,6.467078291811049,,4,,0,1.00040371789564,8159.44312006338,9467.36336612339,0,da01e6dbb6c411d6a0782a46256f03fc5613bfbdcc9a17b8d59c39254d688510,7d199e71a60e6b2caea0b6bd9e982c9e09b68829b725da5d4b4bc4f2db424c36
9a42c14b634b148a6e8c,W1,rwm,3,4096,completed,completed,3.1800977089442313,1.588455833029002,1.571395041886717,,0.349609375,,1.00185585601015,1963.34398446535,2189.85940149411,1,1e8bf015beff54d383dcf8d7ce6eb77abf7bc108dbf56c871cddcae413353bf7,845e837dcc474f88c2ffd6851a035506a869f812481b0e7528926bd9f00fc29e
471af89b5938311cd63f,W1,nuts,3,4096,completed,completed,6.042365416884422,6.016195334028453,,4,,0,1.000636292864,14182.3988421347,10708.8581189827,1,0ea517ecb0abe5453081ec53c03f7dd6ba0d565bcb9d8f130ab6aae37de31b83,18d38a7a1c4a9a4bcd576dcb75c4c5dd1f7d6500055cd7bbbf197acb3cfac7d9
8c61b0d3e06370f1262b,W1,mala,3,4096,completed,completed,12.816967708989978,9.894964833045378,2.898103917017579,,0.54888916015625,,1.00097771893374,9580.00811816662,9224.96974919407,1,95c3b0474954df08b966458ebe899ee368ded16ea26bc336f9fd5f49c3bbf92d,1efcadbf5042d52aa0e8cc60dba419c507eeeb3527ed5c1d033115229de4728f
