figure,panel,purpose,review,qualification
G1/execution-costs.pdf,a,prepared_executor_cost,inspected; no blocking layout issue,"Point and interval marks remain within axes; legend/labels readable. Overlapping artificial values are preserved. Artificial scalar data, not research results."
G1/execution-costs.pdf,b,ordinary_workflow_cost,inspected; no blocking layout issue,"Missing ordinary cost points remain absent with paired counts and stars. Artificial scalar data, not research results."
G1/execution-costs.pdf,c,research_audit_cost,inspected; no blocking layout issue,"Point and interval marks remain within axes; legend/labels readable. Overlapping artificial values are preserved. Artificial scalar data, not research results."
G1/inference-0.pdf,a,fixed_budget_error_cost,inspected; no blocking layout issue,"Point and interval marks remain within axes; legend/labels readable. Overlapping artificial values are preserved. Artificial scalar data, not research results."
G1/inference-0.pdf,b,paired_loss_difference,inspected; no blocking layout issue,"Point and interval marks remain within axes; legend/labels readable. Overlapping artificial values are preserved. Artificial scalar data, not research results."
G1/inference-1.pdf,a,fixed_budget_error_cost,inspected; no blocking layout issue,"Point and interval marks remain within axes; legend/labels readable. Overlapping artificial values are preserved. Artificial scalar data, not research results."
G1/inference-1.pdf,b,paired_loss_difference,inspected; no blocking layout issue,"Point and interval marks remain within axes; legend/labels readable. Overlapping artificial values are preserved. Artificial scalar data, not research results."
G1/inference-2.pdf,a,fixed_budget_error_cost,inspected; no blocking layout issue,"Point and interval marks remain within axes; legend/labels readable. Overlapping artificial values are preserved. Artificial scalar data, not research results."
G1/inference-2.pdf,b,paired_loss_difference,inspected; no blocking layout issue,"Point and interval marks remain within axes; legend/labels readable. Overlapping artificial values are preserved. Artificial scalar data, not research results."
G2/execution-costs.pdf,a,prepared_executor_cost,inspected; no blocking layout issue,"Point and interval marks remain within axes; legend/labels readable. Overlapping artificial values are preserved. Artificial scalar data, not research results."
G2/execution-costs.pdf,b,ordinary_workflow_cost,inspected; no blocking layout issue,"Missing ordinary cost points remain absent with paired counts and stars. Artificial scalar data, not research results."
G2/execution-costs.pdf,c,research_audit_cost,inspected; no blocking layout issue,"Point and interval marks remain within axes; legend/labels readable. Overlapping artificial values are preserved. Artificial scalar data, not research results."
G2/inference-0.pdf,a,fixed_budget_error_cost,inspected; no blocking layout issue,"Point and interval marks remain within axes; legend/labels readable. Overlapping artificial values are preserved. Artificial scalar data, not research results."
G2/inference-0.pdf,b,paired_loss_difference,inspected; no blocking layout issue,"Point and interval marks remain within axes; legend/labels readable. Overlapping artificial values are preserved. Artificial scalar data, not research results."
G2/inference-1.pdf,a,fixed_budget_error_cost,inspected; no blocking layout issue,"Point and interval marks remain within axes; legend/labels readable. Overlapping artificial values are preserved. Artificial scalar data, not research results."
G2/inference-1.pdf,b,paired_loss_difference,inspected; no blocking layout issue,"Point and interval marks remain within axes; legend/labels readable. Overlapping artificial values are preserved. Artificial scalar data, not research results."
G2/inference-2.pdf,a,fixed_budget_error_cost,inspected; no blocking layout issue,"Point and interval marks remain within axes; legend/labels readable. Overlapping artificial values are preserved. Artificial scalar data, not research results."
G2/inference-2.pdf,b,paired_loss_difference,inspected; no blocking layout issue,"Point and interval marks remain within axes; legend/labels readable. Overlapping artificial values are preserved. Artificial scalar data, not research results."
A1/execution-costs.pdf,a,prepared_executor_cost,inspected; no blocking layout issue,"Point and interval marks remain within axes; legend/labels readable. Overlapping artificial values are preserved. Artificial scalar data, not research results."
A1/execution-costs.pdf,b,ordinary_workflow_cost,inspected; no blocking layout issue,"Missing ordinary cost points remain absent with paired counts and stars. Artificial scalar data, not research results."
A1/execution-costs.pdf,c,research_audit_cost,inspected; no blocking layout issue,"Point and interval marks remain within axes; legend/labels readable. Overlapping artificial values are preserved. Artificial scalar data, not research results."
A1/inference-0.pdf,a,fixed_budget_error_cost,inspected; no blocking layout issue,"Point and interval marks remain within axes; legend/labels readable. Overlapping artificial values are preserved. Artificial scalar data, not research results."
A1/inference-0.pdf,b,paired_loss_difference,inspected; no blocking layout issue,"Point and interval marks remain within axes; legend/labels readable. Overlapping artificial values are preserved. Artificial scalar data, not research results."
A1/inference-1.pdf,a,fixed_budget_error_cost,inspected; no blocking layout issue,"Point and interval marks remain within axes; legend/labels readable. Overlapping artificial values are preserved. Artificial scalar data, not research results."
A1/inference-1.pdf,b,paired_loss_difference,inspected; no blocking layout issue,"Point and interval marks remain within axes; legend/labels readable. Overlapping artificial values are preserved. Artificial scalar data, not research results."
A1/inference-2.pdf,a,fixed_budget_error_cost,inspected; no blocking layout issue,"Point and interval marks remain within axes; legend/labels readable. Overlapping artificial values are preserved. Artificial scalar data, not research results."
A1/inference-2.pdf,b,paired_loss_difference,inspected; no blocking layout issue,"Point and interval marks remain within axes; legend/labels readable. Overlapping artificial values are preserved. Artificial scalar data, not research results."
L1/execution-costs.pdf,a,prepared_executor_cost,inspected; no blocking layout issue,"Point and interval marks remain within axes; legend/labels readable. Overlapping artificial values are preserved. Artificial scalar data, not research results."
L1/execution-costs.pdf,b,ordinary_workflow_cost,inspected; no blocking layout issue,"Missing ordinary cost points remain absent with paired counts and stars. Artificial scalar data, not research results."
L1/execution-costs.pdf,c,research_audit_cost,inspected; no blocking layout issue,"Point and interval marks remain within axes; legend/labels readable. Overlapping artificial values are preserved. Artificial scalar data, not research results."
L1/inference-0.pdf,a,fixed_budget_error_cost,inspected; no blocking layout issue,"Point and interval marks remain within axes; legend/labels readable. Overlapping artificial values are preserved. Artificial scalar data, not research results."
L1/inference-0.pdf,b,paired_loss_difference,inspected; no blocking layout issue,"Point and interval marks remain within axes; legend/labels readable. Overlapping artificial values are preserved. Artificial scalar data, not research results."
L1/inference-1.pdf,a,fixed_budget_error_cost,inspected; no blocking layout issue,"Point and interval marks remain within axes; legend/labels readable. Overlapping artificial values are preserved. Artificial scalar data, not research results."
L1/inference-1.pdf,b,paired_loss_difference,inspected; no blocking layout issue,"Point and interval marks remain within axes; legend/labels readable. Overlapping artificial values are preserved. Artificial scalar data, not research results."
L1/inference-2.pdf,a,fixed_budget_error_cost,inspected; no blocking layout issue,"Point and interval marks remain within axes; legend/labels readable. Overlapping artificial values are preserved. Artificial scalar data, not research results."
L1/inference-2.pdf,b,paired_loss_difference,inspected; no blocking layout issue,"Point and interval marks remain within axes; legend/labels readable. Overlapping artificial values are preserved. Artificial scalar data, not research results."
L1/inference-3.pdf,a,fixed_budget_error_cost,inspected; no blocking layout issue,"Point and interval marks remain within axes; legend/labels readable. Overlapping artificial values are preserved. Artificial scalar data, not research results."
L1/inference-3.pdf,b,paired_loss_difference,inspected; no blocking layout issue,"Point and interval marks remain within axes; legend/labels readable. Overlapping artificial values are preserved. Artificial scalar data, not research results."
L2/execution-costs.pdf,a,prepared_executor_cost,inspected; no blocking layout issue,"Point and interval marks remain within axes; legend/labels readable. Overlapping artificial values are preserved. Artificial scalar data, not research results."
L2/execution-costs.pdf,b,ordinary_workflow_cost,inspected; no blocking layout issue,"Missing ordinary cost points remain absent with paired counts and stars. Artificial scalar data, not research results."
L2/execution-costs.pdf,c,research_audit_cost,inspected; no blocking layout issue,"Point and interval marks remain within axes; legend/labels readable. Overlapping artificial values are preserved. Artificial scalar data, not research results."
L2/inference-0.pdf,a,fixed_budget_error_cost,inspected; no blocking layout issue,"Point and interval marks remain within axes; legend/labels readable. Overlapping artificial values are preserved. Artificial scalar data, not research results."
L2/inference-0.pdf,b,paired_loss_difference,inspected; no blocking layout issue,"Point and interval marks remain within axes; legend/labels readable. Overlapping artificial values are preserved. Artificial scalar data, not research results."
L2/inference-1.pdf,a,fixed_budget_error_cost,inspected; no blocking layout issue,"Point and interval marks remain within axes; legend/labels readable. Overlapping artificial values are preserved. Artificial scalar data, not research results."
L2/inference-1.pdf,b,paired_loss_difference,inspected; no blocking layout issue,"Point and interval marks remain within axes; legend/labels readable. Overlapping artificial values are preserved. Artificial scalar data, not research results."
L2/inference-2.pdf,a,fixed_budget_error_cost,inspected; no blocking layout issue,"Point and interval marks remain within axes; legend/labels readable. Overlapping artificial values are preserved. Artificial scalar data, not research results."
L2/inference-2.pdf,b,paired_loss_difference,inspected; no blocking layout issue,"Point and interval marks remain within axes; legend/labels readable. Overlapping artificial values are preserved. Artificial scalar data, not research results."
L2/inference-3.pdf,a,fixed_budget_error_cost,inspected; no blocking layout issue,"Unresolved L2 sign reference: no plotted point; reason/counts retained. Artificial scalar data, not research results."
L2/inference-3.pdf,b,paired_loss_difference,inspected; no blocking layout issue,"Unresolved L2 sign reference: no plotted point; reason/counts retained. Artificial scalar data, not research results."
H1/execution-costs.pdf,a,prepared_executor_cost,inspected; no blocking layout issue,"Point and interval marks remain within axes; legend/labels readable. Overlapping artificial values are preserved. Artificial scalar data, not research results."
H1/execution-costs.pdf,b,ordinary_workflow_cost,inspected; no blocking layout issue,"Missing ordinary cost points remain absent with paired counts and stars. Artificial scalar data, not research results."
H1/execution-costs.pdf,c,research_audit_cost,inspected; no blocking layout issue,"Point and interval marks remain within axes; legend/labels readable. Overlapping artificial values are preserved. Artificial scalar data, not research results."
H1/inference-0.pdf,a,fixed_budget_error_cost,inspected; no blocking layout issue,"Point and interval marks remain within axes; legend/labels readable. Overlapping artificial values are preserved. Artificial scalar data, not research results."
H1/inference-0.pdf,b,paired_loss_difference,inspected; no blocking layout issue,"Point and interval marks remain within axes; legend/labels readable. Overlapping artificial values are preserved. Artificial scalar data, not research results."
H1/inference-1.pdf,a,fixed_budget_error_cost,inspected; no blocking layout issue,"Point and interval marks remain within axes; legend/labels readable. Overlapping artificial values are preserved. Artificial scalar data, not research results."
H1/inference-1.pdf,b,paired_loss_difference,inspected; no blocking layout issue,"Point and interval marks remain within axes; legend/labels readable. Overlapping artificial values are preserved. Artificial scalar data, not research results."
H1/inference-2.pdf,a,fixed_budget_error_cost,inspected; no blocking layout issue,"Point and interval marks remain within axes; legend/labels readable. Overlapping artificial values are preserved. Artificial scalar data, not research results."
H1/inference-2.pdf,b,paired_loss_difference,inspected; no blocking layout issue,"Point and interval marks remain within axes; legend/labels readable. Overlapping artificial values are preserved. Artificial scalar data, not research results."
H1/inference-3.pdf,a,fixed_budget_error_cost,inspected; no blocking layout issue,"Point and interval marks remain within axes; legend/labels readable. Overlapping artificial values are preserved. Artificial scalar data, not research results."
H1/inference-3.pdf,b,paired_loss_difference,inspected; no blocking layout issue,"Point and interval marks remain within axes; legend/labels readable. Overlapping artificial values are preserved. Artificial scalar data, not research results."
H2/execution-costs.pdf,a,prepared_executor_cost,inspected; no blocking layout issue,"Point and interval marks remain within axes; legend/labels readable. Overlapping artificial values are preserved. Artificial scalar data, not research results."
H2/execution-costs.pdf,b,ordinary_workflow_cost,inspected; no blocking layout issue,"Missing ordinary cost points remain absent with paired counts and stars. Artificial scalar data, not research results."
H2/execution-costs.pdf,c,research_audit_cost,inspected; no blocking layout issue,"Point and interval marks remain within axes; legend/labels readable. Overlapping artificial values are preserved. Artificial scalar data, not research results."
H2/inference-0.pdf,a,fixed_budget_error_cost,inspected; no blocking layout issue,"Point and interval marks remain within axes; legend/labels readable. Overlapping artificial values are preserved. Artificial scalar data, not research results."
H2/inference-0.pdf,b,paired_loss_difference,inspected; no blocking layout issue,"Point and interval marks remain within axes; legend/labels readable. Overlapping artificial values are preserved. Artificial scalar data, not research results."
H2/inference-1.pdf,a,fixed_budget_error_cost,inspected; no blocking layout issue,"Point and interval marks remain within axes; legend/labels readable. Overlapping artificial values are preserved. Artificial scalar data, not research results."
H2/inference-1.pdf,b,paired_loss_difference,inspected; no blocking layout issue,"Point and interval marks remain within axes; legend/labels readable. Overlapping artificial values are preserved. Artificial scalar data, not research results."
H2/inference-2.pdf,a,fixed_budget_error_cost,inspected; no blocking layout issue,"Point and interval marks remain within axes; legend/labels readable. Overlapping artificial values are preserved. Artificial scalar data, not research results."
H2/inference-2.pdf,b,paired_loss_difference,inspected; no blocking layout issue,"Point and interval marks remain within axes; legend/labels readable. Overlapping artificial values are preserved. Artificial scalar data, not research results."
H2/inference-3.pdf,a,fixed_budget_error_cost,inspected; no blocking layout issue,"Point and interval marks remain within axes; legend/labels readable. Overlapping artificial values are preserved. Artificial scalar data, not research results."
H2/inference-3.pdf,b,paired_loss_difference,inspected; no blocking layout issue,"Point and interval marks remain within axes; legend/labels readable. Overlapping artificial values are preserved. Artificial scalar data, not research results."
M1/execution-costs.pdf,a,prepared_executor_cost,inspected; no blocking layout issue,"Point and interval marks remain within axes; legend/labels readable. Overlapping artificial values are preserved. Artificial scalar data, not research results."
M1/execution-costs.pdf,b,ordinary_workflow_cost,inspected; no blocking layout issue,"Missing ordinary cost points remain absent with paired counts and stars. Artificial scalar data, not research results."
M1/execution-costs.pdf,c,research_audit_cost,inspected; no blocking layout issue,"Point and interval marks remain within axes; legend/labels readable. Overlapping artificial values are preserved. Artificial scalar data, not research results."
M1/inference-0.pdf,a,fixed_budget_error_cost,inspected; no blocking layout issue,"Point and interval marks remain within axes; legend/labels readable. Overlapping artificial values are preserved. Artificial scalar data, not research results."
M1/inference-0.pdf,b,paired_loss_difference,inspected; no blocking layout issue,"Point and interval marks remain within axes; legend/labels readable. Overlapping artificial values are preserved. Artificial scalar data, not research results."
M1/inference-1.pdf,a,fixed_budget_error_cost,inspected; no blocking layout issue,"Constant M1 sign loss retained; no artificial interval width. Artificial scalar data, not research results."
M1/inference-1.pdf,b,paired_loss_difference,inspected; no blocking layout issue,"Constant M1 sign loss retained; no artificial interval width. Artificial scalar data, not research results."
M1/inference-2.pdf,a,fixed_budget_error_cost,inspected; no blocking layout issue,"Point and interval marks remain within axes; legend/labels readable. Overlapping artificial values are preserved. Artificial scalar data, not research results."
M1/inference-2.pdf,b,paired_loss_difference,inspected; no blocking layout issue,"Point and interval marks remain within axes; legend/labels readable. Overlapping artificial values are preserved. Artificial scalar data, not research results."
M1/inference-3.pdf,a,fixed_budget_error_cost,inspected; no blocking layout issue,"Point and interval marks remain within axes; legend/labels readable. Overlapping artificial values are preserved. Artificial scalar data, not research results."
M1/inference-3.pdf,b,paired_loss_difference,inspected; no blocking layout issue,"Point and interval marks remain within axes; legend/labels readable. Overlapping artificial values are preserved. Artificial scalar data, not research results."
W1/execution-costs.pdf,a,prepared_executor_cost,inspected; no blocking layout issue,"Point and interval marks remain within axes; legend/labels readable. Overlapping artificial values are preserved. Artificial scalar data, not research results."
W1/execution-costs.pdf,b,ordinary_workflow_cost,inspected; no blocking layout issue,"Missing ordinary cost points remain absent with paired counts and stars. Artificial scalar data, not research results."
W1/execution-costs.pdf,c,research_audit_cost,inspected; no blocking layout issue,"Point and interval marks remain within axes; legend/labels readable. Overlapping artificial values are preserved. Artificial scalar data, not research results."
W1/inference-0.pdf,a,fixed_budget_error_cost,inspected; no blocking layout issue,"Point and interval marks remain within axes; legend/labels readable. Overlapping artificial values are preserved. Artificial scalar data, not research results."
W1/inference-0.pdf,b,paired_loss_difference,inspected; no blocking layout issue,"Point and interval marks remain within axes; legend/labels readable. Overlapping artificial values are preserved. Artificial scalar data, not research results."
W1/inference-1.pdf,a,fixed_budget_error_cost,inspected; no blocking layout issue,"Point and interval marks remain within axes; legend/labels readable. Overlapping artificial values are preserved. Artificial scalar data, not research results."
W1/inference-1.pdf,b,paired_loss_difference,inspected; no blocking layout issue,"Point and interval marks remain within axes; legend/labels readable. Overlapping artificial values are preserved. Artificial scalar data, not research results."
W1/inference-2.pdf,a,fixed_budget_error_cost,inspected; no blocking layout issue,"Point and interval marks remain within axes; legend/labels readable. Overlapping artificial values are preserved. Artificial scalar data, not research results."
W1/inference-2.pdf,b,paired_loss_difference,inspected; no blocking layout issue,"Point and interval marks remain within axes; legend/labels readable. Overlapping artificial values are preserved. Artificial scalar data, not research results."
W1/inference-3.pdf,a,fixed_budget_error_cost,inspected; no blocking layout issue,"Point and interval marks remain within axes; legend/labels readable. Overlapping artificial values are preserved. Artificial scalar data, not research results."
W1/inference-3.pdf,b,paired_loss_difference,inspected; no blocking layout issue,"Point and interval marks remain within axes; legend/labels readable. Overlapping artificial values are preserved. Artificial scalar data, not research results."
W1/inference-4.pdf,a,fixed_budget_error_cost,inspected; no blocking layout issue,"Point and interval marks remain within axes; legend/labels readable. Overlapping artificial values are preserved. Artificial scalar data, not research results."
W1/inference-4.pdf,b,paired_loss_difference,inspected; no blocking layout issue,"Point and interval marks remain within axes; legend/labels readable. Overlapping artificial values are preserved. Artificial scalar data, not research results."
W1/inference-5.pdf,a,fixed_budget_error_cost,inspected; no blocking layout issue,"Point and interval marks remain within axes; legend/labels readable. Overlapping artificial values are preserved. Artificial scalar data, not research results."
W1/inference-5.pdf,b,paired_loss_difference,inspected; no blocking layout issue,"Point and interval marks remain within axes; legend/labels readable. Overlapping artificial values are preserved. Artificial scalar data, not research results."
W1/inference-6.pdf,a,fixed_budget_error_cost,inspected; no blocking layout issue,"Point and interval marks remain within axes; legend/labels readable. Overlapping artificial values are preserved. Artificial scalar data, not research results."
W1/inference-6.pdf,b,paired_loss_difference,inspected; no blocking layout issue,"Point and interval marks remain within axes; legend/labels readable. Overlapping artificial values are preserved. Artificial scalar data, not research results."
