workflow,budget,available_cache_points,available_range,complete_executor_seconds,confidence_interval,execution_outcome_counts,interval_status,known_executor_seconds,mean_cached_seconds,per_input_seconds,planned_inputs,samples_eligible,task_outcome_counts
cpu-mala-quasi_deer,1024,4,"[11.296002499992028,14.348815500001365]",217.74109849999695,,"{""valid"":16}",descriptive_four_inputs_no_interval,217.74109849999695,13.441794724998545,"{""0"":11.296002499992028,""16"":13.908588799997233,""23"":14.213772100003553,""8"":14.348815500001365}",4,False,"{""measurement_available"":4}"
cpu-mala-quasi_deer,4096,4,"[33.52014530001907,42.86069160000079]",643.7384125999961,,"{""valid"":16}",descriptive_four_inputs_no_interval,643.7384125999961,40.11152132500547,"{""0"":33.52014530001907,""16"":42.38326280000183,""23"":41.68198560000019,""8"":42.86069160000079}",4,False,"{""measurement_available"":4}"
cpu-mala-sequential,1024,4,"[1.4066799000138417,1.7188152999951853]",28.21928379997553,,"{""valid"":16}",descriptive_four_inputs_no_interval,28.21928379997553,1.6317687500013562,"{""0"":1.4066799000138417,""16"":1.7188152999951853,""23"":1.7041354999964824,""8"":1.6974442999999155}",4,False,"{""measurement_available"":4}"
cpu-mala-sequential,4096,4,"[4.150512500025798,5.1127746000001935]",79.31107579997115,,"{""valid"":16}",descriptive_four_inputs_no_interval,79.31107579997115,4.819499600006111,"{""0"":4.150512500025798,""16"":5.008282299997518,""23"":5.006429000000935,""8"":5.1127746000001935}",4,False,"{""measurement_available"":4}"
cpu-rwm-online_picard,1024,4,"[0.17625170000064827,0.19509520000428893]",2.920754999948258,,"{""valid"":16}",descriptive_four_inputs_no_interval,2.920754999948258,0.18363910001016848,"{""0"":0.1840187000343576,""16"":0.1791908000013791,""23"":0.19509520000428893,""8"":0.17625170000064827}",4,False,"{""measurement_available"":4}"
cpu-rwm-online_picard,4096,4,"[0.5603479000274092,0.703172600005928]",9.794848200004708,,"{""valid"":16}",descriptive_four_inputs_no_interval,9.794848200004708,0.647555725006896,"{""0"":0.5603479000274092,""16"":0.6459896999949706,""23"":0.703172600005928,""8"":0.6807126999992761}",4,False,"{""measurement_available"":4}"
cpu-rwm-sequential,1024,4,"[0.36376239999663085,0.41232360000140034]",6.1844284000617336,,"{""valid"":16}",descriptive_four_inputs_no_interval,6.1844284000617336,0.39866210000036517,"{""0"":0.36376239999663085,""16"":0.41232360000140034,""23"":0.4068429000035394,""8"":0.4117194999998901}",4,False,"{""measurement_available"":4}"
cpu-rwm-sequential,4096,4,"[1.0540967999841087,1.3936786999984179]",20.1955938000101,,"{""valid"":16}",descriptive_four_inputs_no_interval,20.1955938000101,1.3001157999965471,"{""0"":1.0540967999841087,""16"":1.379973200004315,""23"":1.3936786999984179,""8"":1.372714499999347}",4,False,"{""measurement_available"":4}"
cuda-mala-quasi_deer,1024,4,"[14.033180999998876,20.961744499996712]",277.5494128999235,,"{""valid"":16}",descriptive_four_inputs_no_interval,277.5494128999235,17.06440757499786,"{""0"":16.892489599995315,""16"":14.033180999998876,""23"":20.961744499996712,""8"":16.37021520000053}",4,False,"{""measurement_available"":4}"
cuda-mala-quasi_deer,4096,4,"[43.30399820000093,62.46296859999711]",876.9232131999815,,"{""valid"":16}",descriptive_four_inputs_no_interval,876.9232131999815,54.630297350005094,"{""0"":51.02014550002059,""16"":61.73407710000174,""23"":62.46296859999711,""8"":43.30399820000093}",4,False,"{""measurement_available"":4}"
cuda-mala-sequential,1024,4,"[3.3284313999993174,5.47559110000293]",72.0565465000127,,"{""valid"":16}",descriptive_four_inputs_no_interval,72.0565465000127,4.336693225003273,"{""0"":4.469622900011018,""16"":5.47559110000293,""23"":4.073127499999828,""8"":3.3284313999993174}",4,False,"{""measurement_available"":4}"
cuda-mala-sequential,4096,4,"[11.498157600000923,17.272120900001028]",217.07793910003238,,"{""valid"":16}",descriptive_four_inputs_no_interval,217.07793910003238,13.44519239999363,"{""0"":12.611397699976806,""16"":17.272120900001028,""23"":12.399093399995763,""8"":11.498157600000923}",4,False,"{""measurement_available"":4}"
cuda-rwm-online_picard,1024,4,"[0.32407270005205646,0.34811050000280375]",6.044128500092484,,"{""valid"":16}",descriptive_four_inputs_no_interval,6.044128500092484,0.3381046250133295,"{""0"":0.32407270005205646,""16"":0.33783499999844935,""23"":0.34811050000280375,""8"":0.34240030000000843}",4,False,"{""measurement_available"":4}"
cuda-rwm-online_picard,4096,4,"[1.1926441000032355,1.3739581000008911]",20.372658199918078,,"{""valid"":16}",descriptive_four_inputs_no_interval,20.372658199918078,1.312464125006045,"{""0"":1.3470166000188328,""16"":1.3362377000012202,""23"":1.1926441000032355,""8"":1.3739581000008911}",4,False,"{""measurement_available"":4}"
cuda-rwm-sequential,1024,4,"[1.011029100001906,1.8332182000012835]",20.919007400072587,,"{""valid"":16}",descriptive_four_inputs_no_interval,20.919007400072587,1.3459528500043234,"{""0"":1.3966965000145137,""16"":1.8332182000012835,""23"":1.011029100001906,""8"":1.1428675999995903}",4,False,"{""measurement_available"":4}"
cuda-rwm-sequential,4096,4,"[3.4030626000021584,4.625792500002717]",66.31433810010458,,"{""valid"":16}",descriptive_four_inputs_no_interval,66.31433810010458,3.984847300002457,"{""0"":3.4030626000021584,""16"":4.503603000004659,""23"":4.625792500002717,""8"":3.4069311000002926}",4,False,"{""measurement_available"":4}"
