device,kernel,model,draws,replicate,sequential_task,parallel_task,sequential_seconds,parallel_seconds,ratio
cpu,rwm,L2,512,0,6adbc6a5dce848a0db938eab5d1fe5a229fcad9f9619c06134bf72d9e01cc164,00a209ae93228cfcb086b9057587ba850133b7305e039a89aa15772ad8a9c263,0.3867371499654837,0.24214485002448782,1.5971314274343371
cuda,rwm,G1,512,1,fb887c72585f58c175d35baaba135e4115c90ea67c1e5bb587b76f479c0454a9,028e474083c68e5915994341bcd4d586f9e6c3050e9db658a34259a565db9551,0.2938457000418566,0.20895215001655743,1.4062822517910067
cpu,rwm,G2,512,3,7584e5d3a2a20528b7c08aa902bb69aa0af9d4216d0b9545e885f76ab6662d3a,02e5df4214fc737feed77b8634f5a9c9c12277d5ea649c958ba875cbf3b86261,0.11958704999415204,0.03739324997877702,3.198091903271983
cuda,mala,H2,512,1,4b92262c1b502e33a4bb2b5992a6f04e23568474f13245ec3cb9db3b5d88f378,03681d431e27b587babbb21fb8132c47ca334e7e8f4ad8630886959fe706703d,1.1026095499983057,2.3304312499822117,0.4731354121717695
cuda,mala,A1,128,0,df34a53c32668fd850112fe5a958b6856243663a92247be7aa42abfe30fc70c9,037e5762715a2712778f22747e12fdc3a25b7eb15b43445f63232d2436442f73,0.25037944997893646,1.5351521500269882,0.16309748188447298
cpu,mala,A1,128,2,68dd7f837d036116193df9201b59a1b1fe587e9ca8d0178c67dd372de272ba9a,04bec5b947c7413c439d638b64dbbe0655d7f1b0719f8931439f3319c2f92486,0.10940294997999445,0.9897614999790676,0.11053465908939497
cuda,mala,A1,512,3,f11935e524164e1d399ddbdf05d49f888143909b3a4f1eefd8b51ee1512cf2ae,05d81b7573e224f8a9597c165ba2bd26584f8ea3f9fdef87c0eccf9fe823114a,1.1142216999433003,6.20064265007386,0.17969455148814747
cpu,mala,H1,512,2,1780b3da877f7183c51438ca981396b42555839eb13847c1242198693f6343ff,05de88270a5c40088961c6ed88d540908ccb9110b14e318e6e8415a9865f6a97,0.5001824500504881,2.832414499949664,0.1765922502018603
cuda,mala,G1,128,0,7f30566a576a074aa5d2c4311c3c4eed4ac52c10e5c1c3c16d169aa4dde0063e,069383af5eab8027044a6fadcdc1904ecc65fc30d465e0d8af735e23519ef5c8,0.2521505000186153,0.6746693499735557,0.373739373262619
cuda,rwm,G1,128,3,5e47e93b2616ca4f2649d1b103179f15d8a7b6135b87ce43aa3a9ebd66e4bac2,07139fc09f8843aa0c04eab7380aec1a9a183a4bc0d604d40d9b7e598b3527be,0.06891699996776879,0.09730999998282641,0.7082211486993267
cuda,mala,H1,512,1,8cf452db6bbfcaad20df9a82fa464f70912cf139eb3d934a76c18c3ba455dc62,08109909d71f85da5fa85c9e9a2565fd4f398f812947f100feb2a2437e76aa23,1.6491411000024527,6.286955899966415,0.2623115425402081
cuda,rwm,H1,128,1,d217f8e9977787cc6a9eb0febe1304e0b32758e48bfbc5ee538f08c7c981bfad,08e66b7ab94a464933f69a1104e9d689179083ae2e571cb724b8b76c5d20b9ff,0.11048820003634319,0.055482600000686944,1.9914027106692045
cuda,rwm,M1,128,2,91254de542a2f1521493ce73bc8bee99821dc7e6b1b6c46ea4529dd61f41d876,098000c2eba664541980abc631fb566408c0777e21a63b1e0f2bfc9c3ec0fbdb,0.09870765003142878,0.052491850045043975,1.8804376288266922
cpu,mala,L1,512,2,5ae69564f9c51d407cf55620946523f7209d7b122cfd6bace735d533025dfb49,0a3872d6c8868a054142cdb17a6cf52f9aacf9a6216eb45513ecfd51e5ca45b0,0.5849687999580055,4.81200199999148,0.12156453799458962
cpu,rwm,L1,128,0,e7d9a173927a7f31ba2c321e9aeffc2cd508be9d2319d11dd3d507363aec45a5,0ac989244667556e29bff090cb9717f2cab31892baf16c3d7c236ab30d6274df,0.03669565002201125,0.04268874996341765,0.8596093831151717
cuda,mala,G2,512,0,d75e3cda9ecb0325cdd558ce3afc1afa81dec89c172a3aee94b7d2a081f2ce9f,0af0a888f4a75346cbdac27b3bed6a44272cbfdab27141951c849b5e8712ec44,1.1003526000422426,4.7227346500149,0.23299056194884274
cpu,mala,G1,128,2,a51f9fad95007bccb305815acf718ef7e8102af4c4e9246de05603dc72334b91,0b6198ee3f67db84852a7d24c39f9834ceef8a20e3e693a9514561d3b071436e,0.0753784499829635,0.37382644991157576,0.2016402263691972
cpu,rwm,L2,128,1,99f24536b77baebb41680cffed7dda0854140f056281e57bb60f3856a523436e,0be9fdbfed06bd8d36d3146e3bc16150083fb6406620bbb2c1d28b358a145386,0.09918484999798238,0.048350650060456246,2.0513653875173246
cpu,rwm,L1,512,1,33b68a35cce18b7538da8051183ad89f8a73adaa2d8e25aadfa32abcdff6dae0,0c33ba321567fb0bf9946e0b5d4feab71f35bc6fd3a17a3ef93660eb344b667e,0.1456497999606654,0.18454275000840425,0.789246935758963
cuda,rwm,G2,512,2,79edafbbbc8f91f90987bd15481fa37bbf9e0392c67307e6d0cc3190b37e3ada,0e73d40098415a4df7acbac9087f236615b1c15e6ec869924dbc27f844f629ee,0.30066745000658557,0.07527165004285052,3.9944315002450734
cuda,mala,M1,512,1,b4d5d80a00077e0eff86918b47da5a64012ba83dec0ddce2a61e665195ee1d97,0e76d2cd8de57fa9fd04a24ec56c9bec80bdef90e46c328972ef0eb9311fd0db,1.4308968499535695,2.8459292500047013,0.50278721790122
cpu,rwm,L1,128,2,ad926482ac9ba3420fac1b6327f69b6ea1baa85aee09ca52f1d5acd216978357,0f0e1ca240fa4e7b1424b0157f3a3e355378378c234312f2e8f2aa265005345d,0.03821389999939129,0.04024025006219745,0.9496437010288423
cuda,mala,H2,512,2,db19227cdaca66a37d7d89fe4ea8da7fa0b9a1c11f140be68476563896c795a9,0f5cf4e49d4ed0f6b62a6b97fdaeb109b64627c48814ab859b20b41e752f0329,1.120326450036373,2.448556150018703,0.4575457458991967
cpu,rwm,H2,512,2,b6693f2e584dd6b7e3df5b9c73594989969674933456fb2803298f082b120560,10a82a977dd335ad459b0e10b5ee59648f1685215e867c1e8243f4a3ce819ede,0.11520534998271614,0.08123080001678318,1.4182471422036156
cuda,mala,G2,128,2,5e3bc6f231d4eba6ddad4d23f3f471f8e2f5b41be8cc27d00ead4cca339a8291,11d0924153017fdacd9086db78e77a5daa22ca9587c983aa00042b7efcf7a22b,0.27553324995096773,1.2303723500226624,0.22394297949388461
cpu,mala,H2,128,0,23ded168b7d8005800ac95275c6a5cb0f599bd9eab27f54c68ccfb4e372c41d6,13903bcb0ad62bdd0777a551e4c4404beb002148d5b2ad332dc8e5c12080953c,0.10852624999824911,0.30716860003303736,0.3533116665784739
cpu,mala,M1,512,1,daae0b7e66519a10d5d2834c52f3a625a69c47c27e4921b1f916c3e7d49350a8,14fe39362be6f5c5a577557e7c6e6573f5db2e6f2e0592b4828c5fbf30980a49,0.3521384500199929,1.561080600018613,0.2255735226072211
cuda,rwm,M1,512,0,8da8850f628e88ca1ad8dbc0d366569306c641ab299bc66deef1b0a0672be071,1518099120a1475075687bb220871031b4ebff1311b45f43afcd464a51acf477,0.3553278999752365,0.2120002000592649,1.6760734182133044
cuda,rwm,H1,128,2,41917909261da4e3767a604f6c5f581ac59e6ebbdaa23e34fd6f2553bae13f0b,160fe2b0dddd8637d994aea44fb1eb2eb9a7dae4cc5148fc2bf4fbb7d4980b29,0.09956719999900088,0.05221440002787858,1.9068915844257417
cpu,mala,G2,128,3,c4f2dc9b97807b52c0f10c671c9c165652da43e4f146a8defbd0159529a01314,16b2fc125df8f524ee87c0ba6036cfaf9fcd6b8bbd4e47d082b6748afc0a6713,0.09964420000324026,0.739692599978298,0.13471028371267166
cpu,rwm,G1,128,0,225a374219c254febf3ed990b551168f3e0130927368f765220f32a14f0d42c2,17acd2769cb4d1b5412174115e2cd2ccf7cc5d79e59b7495ef043477db5bffc7,0.020569399988744408,0.02336094999918714,0.8805035749599281
cpu,rwm,H2,512,1,543b80eeb1212d100aee6c95b7ec0a97a32bcf21f6c57bc152da2eea58652a36,1906d1058d077dbdda69a768b746ceac2a35748bd8b4db937069e776cc95c0da,0.113319149997551,0.08144864998757839,1.3912956201831843
cuda,mala,L2,512,3,401b0b606230b19767bbc1b72dc8d26c3a03f1768e8be5a8f38e097af2f65ff8,1d39e72e284a1cd4a5dd896bdfa8a71a9f2b540f4751f87e5f65e21b40c16493,1.4334824500256218,7.43971424998017,0.19267977261753602
cpu,mala,A1,128,3,8bb95ad113698a8aa443084b916769644ca5cb2d2803149eea4c582833f17286,1d911dc051436fe43efb8af74391d00262cf254cc6af40b29760880f230d2b8d,0.09996454993961379,0.9601933499798179,0.1041087713653869
cuda,rwm,M1,128,0,63025ab5a9cdc8945e61781f60823bf119c682362c4928a4a661ef5fa6e6bfec,1e26dfe30e92e5a2aad6ec1ded200fe474381fc2427c9ce008b30bc204313c72,0.08357545005856082,0.05935019999742508,1.408174699700873
cpu,rwm,L1,128,3,960a614f4b0331a97ae5aef544f1a1bb86b4da668e960e5f554bae33a793b963,1e366f2086f79636530ae7b0160a37241e9d0a4bf8dc79a34ee0e09da5048a45,0.039802499988581985,0.04630049999104813,0.8596559431599554
cpu,mala,G2,128,2,f0a7fec16e4b78f166c7b76d36b5e9a874d1792a10740fe9f6207db918b37b67,1e7aa8a68792bf3e7dc050746d336962d9c4047f701162562eb787151b8f2a6e,0.09616979997372255,0.7112104999832809,0.13521988212488892
cpu,rwm,G2,128,3,12fba53432fc8e9fc63904409a85e9671689ea535593ad633e249428f2f79656,1eb243786654d791ad912b2026e71b313679b7586647e8f4823800de483a3b97,0.02445024996995926,0.010145700012799352,2.409912567798569
cpu,mala,G2,512,0,ee27d1fe6d6e1b33e49bcd7c6ea4363e142238bbf8245f576e7205a54f72e8e0,1f136e8d91669812afcd22893af8cdb0bd9822d8683e77e8c265543ed5b72d4f,0.3969441500958055,2.9048918999615125,0.13664678885333553
cpu,rwm,H1,512,3,5e4c983ae3c9a457b4ccacf50fad97bd423b07f554cd23bc8d580624c3ecf08f,1f7e568bd91b728a3a7dce52fd98a60ac66177aa5051f77aa62ed2c057f11aeb,0.11277070001233369,0.0736140999943018,1.531917119424986
cuda,rwm,H1,512,0,2e74d43eb6fd94fce86f687c39c13c525935be5df993f54f6ff5540452cacb37,24b8731b472c6c25bb21b02a4b03bfa8cee143a5f3c7285f740976eb31ea0d89,0.36643615004140884,0.2442649999866262,1.5001582300430747
cpu,mala,G2,512,1,fae2df9ca4237e5d46c805a801d3bd3f677243ab87992d0d907df5287b75d4f1,26fb043a45a4ca3542330d6c295aee80c3181357ae46945b9204ebd86766965a,0.4189476500614546,2.9377468999591656,0.14260849022333338
cpu,mala,G2,512,2,c00a2549547f64e3e84ab91c23e4c2fcb19bea95898b6b75b7713939752fd5ca,285644d1c560cfdc0f976826c69ab840e5fdd415cc3cf603cf7940eef475dc58,0.37832725001499057,2.934576650033705,0.12892055486458168
cpu,mala,L2,128,2,77080e7bc79fd092333e7276325c9568be295957806c796a1d9df30a2d4e0177,2980af6c6c22b18b4b4bdb7bcfc56b80b68cc8d3300176bd2b64117bf793f9d6,0.2790837499778718,2.2541214999509975,0.12381042902254329
cuda,rwm,G1,128,0,a056c34fa9af3874b6e00ae50df32b1c1197bc820f0f215513b5de75c6139236,2bf6a553846f4b5e8b9d27bce72df5bd8fd4e21e1e8f70878011606fef07edbe,0.07086839992552996,0.05629510007565841,1.2588733269909034
cuda,mala,L2,128,0,b30be66e29f157489266308c718a234bc0fae925110a7d5388f84212683f27e9,2cabd88c39fef50761b335bc46f10362e6085e537c7fa2e20e6d6dd6b67c7c31,0.3650434000301175,1.938989699992817,0.18826474427969875
cuda,mala,L1,128,2,5ea407b44a626c0dfbfa32b3ef328a064652abd1d5ad36ff93ee0e029350c316,2d9cc6c651fd050210e93c3b053bf80f63ddbc9b20ecb572dc4eb157378e8a61,0.3831687999772839,1.6031068499432877,0.2390163824643623
cpu,mala,L1,512,0,5c5e12673d63c1a303f1a60edd4fa1f2191f0fee75a5dacdcd47991954fc6091,2fff9e2e54f499b1b68ebbf316b34664663cb1b2a0ce5c61eacaf7c254e08892,0.5679629000369459,4.7680872999480926,0.11911755475683698
cuda,mala,L1,128,3,4c50511cae0932ab529054eb9ce97835e8c7b83ee281a1026c559305a2721e54,302d50b311d13d1dc9cb9aec10550c49111e3cfb565571123f85a233d4cd445b,0.3456974999862723,1.647182100045029,0.20987205966894731
cuda,rwm,L1,128,3,77ef8b87e270ea94b59abb0ab5335b2f225be803164dfbcda5fea30d2215532b,34061c2f6a4bd5ce2f85766173c172e32ee8eb4b636cc015299470da9f1a323f,0.08710354997310787,0.05388689995743334,1.6164141942088563
cuda,rwm,M1,512,3,5907e507ab97202d217121e2e9a2c48810bbb8a34db5288488947ef8782d25fd,3635fff3f7394b81ff0b70efc9ffd72a87a98784a8640c794b587713dd0222fa,0.3342169500538148,0.2705089999944903,1.235511388015268
cpu,mala,A1,512,0,19bc65e49d4814f242e3a7b014f4e148554be6674daca00233c6a4304ac65266,371a2398b528feb05a511d2a34234bde526a14977200c542af49fd96649fdd4a,0.3915699500357732,3.9168943500262685,0.09996949497326808
cpu,rwm,M1,128,1,096b6f864ac2323520580c968acf3f3775cdd137a316bfcb89f7cd3aff367c58,38282d4403dff551392cb78e51ab0cc6e157af19db85ea1aa89464fb8237dc43,0.022412899939808995,0.02175880002323538,1.0300613965786314
cuda,mala,M1,512,0,1de0ebcb7d11347da9ecdfa7525bb3422dd8cd9405d312dc818806a7a9ccfce7,3859796abe3657f714873718d0bb4c4dc2f53995879f7093768062cdd3864083,1.2995677499566227,2.6588462999789044,0.48877129526702373
cuda,mala,L2,512,1,c6d37a35d249d4d335241cffbbcdaa4223891b3a47306352be52d59933a9cfdd,390ddc95e917264b72344d14e09ff40142695d2db8a9942104004dbcef7c3a9c,1.3905481000547297,7.111943199997768,0.19552294794131175
cpu,rwm,A1,128,2,d0e73763f37aef8e44ece60111f1ca3fb7de0d271261b354c465f66e3967897b,3a4d2dc5c3d564fe5f0bb2fdbf20b3a4a01403a559e9eccd57fecb750cb932e2,0.027261750015895814,0.00844359997427091,3.2286880120999357
cuda,rwm,L2,512,0,e27cbfcbe90a8d9ab31672dd1d6c7a5a44b33f610fd780deda4c4e9153817504,3aae045bcdc8751a794079e48f064ecf88a6eb8d34d2c14070d1a79833d13bc9,0.4171441500657238,0.15051654999842867,2.7714171635616056
cuda,mala,G1,512,3,50ee67a08f43559171fc35d63bbac4e7f551b61b7e48a46c0739438e8629bb33,3bcd7e2480818ea83fbb9d152161718efedc2396cf0eb94754d06c09c79310ef,1.0335951999295503,2.7009230500552803,0.38268220929448377
cuda,mala,H1,128,2,2bbe5523f3913fa1d99d2e24f8cdc3def94db86f9b71cf51b93ddc2f73908d83,3c5f6c1d5ad114bc5428e97781cd57a51acd89f76b2bd0d6152a0da569e01b92,0.4170186499832198,1.328811100043822,0.3138283913864561
cuda,rwm,G1,512,3,cb99d3ecd20cfd634d9d0733051e15c942358cdf4bc48fdaaf992c22d952fb52,3c9f43da21fc971dd1bf1b05fe1a8a316233b5cf9639f9eb23a15e1d7f190884,0.2919569999794476,0.2164655000087805,1.3487461048878684
cpu,mala,G2,128,0,9d0fd1984c940d249e4d8dfa1dbc5932d78276611a158eff21b384183b2f7d1f,3d5438a45cda02c317588e9c2a2168e69a00267e6c06676e8dc1edc7b1f63074,0.10281765001127496,0.741914700018242,0.13858419304637973
cuda,mala,G2,128,3,0dbe14738746f59fb79d027cd01934476d44a3390718e4ca2ae27ec9649d2abf,3dd3c139aead9a6b6526639e2d040b560b917d5b2d4fb7f977c8aa357e219c3f,0.24748199997702613,1.116901999921538,0.2215789746946569
cpu,mala,A1,128,1,a9fa4aca7cb5f0ce6e07492409954a6ef73ee2b84b533d48118614bc298dc158,3f67642f4159961d9abf62ad18e8645a6be15e6a1ca35da7bd63d425fa69fa02,0.09924259997205809,0.9679138500359841,0.10253247225294747
cuda,mala,L2,512,2,45151f7f4b19df9abdfa599a5ec2d0c99340fe4ea9d0b13196a7b59ea2182e0f,3fd28edf31676bf8cc80226c2ec6ffc96ff43daf2d37b68c7ec1e4aaaea7ab95,1.3933047000318766,7.274886549974326,0.19152253309528156
cuda,rwm,G1,128,2,c5db16fbe43fa217639edb5c392971507e04227205e3e4340e76ae7572f3ed9c,44b4f12cad7cab50673a93b13a4c3b015f3e416524eec462d02947c9e50a9eb7,0.07551935006631538,0.08080679993145168,0.9345667707467487
cuda,mala,H1,512,2,e7fb7f9dd72528a381958a9c68bcc1b6029e7ffc02c5039e7dd47a0201f4e015,458b413d76daa4270b3b32dcba2066a9cea87338c62671e0ccc7397f73ebdc69,1.5478499500313774,6.144861450069584,0.2518933848400845
cuda,rwm,G1,128,1,8f75177895c5302a7c021d85accad53a68e29276280a9919d54fb61fa5a73cc0,460dd49e1290aba916beedca4ec8dbbf3e8a038c3ee704387c3a2f895a5b1dd5,0.07775769999716431,0.05602334998548031,1.3879516311915825
cpu,rwm,H2,128,1,4a7877ba224c5db4cbe9da2ccb7008137b77b4b91613caf1b48dfb8b03cd94a8,46985f2013c0716447b57bc284ad3d3b73a1ec692ae8a4253561388a40ec4788,0.027868100034538656,0.02067795005859807,1.3477206374696151
cpu,mala,H1,128,1,f579e27b26b3b247eb3a8ca0f303d07b5e40284a8a8dc352e1810cdc26f5a54c,48393f8070c6966949ba73e706828b197d3401a9c7b92d1a57bd6f1a8dfada37,0.1255322999204509,0.6078526999917813,0.20651763152840846
cuda,rwm,L2,512,2,0942c526405b7b56c3d439f8f7c57f1dad645336216e5d74c1890818c7978dbf,49675e688ddd110a0cd1b23bed649a20acc0ac270113f5f5ab0c9862161e722b,0.3764904499403201,0.1595633999677375,2.3595038086205458
cuda,mala,L1,512,1,aec0f5eb7f270e1a1a9478053d32678ea6a728dcea3c300250a302ea6478b282,4a51d625a26e949155fec2f0131aa4a56908d55a4242f0bb4811f8bc492feecb,1.5963420500047505,6.727058049989864,0.23730166116333062
cpu,mala,H2,128,2,e9ccc6d2b6035b1c617648dc658c559cb03ac5a749b602ea390d952ff57456cb,4a7fcd502b54a3bd3bb7bbb2ea5c56ae21cf9fa134421ba9e7c7bad03b0ebccf,0.11036970000714064,0.3062220999854617,0.36042369251723044
cpu,mala,G2,512,3,c0dec057809eed441c361c68951c9251dc10295cd7e16cc510329716b0f609a9,4ad4f84bb44d1abebe883d6703320f79761ea35558acf2523dc0ae607ef5c9c2,0.4375560999615118,2.9176152999862097,0.14997045702481063
cpu,mala,L1,128,0,27cbf3822f05c7b2ecec689ff991de48c285814fbc00b55db2c1e38e1d4f253b,4c39afaae342d8430f558f1b77916c1139a06b240c025396ab511c064988ec39,0.14789530000416562,1.2023758500581607,0.12300255364993543
cuda,mala,A1,128,1,3e190dc52f78723efac407dc75bc3384b41ee7c068e8f4506cf7f19ad480ae62,4d3f51efc49e232f9fdc275882c6c413bcf69a375850a9e88a5dc24ed5d714ad,0.2527278999914415,1.5291833499795757,0.1652698481152159
cpu,mala,L1,512,3,10386a1c0657e31d80df8433aa57e44ccbfc7e1083d1ad5e04e8025c999e1163,4e4c98a261ff22fad80788519e7130cac96c87c2843c12e6a3e6744d4c815c6b,0.5843578500207514,4.777297649998218,0.12231974912029385
cpu,mala,L1,128,2,761ed53f2b6a4cecb5a79a53e9335f8f904fd3458987350de130ec3935a95557,4ea9788f0a6e013e7e48ed9eca352374311121c770eb18908c2e7def396a15f9,0.14621565002016723,1.212864900007844,0.12055394629626236
cuda,rwm,H2,128,0,42450319b1e21431ffbb901025daa334f58d252a251a70a1de03cfce8cd7fd89,4f96166fb912d1f0b2723b72f84333327446e8a7c8630184a43005aa27741eba,0.08467985002789646,0.05826635000994429,1.4533234021599808
cpu,rwm,H1,128,1,5c595c548ebf0dbb8cb95d52741e6c3d0c7054f82ae13e365b89a629cf983bbd,501fc784c76eb9c7b3dd975e7daae27526af8001684e50345983747527c75d39,0.037603250006213784,0.022075600048992783,1.7033851819547465
cuda,rwm,G1,512,0,9af9b51fc25af6456fe0c5e8e92e77580900f96f58d540d4c1301904219360da,5022405ded35dc59774563d513c1796ac0a9136dde655eae941c8ce653629af3,0.2624174500233494,0.20206039998447523,1.298707960805341
cuda,rwm,M1,512,2,9b3d30dbd87c01e7fd54529bcba29d62fce1fefe67ea81981e86f1825f89fd5c,50410b00c5d5248b9e122a85b7113b678ae1391c66516c1cce000e71659e347e,0.40302630001679063,0.289274450042285,1.3932315832175217
cpu,rwm,H2,512,3,e134691aa461969b1fda891a8279f2cfd5a09a7bea354fb796c7b64e050d48e8,522205a579ad0031ffe0a2126e89f3eb9624789b0c7fb61afe6a633095cdcb99,0.11933520005550236,0.08623389998683706,1.3838548421643686
cuda,mala,H1,512,0,76f34a7ce08e618962a73a82fca87c059b2e58f34220640116b236d01f2eccb3,5280720f823ea7fd9e787283bd119407910aedf8ae9e14f83b927397677d2d31,1.5344685500022024,5.357205800013617,0.2864307639624937
cuda,mala,L1,512,3,5cc025e8f7e6b76294cd12cbb720f3b9b0a6131aed1cb4fe0d95d8422c00c8bd,5284ada9f06b7ce60c22201c6615189b319d7f14e439c66d69cd707e7174ebde,1.4281075499602593,6.677322550036479,0.21387427958717636
cuda,mala,L2,128,3,f82adcdd269d54862bc2b74821cd10c090f3c27d27b8f90adc7e8aeb17dc7ede,52926c22344df3e1c794118de8c47c0cf15ebeb015f44929ca8a018128fc55ba,0.3496504999930039,1.7709497500327416,0.1974367143881635
cpu,mala,M1,128,2,53e58965e6199658ae01bd2997ce01a775e4dccc30a54898b1bc76936f8f07af,5461eaaa69c3d277ca86e3922dd42e93c18b8a6fbfaad87ba16ad163bcfa7fff,0.08741260005626827,0.4317773999646306,0.2024482987377958
cpu,mala,G1,128,3,19a9bea1b9fee49735b1f37d65d01d2702a8198714ffe2ea8b31d745a4850854,5487277798211dccff05904503cf381c6f5d83c4ff069d37313fadcb6a40d53f,0.07380840001860633,0.3884527000482194,0.1900061449165995
cuda,mala,G2,512,2,2a68c7f454d848504c811f0aad25a762d691c0ee9d1a0cc8bed89f67ef4604f9,5563ccaa46b03458abf0093be15396ab4a75f25f812b0cdc8ec010d700b05edc,1.0249311500228941,4.731430499989074,0.2166218335079129
cpu,rwm,G2,128,2,29f7aab14df2a9789f8c88ae0549fab7cb7c31c7072d893a94e24b54de10c72e,5739888c92f3719e033c31ee87473d6b570197e078899ebf7b245e4ba936e5ec,0.02390139998169616,0.0075724999769590795,3.1563420342583273
cuda,rwm,G2,128,0,c98baaa97282ad66309996c50849a8c949e6143b6063f1f8afb587341471602a,57b67dbf8a92d4e09ed339ad6cbedc862df3ca600e638ee76c4fad9cd4a46a6e,0.16710999998031184,0.017195449967402965,9.71826851272276
cuda,rwm,L1,512,3,7faf03b1650cbcb3865f307a4b89f5defefe003a6075d403135c8b16b5e51c9d,57e5132775ee3594e46ba92c8339ca8b92fe5ff9aee722b9ee7f003ec22d5391,0.3393748499802314,0.24653434997890145,1.3765824113730005
cuda,rwm,L1,512,0,5e2f5ce32ad8d80960b03b7cb15bbd3b12162e8a5967ef36da9a7d7536d60fa1,5880a1fb6beb5df91f8b81e315dcbb509d8d97fcd68edda7e0ce230c91c16157,0.3518018500180915,0.23954569996567443,1.4686210191562727
cuda,rwm,H1,128,3,6140f583a106798b78e0f7ea77836b836bf32f58c4d536bc82b2c62a7193ea13,5967edd7b3668f2c8ad2878494496875d6d17c4eae6e1f746cdacabdb8307ece,0.09713749994989485,0.045748950040433556,2.123272771594613
cuda,mala,H1,128,3,f979560db12099752f98ddedf7218167fb0b0ea3a5959457a0f943b35a5cc749,5b6b988c9b2939c32865cd0e6be6bd0de8444197511c5c8baab553e844cb1bd8,0.39822649996494874,1.3230340500012971,0.3009948987817497
cuda,mala,L1,512,2,b5ceeb4fa4b8ced330b6581d07f5d0aa384fbb30bf313ff50fa65341944426b1,5d1eb8bf2212f0f4ea64e8345f0725717550f228a7e2cfdc6696d626f44b690e,1.4962857500067912,6.626624499971513,0.22579908519235148
cpu,rwm,L1,512,2,c90011fa0d0ac964470bc1ef976bc72154390ee85653e81258bad86e7eeed5ab,5e0a9b3bc24ec2790ae6456bc3d0294cab985a611190d9c2cb6dd73066be71c5,0.13964844995643944,0.1842095999745652,0.7580953977193449
cpu,rwm,G1,128,3,786f4fd205eab1531210d31e06ede9165db0fc0e3cd884271671dc4563249dd3,5f0d1d384aa3d196b85984c320293aa036dddef18ef14f665ab86d47acbea243,0.020940199960023165,0.022019149968400598,0.9509994704643085
cuda,mala,H2,512,0,e18bb146d431b6f95544c4e3831fb4a804a66c831945c3ee76d209a9b9d0be5f,607644bd3b9da92d2231b060062ca5d90943c542abbbe1ddac8ba5be7ef3eae7,1.2215141000342555,2.273639799968805,0.5372504915031022
cpu,rwm,M1,512,0,53a411dabac4bc3e7f68acff066273eda6a5f052317f4e50becb66d119104028,622a2abcb0942e55495ddee63b35e53af3f466bf461cbfaf68929d1d3f65414e,0.08901649998733774,0.0996851499658078,0.8929765368048358
cuda,rwm,G2,512,0,3e1388908d1a8ac2cace1f880421e1a0035aff1ce4849dc352e2378814dbe2d4,63206fd72d7db4d0815cea314603fbd7330b6a90d44bf42c2526941db84243d1,0.32497229997534305,0.06820529996184632,4.764619467360026
cuda,rwm,H1,128,0,64ee882f64c3a33af79a8f5fee2189c6da875d1cab7252ed650b8156868c246a,63995365132fa90b92c393dbd99c8dc7480ea804cff0bbc3a25a1eca0c581596,0.0862497000489384,0.05442934995517135,1.5846174925839582
cuda,mala,M1,128,1,6fa248f4e18ca2cafb2f6e1b9abbb1e983f5566dc0c7164a3b8adbc511726317,640f111fbe7afac35a965662a5b600e5751b398f42dc45cbe0c0d03260ab043f,0.34468720003496855,0.6802433999837376,0.5067115683051227
cuda,rwm,L2,512,1,2b12c01603a941c351bf9f438b3f666bfa69f04d8f0762b74635410266d2ea94,655ce9f4697e1fd64cb56ce524049d88741a1962daba127e61733cdfd561d0c3,0.3548886000062339,0.1875101500772871,1.8926367445173367
cuda,rwm,A1,128,2,bfc47785afe9aee5da5e392e10b3f590386ba6bcb8eb374e58c168e1d69d5610,6566c0eb002e6c2c2f38836c0792adaac48066aeb455fefdbbc9c4a118a82cce,0.07069115003105253,0.014124399982392788,5.004895791621222
cuda,rwm,L2,128,1,62bc66206d7d0b2bd3d18cc676b0b656c0c565ba1922dd0552d929c1f3ee0936,66b5c818f2140afc31fd87406b39569957cad2ea6ef279bea42cea195164fb8d,0.08860175003064796,0.027544849959667772,3.216635783472484
cuda,rwm,M1,128,1,3ab822c9e1271fd8ce03ea3ec924b003c22c9423facaa4a3a2f14e500b90f7b1,67d72515326b8c2a7569472cc37a591a67ae08d18f7c9b12018255b08305ee9f,0.10792849998688325,0.04881265002768487,2.2110764305086876
cpu,mala,H1,128,2,5c2adb7d37791232681d2b60b7ca6515caf7a74754a06f400a5b16869ccff348,69b37f77a1cb2a8d043557412e6afa9091fc960faa3d5a58db5bbd4df26fa0c3,0.12796959996921942,0.5908407000242732,0.21658900607890097
cuda,rwm,H2,512,0,96409cf194b79407b906d404e71b3de6f1cce6df71f6cd939ec4fc3f69074089,6a14d3dfef75403f61949c5160d026d2822fb1a5a73776dc65fa3156f1a2bee3,0.33567000000039116,0.19742500002030283,1.700240597522459
cuda,mala,H2,128,3,aa5497e2086547da79a180e2e799b3f8a458cc4585474814736c0809f661ff69,6a991a56a86cfb09f3d53b5fb760c099f3607ac62cd8ce924a022709a663ea21,0.28097490000072867,0.6135481999954209,0.45795081788655834
cuda,mala,G2,128,0,e051123dfea2ecf45bd7cbcf466263efe1d2f31b65f0ab6aeb98f8de7fe82711,6abbf0b643d8e1bee5cf113ae3b534fafe1a9fe987164926f1b6c8dad98f71a1,0.2777508000144735,1.1214815499843098,0.2476641724675358
cuda,rwm,G2,512,1,163a9535c7374f9153378697872bbf9aee27343d078e9494081b5fa10c535cd2,6bc7b8c951377465539e5530b10dbf8f3afab2ce4cc52f573cb4b9d38e0b4477,0.2556924499804154,0.09671459998935461,2.6437833585473083
cpu,mala,H2,512,0,dd6d733d292d5851763885907a93589f96de95602e603e89c9703f0156971c97,6d8b3e1702928834d3ecfbf534db5caa0769cdef58a98be233f46c24f31081ca,0.37381404999177903,1.1014888000208884,0.33937163045569785
cpu,rwm,L2,512,3,bfef5fcf7c6d3e3db2b8bc64a7b0168d33dfd06f83e002f3a213db47480540ef,6dc49ecf3a3e94dff395d4ae2b50479d1bbb9b67691e402b1d40a8585da1962e,0.39501605002442375,0.2520008499850519,1.5675187208608827
cpu,rwm,A1,512,1,8a63bedddb64b41a39bae76f8f6ecf01195b79dc286cc62e406b7e084a2826c4,6f2873bde1b3576a456a8aa9960ae399003b2d55f96e2fd18256fe41e57c93ef,0.09360970003763214,0.033347300020977855,2.8071148182534986
cuda,rwm,H2,512,1,9604211b28b4db998d919ac399845e35b49a41f5011cec741a8c6962626b1aaa,70c3b2925102d3b12840f3341d9b9c76ebec8422ac136d9511b34a382c1bf303,0.29783334996318445,0.18813579995185137,1.583076426918255
cuda,rwm,L2,128,3,07b2518bf573da7cbb83239fc3b51848d014e534741bae8953e005d9a273fc45,72c75a1b1c35554b75aa72fc39c01a5dfa977618c9eec1ccfdc414aba924abac,0.09779049997450784,0.03540839994093403,2.761788167147782
cuda,mala,A1,128,2,5f996a967818b4c1310bfb8f4075e7f821d59bb741ec5398a151183a1fce7b8c,739927a6a2d428f33fb4e237a955f64ccc963bafc68656f8ac7b41d466cb17dc,0.25574789999518543,1.5733996499911882,0.1625447800224296
cpu,mala,A1,128,0,8c057a36d3b3168f3391273f23364c2a455a2fc4b763ba87a11b3df5e58ef97c,74ef6de9b10c4220dac036281f13c47bf185b06f315de382d887c5938a7bf101,0.09476854995591566,0.9224242499913089,0.10273857171123653
cuda,rwm,A1,128,1,8bca598d6ccac2e2d4d4b378663eb47a730ded13c3b25c1aeff92c7f31633eff,74fdf60a1d6c4891a3c48c2d76270d8c7fdbd9fc554c4cf3ea8871da29857a12,0.06439850002061576,0.013905900006648153,4.631019926062177
cuda,rwm,H2,128,2,b4cf60fc1d12ea62390cedb5cb2947d34877e0f48f094902495093079ad2bf4a,75f67ed784541b619ce69c8eaae75d8a77044b14038fd6bf24911e2af5c3ed8c,0.07558439997956157,0.04222330002812669,1.7901111454862995
cpu,mala,M1,512,2,9f43e25d4c554f62ea3c8f0b93451ec72ddae14fa45eee0c5d1fb4c309cb0b37,770208a189e19220633ffe1a9f9820f496ca8b5985aa5067804775e11c96377f,0.35134535003453493,1.553163000033237,0.22621279931791852
cpu,mala,H1,512,1,0c5184b4ce88666c1a7a2c24701d4676ebddb0d58171a21fe920f35bcdc83f27,77bd8d6fe56d6540d21ce2b59d5d93a7f48574d45abff1dea32aca5e5d25d1f9,0.4925727500231005,2.840434049954638,0.1734146054300986
cuda,mala,H1,128,0,9b46ea5c3e6a8cb9067a3bb33cc972933fc80cf168a73a4c2cf178c9b1165c02,78abc60695c7cdc9b7f29cab80845c1bcb513fb5635e06de75542646ef4e3bbf,0.3714814999839291,1.6279748000088148,0.2281862716682824
cuda,mala,M1,512,2,bc680f6782bbca986b9d8ec864df5eff8602a2aee95c7b4261707be842dbaad1,78ffad80fa012fe1488f0878e0ca1d8a0b904b7ca87097b44156381b3e9b8d4d,1.3452073499793187,2.837634550058283,0.4740594062585293
cpu,rwm,H1,128,0,3de7b002a7e2edf4a6c1118471977872146722ad0558e4c7d3d7aea3c2b97a19,792def290235b4f5d39d0a4fd1b4b26b3a6944aa4dafc259c958246498fa5be3,0.028330500004813075,0.019578849954996258,1.4469951028754635
cuda,rwm,H2,512,2,fc3b4589cd474ae92c927489e3f7cbfa2f1b4d185653be2cd35e79f64aef0c03,7a832c7950e3325d761a99f1f41fc3f4aeee63738798e9e0bc6e679a41c12fd1,0.2826897500199266,0.25141000002622604,1.1244172864660815
cpu,rwm,G1,512,3,d62e5f21030f864a663b4ea29e6a14010952a2c8e60ab33fab9b9ae9f082dd45,7aa19bcd9d0f78c4f8680fcdef4b2a484ab1484be152f7507be9d4b3f461e01c,0.0777599000139162,0.08669350005220622,0.8969519048958656
cpu,rwm,L2,128,2,9dcef11f684f091d119bf123bd3783d9cecc114cf2cb70d023c04f29e09d64d9,7ac15191bed98a1d039f3b4dfbdd27da0f7f76644002bf83bbc03cf20bcd7605,0.09252825001021847,0.038419249991420656,2.4083825173807614
cuda,mala,H1,128,1,b02a4cc43bf28f77b7219d89c83175e386c2bee2b969d086081338a934455336,7b0a5fec55a9b521afd70a2968664cabf6504a7f900736bf46e9a55573ab1c73,0.3847915500518866,1.4467527999659069,0.2659691068584449
cuda,mala,M1,128,3,f8d4ae3a6ac8f28fcf381fa5a32e63dcc7524b35ce40d6d2a01fb3f50818dd17,7bf463c825ee5ecce619d80ce1dbc016aac96f6f3b8c5aede2159631098439fc,0.34345909993862733,0.6830497000482865,0.5028317850287429
cuda,mala,H1,512,3,5aa6ee59797df7a45715c88a45c1b00495c708e78fb27a7c5c5da96d96038bb2,7ca04c9579c0dc2494f26ff0514f0ae6ab2ecc1440e15ab590ddd8e9064efe8e,1.5602456000051461,5.863329199957661,0.26610233653884086
cuda,rwm,G2,128,3,0349458ca8d18dbfb0f258525ed47f004163f8eaf1d83eeda2615b209fd33969,7f9f8633c9ff2ae2a183db4d13b76b5c445ad3ce71b6d283727168370607ce0e,0.07987824996234849,0.029014350031502545,2.753060119410571
cuda,rwm,H1,512,1,fd516726abb495d584d3d071389cae7d3e322a8ffad754c169b5d9ad45c4064f,7fea599a5af546ab02e189036fa0d7bea3dd14e24a337be71ab964d5b154a545,0.3962419999297708,0.2203966500237584,1.7978585422557765
cpu,mala,L2,512,3,d15d10d5aa5d9c24eb5d7590419e1515b0d2250b1d8297f538498ba4cb7b6bae,8041c2c8c4c58156116630c376e0e8fd69fbe7b447411a6b9517618b78a4010e,1.14835855003912,8.72379960003309,0.1316351363727755
cpu,rwm,H1,128,3,a562a3f81bd3d885422f78573c65b4d94ed6d4a8046266fda062b47f15e28cbe,81687686b4fc0b20844af51e42b766c3ccf32993784db617f286a74dc8ddc3da,0.02882469998439774,0.016510549990925938,1.7458352386952316
cpu,rwm,G1,512,0,23df48592237a16d78dad3b8c438fe354aad2f2827db693ec067cbd43bdb16bf,8203d83d49854f0d492c23a1efa210836b7003144e702ed7694345b8ff31eb46,0.08077474997844547,0.09697105002123863,0.8329779863243119
cuda,rwm,A1,128,0,d0361fe5c2e07108cedc58df8712e550f6168659c8652be351a213a295481950,82a2fe7eaa0aa3d8fb737827f7ca376b66d16275569db528522077f36b72caf9,0.07267909997608513,0.015001449966803193,4.8448050113100525
cpu,rwm,H1,512,0,fab91bdf656cb3397d13d8246aee158c5fb3643607fae44946d1bf2173ba29fe,833a8c1c63eaee28ee249994d98f94026c657a243f8b38ea1aeb300bdfddca13,0.11022390000289306,0.07948970003053546,1.3866438036695479
cpu,mala,M1,512,0,500e1657254327ef783d4b58062554f9c9b0e2497d770e7a8a899fa815ae3295,839b5cc9d6928a8f7aac4bc01fc6a27875b9642777e0c7f69def2b5173c416f3,0.350343799975235,1.5703673999523744,0.22309670971637602
cpu,mala,L2,512,1,8e1caea91890f0a907dc9df5fc05ce64debd15b1be833c7f81dd5fad01235275,84d2636ec5637b2b484ff72fc3976966746bd2b8c3d1d572c5f6cfd6b8b14518,1.1375289999414235,7.826307450013701,0.14534683274414834
cuda,rwm,H1,512,2,d6b05555f61281704c7f55a01068415f6731744bb3d821e19d1719b2a1efebe9,85772b23556cb22e4a6d5dde8308e89dac5d75541ed25ffad2898834b83dcb67,0.44050850003259256,0.2257718499749899,1.9511223391285952
cuda,mala,H2,128,2,5cf1edc16841b7e056dfec41b810c5f4ab36a692d6629f4c05ffb8bcda59434e,871a6119df15e48d6f1f6f03c76fd1f4cfc27dcf6af8dcc9e45409a51ecb364e,0.2874768499750644,0.5722969999769703,0.5023210850076668
cpu,mala,A1,512,2,48c79476a39ce8ea38059ffca1e4a88174655182779371afe5b49e76fa5b4207,885eae34e569bbf6349cd38d4601cecc48883b8f574d8456b910e551b658792c,0.4050259500509128,3.824387750006281,0.1059060891642715
cuda,rwm,G2,128,2,96df7103089f05f0696d7c7c4561e8e52b048141a7c94ec3e59a850634f5882c,894804cf7ae5993cc592b1aca047b602834b45bf0b63b352254068b42c5f5692,0.09134570002788678,0.016215500014368445,5.633233631213714
cpu,mala,H2,512,2,1ad94a6af9dba69fb6116369300cce885997f483774e29ab93996562e3b000fd,8b3c9e971766ac8f9cf28bcd76c1e689fbfeea3c852beb20fe49a6983a1565be,0.3790802500443533,1.1180529500124976,0.3390539330361017
cuda,rwm,A1,512,1,d9a2d4e416fd2db248af19ec7401d5f4946c9853dac1d8a1c012ed61d52ad50c,8bb460e5c7a3f3e7c7c70f7f7264e103c32756b70cf0daf08d1ff76fbc7eb51e,0.28479145001620054,0.06799565005348995,4.18837748873883
cuda,mala,A1,512,1,2ec6acf47862a3ced6044f146d816e3227c98aa0247f6f693bdadc4788790dd1,8bf8802baf134ed74235bd76cc5038be45b4ce3da19c206ce7a12bbb67e5e75b,1.0047563500120305,6.1977817000006326,0.1621154791579587
cuda,mala,G1,128,2,edb08c4a761eb91652d5900f47eb4fb8d3594eced8066a87a9214837fe04b024,8cc22c365a46ed66d1a69270c7003e126328020fb82553faa6da532f22d74b5a,0.28411009995033965,0.598373549990356,0.4748039079516778
cuda,rwm,A1,512,0,24c83b2323fca94d889d8d84dd30a91ced1ee8d41a27ecb9ea96beb2a909de7e,8dd3b43bd8ec8f80c9477b2fe6ebc95820e28c4d2db095c2799abeb5ee919029,0.27783734997501597,0.05468235001899302,5.08093287648599
cuda,mala,H2,128,0,857e8ad0ff531d20ca37f81d4dc8caa765b148b5c6f11285e459ec41b2d1c8d3,8f5fc29dcf622c63305b5dfe21301ac13644c8db0e63e062f6720baa619aeeed,0.29706439992878586,0.5574755999841727,0.532874263801357
cpu,rwm,H2,128,2,844f8a7b0cf98a8d0a648ad6ce537ba80d88fc82dc35e3ed2265a133bf1b4b38,8faac7b5e9004913d0eda454a1996b50a4b6df5134915e67d2ea5193a9ebdbb7,0.02217295003356412,0.018733049975708127,1.1836273357684224
cpu,rwm,H2,512,0,427ad2c9c941f42f05327e858c913073eeb6604db5602ff5232200e94ae3276a,901c0f803dbf56c115766a64fa9c8241f1b4a714986ff7fba8228fa3b9a8b0a0,0.12177714996505529,0.07791910000378266,1.5628664853565235
cpu,rwm,H1,512,1,458088641e23e8cc80e0794895baa554aa674d7277b2567f4c49d99eacdca917,920fb47146b4fc21f1545b197e154701a643433efc7367b575484ad3a749960a,0.1104956500348635,0.08281295001506805,1.3342798440915158
cuda,mala,G2,128,1,47472513576d908382d594d73b76cc9f2e3d05a8169ecbd053126f0b5ea72bde,92d59f147e69e37e635f8cbd268e40b2073ac07c5d4e2c44fec87d1a0041c5b5,0.2923624999821186,1.1860710000037216,0.2464966262400828
cuda,rwm,G2,128,1,dbd02ff4213ef1b908312e088f8e4eddba291ddbbfa7c64460a39c0e0197a70a,95fbf8a40c27868943c5de07444cc117aaef2e99eb538e2b632c3aee75bf8e69,0.06677655002567917,0.013836450059898198,4.826133129278283
cpu,rwm,M1,128,3,d38aa5e6c1048b9aac4257702ba3427691c24478e4711cd999d370c983b59e07,96997225cac11db659b9bba6827457a9158051ff141901f4f2035599addca730,0.02258099993923679,0.025380950013641268,0.8896830074169952
cuda,rwm,H1,512,3,aff3d85599c55aa86760235380a250c30469317a4496b8622023082c726dd70f,9739d2244bfcd3818ec78fa016a1599b705f703818126ead0a20126760337718,0.346898699994199,0.19947135006077588,1.7390903500101855
cpu,rwm,A1,512,0,9401981a0fd0aac6d14cef4ca82997fca3c656d219fc8ebe48ebb91a2428f8ae,978f7c448c5e62d82bc9d43249766f3cff955362abca2bda17612843b556900b,0.11362660001032054,0.03387325000949204,3.3544640676191344
cuda,rwm,G1,512,2,5c0f3ebb782535e7bdde48c4d6073c4a1e02aa0cf63aa944e96096b87b0583e3,98379eb1970d07685426ddfb98eaacec68063db0005aa0ee042c85dce0e3b4e9,0.26174170000012964,0.1921942500048317,1.361860201299204
cpu,mala,M1,512,3,9bf84847940370c93af4610208d2e4e5bcfefe03cce762dfc2c6b1400be2a620,99a6c98f09116adb021bd1ce7d5d1163c91c8e2dbc2e9c0bb1e5824832d360f8,0.3517613500589505,1.590228550019674,0.221201757479828
cpu,rwm,G2,128,0,5d32e3b2322a96fa9562d9d1f15b1fa02f3e86b7034982fbdcd6eec7b43020e5,99c9b23dde529e07371fc8019fd86c9fccd4d5eec583dc127ed23824b561fd69,0.03341084998100996,0.007800250023137778,4.2833050071348735
cuda,mala,A1,512,2,cddc5cfcf56cccfe6051faf20adcf642b55357a6d2ff91f983c29ac368077d09,9a6b655c14afa6d40d3867442b0b9a65864df6bc6e2fec9ba9810d353f60f484,1.0570398500422016,6.222213249944616,0.16988164943585152
cpu,rwm,M1,128,0,8a80b4f95f907060a5cae55d2c3be53d9754e9b43e0862756d9e71abbeb03cc1,9b30c044fe560651ac6d1817e2b47620c94f28aab80a1c84d1e7a39953f04352,0.02301435003755614,0.025215349975042045,0.9127119020888294
cpu,rwm,L1,512,0,4e84784624a3ed9d3ae836542c91e251ea34df0bf900a5941f240555e20dd5e6,9bc9fb7dad2c2b6a49da205a537d7d0781169cc871ade4e68b842fa9a8afba40,0.13691859995014966,0.18371294997632504,0.7452855118150041
cpu,rwm,M1,512,3,538e4d14db1be1c8bd97012276fe4b175f585cbc7ce057edf59f3bc3b19a4b81,9cb884deaff64a84e1aac23e9887bbe59b801563506d4ce7dcc09b4da7de846c,0.08976385003188625,0.09897140000248328,0.9069675687080712
cpu,mala,L2,128,0,1823f5373a4432227cc6db7c3de175de5defb4eb792476f3a7452ad938783d05,9f1926faec907d0ca1ad52383177c3090a159bbb59045a3b608188b28dacd635,0.2903772000572644,2.021261699963361,0.14366135768689825
cpu,mala,H2,128,3,1e0525cd7da71ca091f832810b285ecf64669fd4cbd16bc60e9cdad0dbe40203,9fbf0f5e2175f96e51c3c41176ee648a335d38ca5a37e0705d38f275874a415e,0.110264049959369,0.30831010005204007,0.3576400836065941
cuda,rwm,L1,128,0,30fa46b48591cc4ac7a15aad16f24ea03a346cf099963d680c796209645a9275,a003fd320c6b513a4bb3839a4ee65823f25c33b46b85d04ab1e21daddfe426d4,0.08287604997167364,0.04940734995761886,1.6774032617164025
cuda,rwm,L1,512,2,1df6f124184762259483814bd12c72cfb50fd7e63d7090c65e75fca62adde1c9,a020b977e7a423388f35dc828fe8885fe4fcfbef406fc63b60a3c399939ee66a,0.3381281500332989,0.2145883499761112,1.57570599741757
cuda,rwm,L1,128,1,165c51e3f60c007371ffef7d86f06f3049270ddda6c9d149421897aeac9130ae,a2e2d0d0cbf4df91b270b32a4fa1d1ce12c85f2eac80f0f650874d527eb1a6ab,0.09686505002900958,0.03749510005582124,2.5834055619214427
cpu,mala,L1,512,1,b8e99ca3383960760a809f0fdb2fadad1ca0ce154c7e29f0088b0554c96d2228,a2f3eaaad52cf057be75af97dac862d4545693e2d02754345217420dabecda93,0.587271900032647,4.722528699960094,0.12435539037329926
cpu,rwm,G2,512,1,4e8fca936eb26e39bbbc21246e85cf1a171a64917dfd3f92c05556a2859465e4,a37405be4ef97fb337c384cd812bb9f55416b1581d8ecad31a5bafd9a3e0dda3,0.10013655002694577,0.03437504998873919,2.9130590372886487
cuda,rwm,G2,512,3,be5820f292dbcb76e8d67c37f6d18fc9c1de2c377fabeb4a002aa6e851212d60,a488b507d17feb1c9d0ec6de0098d2d8036fe013fb7e33193502706512a2e9c9,0.3155257499893196,0.06262209999840707,5.038568652238518
cuda,mala,L2,128,1,f5228209378918461131d73d4ea2f8c2ff68e17bd19adf5c107da431fbeffd28,a66200d5b3cb2dc0a607f7beb0858c0e057fdac2894e7e90dc372f0d822e9822,0.3407108500250615,1.7820516499923542,0.19119022168999608
cpu,mala,H1,128,3,8f390d1c0d24c8d0912e84e877de636757f02bec3246dc65076df7d73b02cc7d,a82e53825d65f54ce61ed5bddb0ee9046a96fcd8e23ae698561c2cea6c8dd7c7,0.12727094994625077,0.588400750013534,0.21629977518438473
cuda,rwm,A1,512,3,cb10a836a5225147d885bb33fac9657ac5cd7d8ac3cca901c2fa24184a69466e,a88e319cd5c65e3be38c30ef99632cc7842a214d62cb273ddd2dcdbfcf77390e,0.2649282999918796,0.06654140003956854,3.9814055585596515
cuda,mala,L2,128,2,95c211b6d55718e97b3433e1f440c8dd39e34fdcab47974b9d4e2521160eeb62,a8f8d54233e3ffc053452fc89c6750758938362b9ef76c476841fee5998a00fd,0.36064314999384806,1.8130873500485905,0.1989110728637442
cpu,rwm,G2,512,2,8b9df4b3e1727b1ba7fed0c60c0ec2eebb873cec7c02f0314e8253b2c812a332,a905a5f506e038c8d0d41fae85f07f79b53ca918ac4829f03dbf663e8362795d,0.1197039500111714,0.03231379995122552,3.704421955692387
cuda,rwm,A1,128,3,94feaa1bdae21d4af69c1dec34b71c19cce42c12984e31b8603cfcb09f50d769,aa7b0c436e936d563452b54a7add105ee3dc731d54cd79c236b1ecda876f3eee,0.09389289998216555,0.018229299981612712,5.150658559400097
cuda,rwm,H2,128,3,73542a0d161f31ee9876cc3376110fd4e4698617e59945c1cdb3c19158e310c7,ab631cee5ae188daf2a02c77a69eb6eb17f0ce71c0777d13f3abad34bfd36bf8,0.07209999999031425,0.052143349952530116,1.3827266574923192
cuda,mala,G1,128,1,8bfd501e2ffbe28f31969703f9e21282ba18c3835b0114806588788dec11f1ba,ada0371044f7a5d6bf1c1e77971bdc6cbcddbdf9e901be82e3e2c15c8bd029af,0.2846185499802232,0.612334200006444,0.4648091678975761
cpu,mala,M1,128,1,a457ad039e3c347fe9fdf7e5bd7b4abbe649bff13adb67d31b12dee80ad23566,ae69060e14e6c338a2b4e09c12364ea4e5d58a74a32c4bfd47ee8c24e205687e,0.09001539996825159,0.39925244997721165,0.225459856222271
cpu,rwm,M1,512,1,babd230ea4d492611edc8f1191ad21aea9feb3a62453b9ebcde2706e961ce11d,b09c77f4287b13283363c305baf863b747aaa555cb6c6ff54fdd7b7f75536d59,0.08996694994857535,0.09696755005279556,0.9278047130157602
cuda,rwm,L2,128,2,798c56afc617501a0232992798e399d20d1529724c06acb7117508abec02849a,b2c548c88a19333f16b7bed79aa397b51ff23522cc8d72fc274c06d9daa8ecde,0.11153864994412288,0.027475950017105788,4.059501122788545
cuda,rwm,L1,128,2,871a51d70afe2c00c2f09ee8c30cf11e4ab2f3524c0f186788316332709677a9,b38f96ee3387ac63460feb758a47957df2babdb2ffe95eb17f469a9bcd3c5eb7,0.08322384994244203,0.04801265004789457,1.733373389292673
cuda,mala,M1,512,3,82eef131ed158d21ec875bf8eb98dc3d22dedf08764b967b8506f3718d3fdf6f,b47569ad079b7594ea5ef8069f857415cd29a73cc5f37ac435dd1fb627b10682,1.4289900999865495,2.817954749974888,0.507101861731202
cuda,mala,G1,512,0,09ea931d8600962b40587c913f365e0d25d8f5d72daab851e076a50f7f0b2915,b5a4c5593b2672f8ea3ec193f564c0b1576b9d5fe5e4e848ac52669c7c50c7c4,0.9865883500315249,2.402830749982968,0.41059419188743035
cpu,rwm,L2,512,2,11da0757b98c49fa435569a6a72282712d2c531a6ede6c0a9bfa42e00c6520ca,b6f9db303446cb8e9e797dc0e3664834013bfb55e19b73f74eeece031675e29a,0.3920832499861717,0.25828945002285764,1.517999476755531
cpu,rwm,G2,512,0,ddf41f0953e8de33d98bddfb445c6279e7ad7993078f7d5130a65f2ef46852fe,b873303b92f0562797ddc8a797f2cc2d7cc98ee84ff38ab0c6b6942158891047,0.11071694997372106,0.037884349934756756,2.9224983446830772
cpu,mala,G2,128,1,9cf4db56d7761842d97e654004e779d664ac805e6c83f1f19dcca118ba31e4ab,b8d2139a371237608edb6c5d33d117a7078ae4105f3be9cb2152fd3ac5c2d8d4,0.0937003000290133,0.7237972000730224,0.12945656603750344
cpu,mala,G1,128,1,9996587e619c4e5c2dbc85d2b91dae4a37ac1fdcd3c26b234fc74143abdf7b06,b95c50b2f41fe19890243214fe550f74e60a103bfc9c8671cced43523ddb3ed3,0.07531649997690693,0.36972675001015887,0.2037085495567672
cuda,mala,M1,128,0,9ff5838546e5683cd9c5867e98f5b5c114ce11849bf2776f1ac6ba9dd609e9bd,bbb81d02418e3d7aef58063df6ee0726890af83a49655eabbe68b67e574133ea,0.339785150019452,0.6524542500264943,0.5207800393754111
cpu,rwm,G1,512,2,a6626ee70b6bc568267a1bfff4f795455552eecbe5671913f38b8c8872e6b075,bca574234b66ba684a062c168ada25c5587460fa97a406185a81116d0084ec76,0.07841660000849515,0.0979133999790065,0.800877101860505
cuda,mala,G2,512,3,c273c7d99b3290e8f75391dd22e9f7f82d224785805f5ce23dc6e3e5df3a1192,bdcb2614c59d652b0b818d22461a2c0110a5b85cad1e3f1c2dd157f85cf194cb,1.0140336999902502,4.608724399993662,0.22002480773023544
cpu,rwm,G1,512,1,567f13b672dc83f45276b361cbf5cd83f452539fc8584f41e8b042a7735ea255,befccab9ef6cead4e5363eb8d4e2735516d3025f2defa2506439a7dbcd9993d9,0.07986589998472482,0.10108380002202466,0.790095939876847
cuda,rwm,H2,128,1,01bf3b8fe7098d982a5889518249c985a91c143150871f9bac665eb693e43cf7,c130f7c52111e32d7d361bb745f63766fe58e0aec017e0e08a52ddfbabe0a366,0.06747219996759668,0.04414695000741631,1.5283547324619693
cuda,mala,G1,512,1,b4a9f2103719c3e080d6ec80d1bd473bcfa89d5761e8b81f4e32875f63b02c54,c1ad2e5b4968f01ae7592f0aa63e71da1c411fd897ea259b20f722a4587537e2,1.1022337499889545,2.5926313000381924,0.4251409562064291
cpu,rwm,L2,512,1,2fa6d54ba3dbd5095b04bcea4f47044b01eb20fb407cbfd1cd876ffff4bbddf2,c1fc8a4e46530071641fc33663eac34121cc48754a5fab0a7ad276354d4bea6e,0.3865457999636419,0.2653791999910027,1.4565791138745885
cpu,mala,M1,128,0,ac66e66730a0685bd75d0e47a95eb9bce32556f64c3c85511686278a0a38295a,c20cf7f6011898853d13553b03ba2380b6ed7a59107998c3a89787693f23bb8a,0.08761555003002286,0.4047143000061624,0.21648740859586327
cpu,rwm,L2,128,3,54af93c69c47952c0cfd0fe91685533757085186fab3ffe8a93762a9931e48c4,c21a18157b62f646a0f86974e6d3b6fafd77b1afe0d81f53c43f469fc5cb7e67,0.10408815002301708,0.04650724999373779,2.2381058875128623
cuda,mala,L1,128,0,dd669b7dfeb92f5ae46e072669f070ef019faa849c0c1c5bc0e3c6fcda29987d,c2cf3eaf24f74483c822f6617457f3a80ee9b22d1d1eeef1f46f777403209a71,0.4159559999825433,1.6202659000409767,0.25672082586692946
cpu,mala,A1,512,3,fe9736f74879232a167e8a547a567aca5755988202a33c89ba4d9e33d5519629,c311e0b5e0b5673ec08512a0908947118fc5fc89c9bb411d726a225003892125,0.39491975004784763,3.859214099997189,0.10233165090481383
cpu,rwm,A1,512,2,099bd67a708330e9fc2a13576370649ba7346ef8142a9e56caf8ec9b51461109,c7be71668cc6d84c0be62bc5118ae8f609244913552c23f979002dea4a44838b,0.11681544996099547,0.030123850039672107,3.877839313605446
cuda,mala,L1,512,0,dcea1ad8eafc4a66c822dbb5c7b39c15843b989d32eeccef26a3d4940387dd97,c97c3a96e4f8076deba49be7de4a48b10aa935ff07c7ca8fc347ccde4077434b,1.3848681499948725,6.353895550069865,0.21795576258404895
cpu,rwm,H1,128,2,a2c9e8605d235cfb293799203658587b79ac46d21a6a475ecfff02f09b7713b9,c9ef4d0014873ca51c780e8428f1e3c02f9017ae87f1cf455ad476405aa08186,0.028044200036674738,0.01881190005224198,1.4907691386193849
cpu,rwm,H1,512,2,991edbb2483abb823ceaa89d1725be74a8e7b75ae411398923fa559b3f71a1c8,cae7d7226ab98de16604c4933c577023df348e5a3aa03a1d398115bca1a680d2,0.11110669997287914,0.0783365000388585,1.4183260666198403
cuda,rwm,L2,128,0,e6b5233767d3888be429b586876d9d28b2c59685724900c567a1c9e340b5d803,cb17d7ea6d6d6175db3310de21ba7e17752f6f07a379207b9d4d25fe735282e6,0.08225259999744594,0.02627630002098158,3.130296119764479
cpu,rwm,A1,512,3,826180a7c6c9df8dd589547d8fdf45c8c7e4fe00b1f53745d9bef0566150a54e,cbbc53ea9b400f57d19775f06e745092bdb540073a00c3f1245604877b506c54,0.11945859994739294,0.03189350001048297,3.745546895390236
cpu,mala,G1,512,1,3563a67ee28df42a7ddd19d5f747e2dd2abd981cb47c73d43d0278e81ded9fa5,cd1ba16eccc3073784ce1637873c04579ccb759731182b694f86c1da67e87b2b,0.3002142999903299,1.5098156499443576,0.19884169302483645
cpu,mala,H1,128,0,e169e82c6e731e568614fa1df54f30a5c701d1560b2faa1eba1ccdf7a9ee873d,ce3d44125af0b863f742ef5e0cb0158a7a3e8e464e9a3cca525495c8a8fedd24,0.1232213499606587,0.6930477500427514,0.17779633503327535
cpu,mala,G1,512,0,202a47717b3b282a7b8a0db5aa3b1b7e8bc6a1a657922a3506b47c1f25a97cd8,ceb0914dc287c59503073d57af3d60c427dd3c421f5071c520fdf205d63c56df,0.30280884995590895,1.4951933500124142,0.20252153338790252
cuda,mala,A1,128,3,7de4fc4d650127e6d0926fb831f919495d075fefa180ef7ba6f293e3cf59445d,d09fd5e4b4a3e1124c1586d0b15aebc7253cda53cec75bce84d5aabb72b01f32,0.2786556999781169,1.5993484500213526,0.17423076251732172
cpu,mala,G1,128,0,9cc3296a4afddf306f69938c01c57aa6374085e807682099df91b72b5ec873e4,d1812fe590567092d33f39d4adffb53f89d2f7c4be8a5c526704c9d5023e53cf,0.07392400002572685,0.3810953500214964,0.1939777014375983
cpu,rwm,A1,128,1,acdcd391db2ee50557435ac630ad4eae6292891d8423bcf8ee57ccd2d1faffc2,d22f68f01ddf38b74551e4b8e26501bf3ad7b7894a4c54e78abe17a2456068bc,0.028453950013499707,0.0065665500005707145,4.333165819346035
cpu,mala,H1,512,0,3fd38782920ded52936ebebb32ba8b62827b8588dd3b719f69be0bd239cfac9c,d24da1caa162cb4a84822615a66c98531a6ea224c5c5005c56e025b0f5f1b175,0.5053788999794051,2.4716876500169747,0.20446713806088498
cpu,mala,L2,512,0,6c98d33a25503e7fd9ae016255cdd3ae92e3a6565f72218e2fde3e534217ddac,d2d2ebabdac3ee256d6f99cf135aade5d3d85d92903cd8db0cfba5194aab8071,1.1205333999823779,8.819507149979472,0.12705170265494778
cpu,rwm,A1,128,3,7aefc41ff105af81b82b97584da46d14bebf4ff8fbcd8f66f527fe6832ef089b,d3fbe355b3df92be77d9b247a804aac0ac9660b8f41e355a9fc603b92fada2e3,0.021563599933870137,0.008733700029551983,2.469010827130079
cpu,mala,L1,128,1,c6eb79b5add65061665265b02a30ca2c5937613d474b906a2c4cab8a09001f80,d440f5f7d31afd4e665c5187038dd1ffa4ef1471d578bf2a1c6a99e321f76d48,0.15149380004731938,1.2226222999743186,0.12390891287562933
cpu,rwm,M1,512,2,3dd4d525ed0d2e82c360c1b62ced3292ea185c55d919420cabfcb329224a15bb,d4877466963374bccbdea074ae437a8c4f5d798d8ce872bdd1bc70f1bd8a4de0,0.08832745003746822,0.09170544997323304,0.9631646762896776
cuda,mala,G1,128,3,53fa4e67668f2428b19bd55e471e92344fc883e5be6aa3c741f6fa6ec5a40f7c,d4ef769953b807ca107a6e644204442d22c5a50ac4752ec449b9dc110bd5b975,0.28109359997324646,0.6927572999848053,0.40576057441677177
cuda,rwm,H2,512,3,a31fe6e8c9f4cc42ae23650e204a784de458ea2651c3bbd5646a9bfda0389f91,d57fa3691ce66b78569dda1a3ae2db20ae47b05c911054fcf151d446677a4099,0.29547635006019846,0.23173564998432994,1.2750578086719877
cpu,mala,M1,128,3,0629e775959ffe9f537b9c475fd5e2052328d2d9db2cb1ba14d550cf80212f16,d6c062bb83569d854a8fb628ffdc8e1e7b89916c1c08ca9119f636a7824762ef,0.08943360002012923,0.41087314998731017,0.21766718030343768
cpu,rwm,A1,128,0,46c8011cc205bf48f614958b26ef936a413a83a108268892fd93ce76b94ba467,d817a562c6f94001eb96f4e93e98f3001140ee7d0f307ba93b8859648e9c252c,0.02617259998805821,0.009236650017555803,2.8335597796076275
cuda,rwm,L2,512,3,2e6282a1f6e9f1d71f16eb495bf5edcd71c8c5b30c6eedb9461366ac784dde3b,d82c894e71530f35de4d582cf02b81cf57d74d10adf5284c5d3a45d88f3dfc28,0.3499028499936685,0.16141480003716424,2.1677247062419718
cpu,rwm,H2,128,0,83129a3d24f3d2fe51a8381c266ad3c78d816ac05688eed0b13cd8891b5f973c,d8c0d8ece01f087665a2238aead3de056e0ac650ee094ace5f0dcd5a27e5be9b,0.025049949996173382,0.021660550031811,1.156478019227797
cuda,mala,G1,512,2,c64fc6eb906d7ad49e6082f3cf3341779831fba17478da025fbbd9147748d887,dc9be3210a51c2fb781efed15b6ffc52acff2b25050dde20968f68ebcb537859,1.0730843999772333,2.5582126500084996,0.41946645833905477
cpu,mala,H2,512,3,133946e3116bc26321d325d0f6a3d9f996b1dcf322c31acab4a7dc23a503d497,dcfd9b2020d91b695acfcac10a0d77db9653ff5e693aaae1c8daad75c8ff3e0d,0.37926414993125945,1.0984040499897674,0.345286554555942
cpu,rwm,G1,128,1,8fc681feb1addbfc80264680290af413a65128b19bf352c373656ff48fa471b5,dd7c34d4a82f2096d90078663b0410048b7523338a684eac4cd4a90dbadfe07a,0.01970410003559664,0.02059300005203113,0.9568348461036003
cpu,mala,H2,128,1,864ff46f32ad8d37c68181dcf0acdbd3e273a66f5ac512d7a494aeaa0bdb6f3b,de0980f33eebb32bb62319b7b7e84f1018350b825e8d439928ea65d1a9274453,0.11477435007691383,0.3061391499941237,0.37490908980153925
cpu,mala,G1,512,2,8cee003dc5dc4cf27f344fed41a363aeaef8057330dab18cefa3d2dde81953ef,de1e52635e252fa499d6cb6a07dc1f05e2cfa1a62f8a645af4520ceb977d94ca,0.29750229994533584,1.4794307999545708,0.20109240658939323
cpu,rwm,L1,512,3,8b1b69e94ca31684425f8c4e2aa9d137e4d5eeaefe2634e900b1b374140ef3bc,de78835b314386618d6631801ff3a69ca4c6c864690e5cc83b07b63e4b5a1944,0.14738839998608455,0.18076950003160164,0.8153388705523803
cuda,mala,L2,512,0,174b03acc9da46cfb8db9f8453907ce41572830ba57113e0cff4fdee3d2010fc,deff719a07160957343242b52c9541e86e215caba40d610ce186d9a96a4b6498,1.3932203499716707,7.342343049996998,0.18975146495943693
cuda,rwm,M1,512,1,a083e4c4825b69bd58165f93e71ec1ef5a2b24cf402b02b0ceac4227c79dbb61,e2b860bd5ed6162473afe3b3a8997e486fae24aba308a28439b23dad3dcb7057,0.33808730001328513,0.2576456999522634,1.312217902631117
cuda,rwm,A1,512,2,e809ec2729bf69ae8621fda87f56ad84ab386f7b67dc6a928f0717c3c4ca6164,e3531086eb4cad338b57209b278782127b88f9699705ab26b320eb49a06560cb,0.26050620002206415,0.06533710000803694,3.987109926672901
cpu,mala,A1,512,1,bf1d21a68a3f93a04662e6db2aede54bd465cc7b6c823ef9569018dda2bb6ee0,e79256f5474a469fd0a31c0afed8f6b36d8f92d22cbd1b6aa2a49c6755a632db,0.37074014998506755,3.797279199992772,0.09763310266618615
cpu,mala,L1,128,3,b75842b9470dff0715f4659eda984be486666bc1a3ed377731c3608ad985bee8,e91094ca44776293eb9f77a910ccb446a1f2db9254b2f1bae39c50647054802d,0.1479008499882184,1.2478999000159092,0.11851980273925243
cpu,mala,H1,512,3,c01a1cdb70f4ac4c778fe0a595ffb89c48c70445f76ef05b68816c3ba3741770,e912c0c9ef297018bc186fc040ccecc02242f1d46736375c8e7dfb354ecdbbe7,0.5037044000346214,2.656567750032991,0.18960721029168784
cpu,rwm,G1,128,2,7b4a9995be231829a29771d0b999c61aac2e2bfe68cb54aab1a22a6336245415,eaad96ea31402818a663cb04699ca8a5cd5acaca05e0b8998fb136a389f7beff,0.02249990007840097,0.02421669999603182,0.9291067768146706
cuda,mala,H2,128,1,2e2ef8ec129e81224e865de852a21da8140ee7c04f554ff358c2d3e4f3c82d05,ec3b2655af7ba0ec860d0fe9f250efa07291bf8bbb5f0018ecfac4c44a452665,0.28683479997562245,0.631539249967318,0.4541836473195705
cpu,rwm,M1,128,2,f96f2ad172bba0684358ad520c6e261301d74ad7ae5cff29e54cd90fb559fb04,ed19036f49959f78d73e53571ba866006f90a195dd54b26a456bb075fb250d4b,0.027321300061885267,0.027193849964533,1.0046867250322589
cuda,rwm,L1,512,1,9838d5fc3c2db55f3110a6a18e05ff978ace45c8c29cd620e5903c13450276f3,edfb23e2660587a7cb137cf6574026d8563b31296b9a3136375bd8e281111b98,0.32894179999129847,0.23226480005541816,1.4162361232214837
cpu,mala,H2,512,1,ea5a237f70e1aa02ec587979ce087f2f78f87b7f5bbb19706edc0b999f1c5e1e,eefbbf79a17942e796734e61f9fc7049cc650e693f466615c9eebf8e61a7d0bc,0.37259934993926436,1.0803206999553367,0.34489698286320775
cpu,rwm,L2,128,0,e73e3bf9d6da8fde49bd183ae8c2d62ee0d93832a10ca696511eb293eaaeea5f,ef0a83c9596c575932f46fb4991ca919245bc9991127acb03720194bb88f8d8f,0.10104909999063239,0.04582855000626296,2.204937751179624
cuda,mala,L1,128,1,a9ded969598fc71e6189905077a67a0fb6ff822c269de8201df216185fb3c608,ef837b6ae38cd50c215aa30bcbaf725caa9f1ec6d642bda60733ef56bc4072b8,0.3957345999660902,1.7682354000280611,0.2238019892372984
cuda,mala,M1,128,2,922045ca8e0a40733f7126f14376eabcc05cecd66a1dbb0ece7455c9ad6913c6,ef93df773770c170e62fb8f2948e02422dd2d43847413293fecf88988c9b8fee,0.30426740006078035,0.712304650049191,0.4271590814966152
cuda,mala,G2,512,1,01112a792e063c295fc66d30b72f371fd259c025ad9b6f8f31b9b52c6f87345d,efbe926892d0557bf542b8ee3713de20c974ed0ecc759f716337d8af63bd0159,1.005530800030101,4.728581550065428,0.21264956295745557
cpu,mala,L2,128,1,c318bfd46fec4508496780b3f65d6a3dbfe0147e0fdb0e03fb56b6e976bbd713,f0034a81c10548b1c1aef5396b29a1175325c920cffada398aeb737e29f23b68,0.28615149995312095,2.0745956999599002,0.13793121231218786
cuda,mala,A1,512,0,2066244d2458026959e48c0dce0b3535f4fff71771922908afa6dc03fcfcf6cd,f272f787dae6b59dadb73ad1565f77fd097d778a6ad563f5bb1b2bcdf38f98ac,1.0220995499985293,6.245542299991939,0.16365265030705956
cpu,mala,L2,128,3,89ecdf34373cb498686663dfd3cfe89a086e63612b9b94b4cfacc4dd253c293f,f32b95445797a2150cf4eff51772983ee0c41f467236c922e5962923cd29fb05,0.2795139499939978,2.1499067000113428,0.13001213029036243
cpu,mala,L2,512,2,f1ef1b084604cfd68a6773ee9d4cba9cc8239194212b5d7093c1478b2f095ec8,f46451bb08dc9527b1bdc02c96406d9bd6408042459f6d6fdc23aaa60a5e02e1,1.1250096999574453,8.505032049957663,0.13227577431210802
cpu,rwm,H2,128,3,0b6052d5e6e15fefad6a637ec6decc1e627cfec61c745fe6d59a755a054e5aa5,f6337c4220802388dc527a4e6ec98a80ac796fd764ede8e2c878d6459f71501e,0.0258235500077717,0.027303999988362193,0.9457790074266955
cuda,mala,H2,512,3,775c5924beb514a00ab3ac19b8da564ec8f5a2bbcdae4f9f5967beba7a8b9a39,f6fd4d30e5b0c39b4292b709176c5685326f73f47f15ddb085072e67eb1bc39b,1.1606497999746352,2.3091614499571733,0.5026282592740153
cuda,rwm,M1,128,3,186f9ab0eda291317d2d94960c166701818d7fb357f250fb821eee19df77a468,f8ff7fa8b3680b86408d8ff1c91cdbbfbe2b3989cce72743effdf56e68e02036,0.10530505003407598,0.052922400063835084,1.9898011032579184
cpu,rwm,G2,128,1,ab5226cf3ef1c5959f61ce053406219d48686cd65af98dd54b9c6e163c9b9e92,fce339d88ee3a6ac792f148f8932cdefb89c802fddf7be3d78e3207e6c2d6864,0.02630064997356385,0.006635400000959635,3.963687188377514
cpu,mala,G1,512,3,ae583dc8c73274f073a8727796d81b5c461219f570930ab2df72650abcb0cbd5,fe3ef4dfc53fd56b007246f7d447248e8fde92fa0b527d113667e855f9b86432,0.3011590000241995,1.4901948999613523,0.20209369930873466
cpu,rwm,L1,128,1,d5c8860ecb138ab44644097dc866534132527822a49d06928ac2887479d5f363,fe4153a7ef0e6332877cfe858c0e7e6a5ecaf7aa45943af3affed60b4b639f40,0.04006110003683716,0.033872650004923344,1.182697545985163
