attempts_missing_call_return,bca_acceleration,bca_adjusted_quantiles,bca_bias_percentile,bootstrap_expected_tail_counts,confidence_interval,confidence_level,cost_estimator_condition,cost_scope,failure_interval_status,failure_rate,failure_rate_definition,failure_rate_interval,interval_coverage,interval_method,interval_status,known_partial_task_seconds,mean_all_planned_seconds,mean_all_valid_output_seconds,mean_recorded_seconds,mean_successful_seconds,mean_successful_seconds_conditioning,minimum_valid_repetitions,missing_costs,outcome_counts,phase,planned,prior_interruption_known_seconds,recorded_costs,resampled_valid_count_range,resampling_plan_sha256,total_recorded_seconds,undefined_bootstrap_replicates,unknown_measurements,unknown_time_imputed,unusable_output_cost_seconds,valid_output_cost_conditioning,valid_output_cost_interval,valid_output_cost_interval_coverage,valid_output_cost_interval_diagnostics,valid_output_cost_interval_status,valid_outputs_missing_cost,workflow,budget
0,-0.008837732092268456,"[0.02300630368924346,0.9729386270786375]",0.49984998499849986,"[230.04003058874537,270.5866678407032]","{""high"":10.992868276075974,""low"":10.449187747105968}",0.95,Means/intervals use complete per-task phase totals; total_recorded_seconds also retains known portions of incomplete totals,"Sum ordinary subprocess creation-through-exit wall over every registered actual attempt; includes ordinary output/diagnostics, excludes outer audit and inter-call waiting",available_pointwise_clopper_pearson,0.0,"Output-contract failures including numerical, resource and unclassified output failure; interval unavailable while infrastructure/not-run outcomes remain; not posterior convergence","{""high"":0.14247359772258134,""low"":0.0}",pointwise_conditional_on_timing_recorded,BCa,available,0.0,10.726507704163396,10.726507704163396,10.726507704163396,10.726507704163396,"Valid outputs with recorded complete cost only; diagnostic field, not the error-cost axis when any valid output cost is missing",20,0,"{""infrastructure_interruption"":0,""measurement_available"":0,""not_run"":0,""numerical_failure"":0,""output_failure_unclassified"":0,""resource_failure"":0,""valid"":24}",ordinary_workflow,24,0.0,24,"[24,24]",e51ad0d96ebf53e2713d78fa9e4e4f79e473cf6b4c0c64c4abe1a92a6e393348,257.4361848999215,0,0,False,0.0,"All numerically valid outputs, with complete costs for every such output; function-specific error-cost matching uses analyze_error_costs","{""high"":10.992868276075974,""low"":10.449187747105968}",pointwise_conditional_on_valid_output; shared whole-repetition resampling,"{""bca_acceleration"":-0.008837732092268456,""bca_adjusted_quantiles"":[0.02300630368924346,0.9729386270786375],""bca_bias_percentile"":0.49984998499849986,""bootstrap_expected_tail_counts"":[230.04003058874537,270.5866678407032],""minimum_valid_repetitions"":20,""resampled_valid_count_range"":[24,24],""resampling_plan_sha256"":""e51ad0d96ebf53e2713d78fa9e4e4f79e473cf6b4c0c64c4abe1a92a6e393348"",""undefined_bootstrap_replicates"":0}",available,0,cpu-mala-quasi_deer,1024
0,0.011730900424568553,"[0.030364652803385222,0.9797417932613015]",0.5082508250825083,"[303.6161633810488,202.56180918024623]","{""high"":26.625582252450776,""low"":24.891929579723367}",0.95,Means/intervals use complete per-task phase totals; total_recorded_seconds also retains known portions of incomplete totals,"Sum ordinary subprocess creation-through-exit wall over every registered actual attempt; includes ordinary output/diagnostics, excludes outer audit and inter-call waiting",available_pointwise_clopper_pearson,0.0,"Output-contract failures including numerical, resource and unclassified output failure; interval unavailable while infrastructure/not-run outcomes remain; not posterior convergence","{""high"":0.14247359772258134,""low"":0.0}",pointwise_conditional_on_timing_recorded,BCa,available,0.0,25.683323595833674,25.683323595833674,25.683323595833674,25.683323595833674,"Valid outputs with recorded complete cost only; diagnostic field, not the error-cost axis when any valid output cost is missing",20,0,"{""infrastructure_interruption"":0,""measurement_available"":0,""not_run"":0,""numerical_failure"":0,""output_failure_unclassified"":0,""resource_failure"":0,""valid"":24}",ordinary_workflow,24,0.0,24,"[24,24]",e51ad0d96ebf53e2713d78fa9e4e4f79e473cf6b4c0c64c4abe1a92a6e393348,616.3997663000082,0,0,False,0.0,"All numerically valid outputs, with complete costs for every such output; function-specific error-cost matching uses analyze_error_costs","{""high"":26.625582252450776,""low"":24.891929579723367}",pointwise_conditional_on_valid_output; shared whole-repetition resampling,"{""bca_acceleration"":0.011730900424568553,""bca_adjusted_quantiles"":[0.030364652803385222,0.9797417932613015],""bca_bias_percentile"":0.5082508250825083,""bootstrap_expected_tail_counts"":[303.6161633810488,202.56180918024623],""minimum_valid_repetitions"":20,""resampled_valid_count_range"":[24,24],""resampling_plan_sha256"":""e51ad0d96ebf53e2713d78fa9e4e4f79e473cf6b4c0c64c4abe1a92a6e393348"",""undefined_bootstrap_replicates"":0}",available,0,cpu-mala-quasi_deer,4096
0,0.021336948601893408,"[0.03543229270659593,0.9832901581116174]",0.5155515551555155,"[354.2874947732527,167.0817090419381]","{""high"":4.233347209888534,""low"":4.203769216732365}",0.95,Means/intervals use complete per-task phase totals; total_recorded_seconds also retains known portions of incomplete totals,"Sum ordinary subprocess creation-through-exit wall over every registered actual attempt; includes ordinary output/diagnostics, excludes outer audit and inter-call waiting",available_pointwise_clopper_pearson,0.0,"Output-contract failures including numerical, resource and unclassified output failure; interval unavailable while infrastructure/not-run outcomes remain; not posterior convergence","{""high"":0.14247359772258134,""low"":0.0}",pointwise_conditional_on_timing_recorded,BCa,available,0.0,4.2168004958294505,4.2168004958294505,4.2168004958294505,4.2168004958294505,"Valid outputs with recorded complete cost only; diagnostic field, not the error-cost axis when any valid output cost is missing",20,0,"{""infrastructure_interruption"":0,""measurement_available"":0,""not_run"":0,""numerical_failure"":0,""output_failure_unclassified"":0,""resource_failure"":0,""valid"":24}",ordinary_workflow,24,0.0,24,"[24,24]",e51ad0d96ebf53e2713d78fa9e4e4f79e473cf6b4c0c64c4abe1a92a6e393348,101.20321189990682,0,0,False,0.0,"All numerically valid outputs, with complete costs for every such output; function-specific error-cost matching uses analyze_error_costs","{""high"":4.233347209888534,""low"":4.203769216732365}",pointwise_conditional_on_valid_output; shared whole-repetition resampling,"{""bca_acceleration"":0.021336948601893408,""bca_adjusted_quantiles"":[0.03543229270659593,0.9832901581116174],""bca_bias_percentile"":0.5155515551555155,""bootstrap_expected_tail_counts"":[354.2874947732527,167.0817090419381],""minimum_valid_repetitions"":20,""resampled_valid_count_range"":[24,24],""resampling_plan_sha256"":""e51ad0d96ebf53e2713d78fa9e4e4f79e473cf6b4c0c64c4abe1a92a6e393348"",""undefined_bootstrap_replicates"":0}",available,0,cpu-mala-sequential,1024
0,0.01695536692070042,"[0.030374494115083955,0.9798387747739208]",0.5044504450445044,"[303.71456665672446,201.59209103556609]","{""high"":6.978994982135106,""low"":6.891117213233778}",0.95,Means/intervals use complete per-task phase totals; total_recorded_seconds also retains known portions of incomplete totals,"Sum ordinary subprocess creation-through-exit wall over every registered actual attempt; includes ordinary output/diagnostics, excludes outer audit and inter-call waiting",available_pointwise_clopper_pearson,0.0,"Output-contract failures including numerical, resource and unclassified output failure; interval unavailable while infrastructure/not-run outcomes remain; not posterior convergence","{""high"":0.14247359772258134,""low"":0.0}",pointwise_conditional_on_timing_recorded,BCa,available,0.0,6.931833854167015,6.931833854167015,6.931833854167015,6.931833854167015,"Valid outputs with recorded complete cost only; diagnostic field, not the error-cost axis when any valid output cost is missing",20,0,"{""infrastructure_interruption"":0,""measurement_available"":0,""not_run"":0,""numerical_failure"":0,""output_failure_unclassified"":0,""resource_failure"":0,""valid"":24}",ordinary_workflow,24,0.0,24,"[24,24]",e51ad0d96ebf53e2713d78fa9e4e4f79e473cf6b4c0c64c4abe1a92a6e393348,166.36401250000836,0,0,False,0.0,"All numerically valid outputs, with complete costs for every such output; function-specific error-cost matching uses analyze_error_costs","{""high"":6.978994982135106,""low"":6.891117213233778}",pointwise_conditional_on_valid_output; shared whole-repetition resampling,"{""bca_acceleration"":0.01695536692070042,""bca_adjusted_quantiles"":[0.030374494115083955,0.9798387747739208],""bca_bias_percentile"":0.5044504450445044,""bootstrap_expected_tail_counts"":[303.71456665672446,201.59209103556609],""minimum_valid_repetitions"":20,""resampled_valid_count_range"":[24,24],""resampling_plan_sha256"":""e51ad0d96ebf53e2713d78fa9e4e4f79e473cf6b4c0c64c4abe1a92a6e393348"",""undefined_bootstrap_replicates"":0}",available,0,cpu-mala-sequential,4096
0,0.009961693337826384,"[0.03310155919055448,0.9815911419258361]",0.5173517351735174,"[330.9824903463542,184.07017188356508]","{""high"":8.50881193881502,""low"":8.039861877617081}",0.95,Means/intervals use complete per-task phase totals; total_recorded_seconds also retains known portions of incomplete totals,"Sum ordinary subprocess creation-through-exit wall over every registered actual attempt; includes ordinary output/diagnostics, excludes outer audit and inter-call waiting",available_pointwise_clopper_pearson,0.0,"Output-contract failures including numerical, resource and unclassified output failure; interval unavailable while infrastructure/not-run outcomes remain; not posterior convergence","{""high"":0.14247359772258134,""low"":0.0}",pointwise_conditional_on_timing_recorded,BCa,available,0.0,8.25822203749783,8.25822203749783,8.25822203749783,8.25822203749783,"Valid outputs with recorded complete cost only; diagnostic field, not the error-cost axis when any valid output cost is missing",20,0,"{""infrastructure_interruption"":0,""measurement_available"":0,""not_run"":0,""numerical_failure"":0,""output_failure_unclassified"":0,""resource_failure"":0,""valid"":24}",ordinary_workflow,24,0.0,24,"[24,24]",e51ad0d96ebf53e2713d78fa9e4e4f79e473cf6b4c0c64c4abe1a92a6e393348,198.19732889994793,0,0,False,0.0,"All numerically valid outputs, with complete costs for every such output; function-specific error-cost matching uses analyze_error_costs","{""high"":8.50881193881502,""low"":8.039861877617081}",pointwise_conditional_on_valid_output; shared whole-repetition resampling,"{""bca_acceleration"":0.009961693337826384,""bca_adjusted_quantiles"":[0.03310155919055448,0.9815911419258361],""bca_bias_percentile"":0.5173517351735174,""bootstrap_expected_tail_counts"":[330.9824903463542,184.07017188356508],""minimum_valid_repetitions"":20,""resampled_valid_count_range"":[24,24],""resampling_plan_sha256"":""e51ad0d96ebf53e2713d78fa9e4e4f79e473cf6b4c0c64c4abe1a92a6e393348"",""undefined_bootstrap_replicates"":0}",available,0,cpu-nuts-spawn_chains,1024
0,0.01633128859234945,"[0.032239715156071325,0.9811650821537042]",0.5103510351035103,"[322.3649118455572,188.33034354511133]","{""high"":16.762117246612195,""low"":15.614528722141879}",0.95,Means/intervals use complete per-task phase totals; total_recorded_seconds also retains known portions of incomplete totals,"Sum ordinary subprocess creation-through-exit wall over every registered actual attempt; includes ordinary output/diagnostics, excludes outer audit and inter-call waiting",available_pointwise_clopper_pearson,0.7083333333333334,"Output-contract failures including numerical, resource and unclassified output failure; interval unavailable while infrastructure/not-run outcomes remain; not posterior convergence","{""high"":0.8738479114763109,""low"":0.48905218614216706}",pointwise_conditional_on_timing_recorded,BCa,available,0.0,16.133918858332397,17.587235057143385,16.133918858332397,17.587235057143385,"Valid outputs with recorded complete cost only; diagnostic field, not the error-cost axis when any valid output cost is missing",20,0,"{""infrastructure_interruption"":0,""measurement_available"":0,""not_run"":0,""numerical_failure"":0,""output_failure_unclassified"":17,""resource_failure"":0,""valid"":7}",ordinary_workflow,24,0.0,24,"[24,24]",e51ad0d96ebf53e2713d78fa9e4e4f79e473cf6b4c0c64c4abe1a92a6e393348,387.21405259997755,0,0,False,264.10340719997384,"All numerically valid outputs, with complete costs for every such output; function-specific error-cost matching uses analyze_error_costs",,pointwise_conditional_on_valid_output; shared whole-repetition resampling,"{""minimum_valid_repetitions"":20,""resampling_plan_sha256"":""e51ad0d96ebf53e2713d78fa9e4e4f79e473cf6b4c0c64c4abe1a92a6e393348""}",fewer_than_20_valid_repetitions,0,cpu-nuts-spawn_chains,4096
0,0.05545273153909274,"[0.047175363748997376,0.9897559839892223]",0.5208520852085209,"[471.7064621262248,102.42991609176657]","{""high"":2.4914350422941127,""low"":2.4650875881696894}",0.95,Means/intervals use complete per-task phase totals; total_recorded_seconds also retains known portions of incomplete totals,"Sum ordinary subprocess creation-through-exit wall over every registered actual attempt; includes ordinary output/diagnostics, excludes outer audit and inter-call waiting",available_pointwise_clopper_pearson,0.0,"Output-contract failures including numerical, resource and unclassified output failure; interval unavailable while infrastructure/not-run outcomes remain; not posterior convergence","{""high"":0.14247359772258134,""low"":0.0}",pointwise_conditional_on_timing_recorded,BCa,available,0.0,2.475155941663729,2.475155941663729,2.475155941663729,2.475155941663729,"Valid outputs with recorded complete cost only; diagnostic field, not the error-cost axis when any valid output cost is missing",20,0,"{""infrastructure_interruption"":0,""measurement_available"":0,""not_run"":0,""numerical_failure"":0,""output_failure_unclassified"":0,""resource_failure"":0,""valid"":24}",ordinary_workflow,24,0.0,24,"[24,24]",e51ad0d96ebf53e2713d78fa9e4e4f79e473cf6b4c0c64c4abe1a92a6e393348,59.4037425999295,0,0,False,0.0,"All numerically valid outputs, with complete costs for every such output; function-specific error-cost matching uses analyze_error_costs","{""high"":2.4914350422941127,""low"":2.4650875881696894}",pointwise_conditional_on_valid_output; shared whole-repetition resampling,"{""bca_acceleration"":0.05545273153909274,""bca_adjusted_quantiles"":[0.047175363748997376,0.9897559839892223],""bca_bias_percentile"":0.5208520852085209,""bootstrap_expected_tail_counts"":[471.7064621262248,102.42991609176657],""minimum_valid_repetitions"":20,""resampled_valid_count_range"":[24,24],""resampling_plan_sha256"":""e51ad0d96ebf53e2713d78fa9e4e4f79e473cf6b4c0c64c4abe1a92a6e393348"",""undefined_bootstrap_replicates"":0}",available,0,cpu-rwm-online_picard,1024
0,0.006759813997644088,"[0.02615815895248249,0.9761442094196215]",0.49874987498749873,"[261.55543136587244,238.53405001320417]","{""high"":3.140848762400482,""low"":3.1185586336691546}",0.95,Means/intervals use complete per-task phase totals; total_recorded_seconds also retains known portions of incomplete totals,"Sum ordinary subprocess creation-through-exit wall over every registered actual attempt; includes ordinary output/diagnostics, excludes outer audit and inter-call waiting",available_pointwise_clopper_pearson,0.0,"Output-contract failures including numerical, resource and unclassified output failure; interval unavailable while infrastructure/not-run outcomes remain; not posterior convergence","{""high"":0.14247359772258134,""low"":0.0}",pointwise_conditional_on_timing_recorded,BCa,available,0.0,3.12955649999617,3.12955649999617,3.12955649999617,3.12955649999617,"Valid outputs with recorded complete cost only; diagnostic field, not the error-cost axis when any valid output cost is missing",20,0,"{""infrastructure_interruption"":0,""measurement_available"":0,""not_run"":0,""numerical_failure"":0,""output_failure_unclassified"":0,""resource_failure"":0,""valid"":24}",ordinary_workflow,24,0.0,24,"[24,24]",e51ad0d96ebf53e2713d78fa9e4e4f79e473cf6b4c0c64c4abe1a92a6e393348,75.10935599990808,0,0,False,0.0,"All numerically valid outputs, with complete costs for every such output; function-specific error-cost matching uses analyze_error_costs","{""high"":3.140848762400482,""low"":3.1185586336691546}",pointwise_conditional_on_valid_output; shared whole-repetition resampling,"{""bca_acceleration"":0.006759813997644088,""bca_adjusted_quantiles"":[0.02615815895248249,0.9761442094196215],""bca_bias_percentile"":0.49874987498749873,""bootstrap_expected_tail_counts"":[261.55543136587244,238.53405001320417],""minimum_valid_repetitions"":20,""resampled_valid_count_range"":[24,24],""resampling_plan_sha256"":""e51ad0d96ebf53e2713d78fa9e4e4f79e473cf6b4c0c64c4abe1a92a6e393348"",""undefined_bootstrap_replicates"":0}",available,0,cpu-rwm-online_picard,4096
0,-0.014358228927247568,"[0.0209493627957347,0.9705865953751455]",0.4965496549654965,"[209.47267859455127,294.10463284392046]","{""high"":2.4966395815561815,""low"":2.482317419509352}",0.95,Means/intervals use complete per-task phase totals; total_recorded_seconds also retains known portions of incomplete totals,"Sum ordinary subprocess creation-through-exit wall over every registered actual attempt; includes ordinary output/diagnostics, excludes outer audit and inter-call waiting",available_pointwise_clopper_pearson,0.0,"Output-contract failures including numerical, resource and unclassified output failure; interval unavailable while infrastructure/not-run outcomes remain; not posterior convergence","{""high"":0.14247359772258134,""low"":0.0}",pointwise_conditional_on_timing_recorded,BCa,available,0.0,2.489756608337378,2.489756608337378,2.489756608337378,2.489756608337378,"Valid outputs with recorded complete cost only; diagnostic field, not the error-cost axis when any valid output cost is missing",20,0,"{""infrastructure_interruption"":0,""measurement_available"":0,""not_run"":0,""numerical_failure"":0,""output_failure_unclassified"":0,""resource_failure"":0,""valid"":24}",ordinary_workflow,24,0.0,24,"[24,24]",e51ad0d96ebf53e2713d78fa9e4e4f79e473cf6b4c0c64c4abe1a92a6e393348,59.75415860009707,0,0,False,0.0,"All numerically valid outputs, with complete costs for every such output; function-specific error-cost matching uses analyze_error_costs","{""high"":2.4966395815561815,""low"":2.482317419509352}",pointwise_conditional_on_valid_output; shared whole-repetition resampling,"{""bca_acceleration"":-0.014358228927247568,""bca_adjusted_quantiles"":[0.0209493627957347,0.9705865953751455],""bca_bias_percentile"":0.4965496549654965,""bootstrap_expected_tail_counts"":[209.47267859455127,294.10463284392046],""minimum_valid_repetitions"":20,""resampled_valid_count_range"":[24,24],""resampling_plan_sha256"":""e51ad0d96ebf53e2713d78fa9e4e4f79e473cf6b4c0c64c4abe1a92a6e393348"",""undefined_bootstrap_replicates"":0}",available,0,cpu-rwm-sequential,1024
0,0.010586391851819036,"[0.0260992110865254,0.976104203927538]",0.49564956495649565,"[260.96601165416746,238.93406492854703]","{""high"":3.1727966717943663,""low"":3.1566609690202454}",0.95,Means/intervals use complete per-task phase totals; total_recorded_seconds also retains known portions of incomplete totals,"Sum ordinary subprocess creation-through-exit wall over every registered actual attempt; includes ordinary output/diagnostics, excludes outer audit and inter-call waiting",available_pointwise_clopper_pearson,0.0,"Output-contract failures including numerical, resource and unclassified output failure; interval unavailable while infrastructure/not-run outcomes remain; not posterior convergence","{""high"":0.14247359772258134,""low"":0.0}",pointwise_conditional_on_timing_recorded,BCa,available,0.0,3.164497379166278,3.164497379166278,3.164497379166278,3.164497379166278,"Valid outputs with recorded complete cost only; diagnostic field, not the error-cost axis when any valid output cost is missing",20,0,"{""infrastructure_interruption"":0,""measurement_available"":0,""not_run"":0,""numerical_failure"":0,""output_failure_unclassified"":0,""resource_failure"":0,""valid"":24}",ordinary_workflow,24,0.0,24,"[24,24]",e51ad0d96ebf53e2713d78fa9e4e4f79e473cf6b4c0c64c4abe1a92a6e393348,75.94793709999067,0,0,False,0.0,"All numerically valid outputs, with complete costs for every such output; function-specific error-cost matching uses analyze_error_costs","{""high"":3.1727966717943663,""low"":3.1566609690202454}",pointwise_conditional_on_valid_output; shared whole-repetition resampling,"{""bca_acceleration"":0.010586391851819036,""bca_adjusted_quantiles"":[0.0260992110865254,0.976104203927538],""bca_bias_percentile"":0.49564956495649565,""bootstrap_expected_tail_counts"":[260.96601165416746,238.93406492854703],""minimum_valid_repetitions"":20,""resampled_valid_count_range"":[24,24],""resampling_plan_sha256"":""e51ad0d96ebf53e2713d78fa9e4e4f79e473cf6b4c0c64c4abe1a92a6e393348"",""undefined_bootstrap_replicates"":0}",available,0,cpu-rwm-sequential,4096
0,-0.02831045017817462,"[0.014521301491598181,0.9608378472016973]",0.47974797479747977,"[145.19849361449022,391.58236583022875]","{""high"":18.87192582317372,""low"":18.191138365196785}",0.95,Means/intervals use complete per-task phase totals; total_recorded_seconds also retains known portions of incomplete totals,"Sum ordinary subprocess creation-through-exit wall over every registered actual attempt; includes ordinary output/diagnostics, excludes outer audit and inter-call waiting",available_pointwise_clopper_pearson,0.0,"Output-contract failures including numerical, resource and unclassified output failure; interval unavailable while infrastructure/not-run outcomes remain; not posterior convergence","{""high"":0.14247359772258134,""low"":0.0}",pointwise_conditional_on_timing_recorded,BCa,available,0.0,18.574574266663756,18.574574266663756,18.574574266663756,18.574574266663756,"Valid outputs with recorded complete cost only; diagnostic field, not the error-cost axis when any valid output cost is missing",20,0,"{""infrastructure_interruption"":0,""measurement_available"":0,""not_run"":0,""numerical_failure"":0,""output_failure_unclassified"":0,""resource_failure"":0,""valid"":24}",ordinary_workflow,24,0.0,24,"[24,24]",e51ad0d96ebf53e2713d78fa9e4e4f79e473cf6b4c0c64c4abe1a92a6e393348,445.7897823999301,0,0,False,0.0,"All numerically valid outputs, with complete costs for every such output; function-specific error-cost matching uses analyze_error_costs","{""high"":18.87192582317372,""low"":18.191138365196785}",pointwise_conditional_on_valid_output; shared whole-repetition resampling,"{""bca_acceleration"":-0.02831045017817462,""bca_adjusted_quantiles"":[0.014521301491598181,0.9608378472016973],""bca_bias_percentile"":0.47974797479747977,""bootstrap_expected_tail_counts"":[145.19849361449022,391.58236583022875],""minimum_valid_repetitions"":20,""resampled_valid_count_range"":[24,24],""resampling_plan_sha256"":""e51ad0d96ebf53e2713d78fa9e4e4f79e473cf6b4c0c64c4abe1a92a6e393348"",""undefined_bootstrap_replicates"":0}",available,0,cuda-mala-quasi_deer,1024
0,-0.010692323377520175,"[0.019794043382932777,0.9689746534871182]",0.489048904890489,"[197.92063978594484,310.2224397823051]","{""high"":48.70611644173038,""low"":47.486155091906326}",0.95,Means/intervals use complete per-task phase totals; total_recorded_seconds also retains known portions of incomplete totals,"Sum ordinary subprocess creation-through-exit wall over every registered actual attempt; includes ordinary output/diagnostics, excludes outer audit and inter-call waiting",available_pointwise_clopper_pearson,0.0,"Output-contract failures including numerical, resource and unclassified output failure; interval unavailable while infrastructure/not-run outcomes remain; not posterior convergence","{""high"":0.14247359772258134,""low"":0.0}",pointwise_conditional_on_timing_recorded,BCa,available,0.0,48.14146245416911,48.14146245416911,48.14146245416911,48.14146245416911,"Valid outputs with recorded complete cost only; diagnostic field, not the error-cost axis when any valid output cost is missing",20,0,"{""infrastructure_interruption"":0,""measurement_available"":0,""not_run"":0,""numerical_failure"":0,""output_failure_unclassified"":0,""resource_failure"":0,""valid"":24}",ordinary_workflow,24,0.0,24,"[24,24]",e51ad0d96ebf53e2713d78fa9e4e4f79e473cf6b4c0c64c4abe1a92a6e393348,1155.3950989000587,0,0,False,0.0,"All numerically valid outputs, with complete costs for every such output; function-specific error-cost matching uses analyze_error_costs","{""high"":48.70611644173038,""low"":47.486155091906326}",pointwise_conditional_on_valid_output; shared whole-repetition resampling,"{""bca_acceleration"":-0.010692323377520175,""bca_adjusted_quantiles"":[0.019794043382932777,0.9689746534871182],""bca_bias_percentile"":0.489048904890489,""bootstrap_expected_tail_counts"":[197.92063978594484,310.2224397823051],""minimum_valid_repetitions"":20,""resampled_valid_count_range"":[24,24],""resampling_plan_sha256"":""e51ad0d96ebf53e2713d78fa9e4e4f79e473cf6b4c0c64c4abe1a92a6e393348"",""undefined_bootstrap_replicates"":0}",available,0,cuda-mala-quasi_deer,4096
0,-0.08023564158797702,"[0.004456638515812094,0.9311189427538875]",0.45244524452445245,"[44.56192851960513,688.7416914038788]","{""high"":7.614474150038531,""low"":7.454385733047006}",0.95,Means/intervals use complete per-task phase totals; total_recorded_seconds also retains known portions of incomplete totals,"Sum ordinary subprocess creation-through-exit wall over every registered actual attempt; includes ordinary output/diagnostics, excludes outer audit and inter-call waiting",available_pointwise_clopper_pearson,0.0,"Output-contract failures including numerical, resource and unclassified output failure; interval unavailable while infrastructure/not-run outcomes remain; not posterior convergence","{""high"":0.14247359772258134,""low"":0.0}",pointwise_conditional_on_timing_recorded,BCa,available,0.0,7.564929995834859,7.564929995834859,7.564929995834859,7.564929995834859,"Valid outputs with recorded complete cost only; diagnostic field, not the error-cost axis when any valid output cost is missing",20,0,"{""infrastructure_interruption"":0,""measurement_available"":0,""not_run"":0,""numerical_failure"":0,""output_failure_unclassified"":0,""resource_failure"":0,""valid"":24}",ordinary_workflow,24,0.0,24,"[24,24]",e51ad0d96ebf53e2713d78fa9e4e4f79e473cf6b4c0c64c4abe1a92a6e393348,181.55831990003662,0,0,False,0.0,"All numerically valid outputs, with complete costs for every such output; function-specific error-cost matching uses analyze_error_costs","{""high"":7.614474150038531,""low"":7.454385733047006}",pointwise_conditional_on_valid_output; shared whole-repetition resampling,"{""bca_acceleration"":-0.08023564158797702,""bca_adjusted_quantiles"":[0.004456638515812094,0.9311189427538875],""bca_bias_percentile"":0.45244524452445245,""bootstrap_expected_tail_counts"":[44.56192851960513,688.7416914038788],""minimum_valid_repetitions"":20,""resampled_valid_count_range"":[24,24],""resampling_plan_sha256"":""e51ad0d96ebf53e2713d78fa9e4e4f79e473cf6b4c0c64c4abe1a92a6e393348"",""undefined_bootstrap_replicates"":0}",available,0,cuda-mala-sequential,1024
0,-0.037073537711919735,"[0.013275286442620025,0.9587968306669316]",0.4807480748074808,"[132.73958913975764,411.9904901613514]","{""high"":16.86826509163883,""low"":16.15950750487572}",0.95,Means/intervals use complete per-task phase totals; total_recorded_seconds also retains known portions of incomplete totals,"Sum ordinary subprocess creation-through-exit wall over every registered actual attempt; includes ordinary output/diagnostics, excludes outer audit and inter-call waiting",available_pointwise_clopper_pearson,0.0,"Output-contract failures including numerical, resource and unclassified output failure; interval unavailable while infrastructure/not-run outcomes remain; not posterior convergence","{""high"":0.14247359772258134,""low"":0.0}",pointwise_conditional_on_timing_recorded,BCa,available,0.0,16.57663872500075,16.57663872500075,16.57663872500075,16.57663872500075,"Valid outputs with recorded complete cost only; diagnostic field, not the error-cost axis when any valid output cost is missing",20,0,"{""infrastructure_interruption"":0,""measurement_available"":0,""not_run"":0,""numerical_failure"":0,""output_failure_unclassified"":0,""resource_failure"":0,""valid"":24}",ordinary_workflow,24,0.0,24,"[24,24]",e51ad0d96ebf53e2713d78fa9e4e4f79e473cf6b4c0c64c4abe1a92a6e393348,397.83932940001796,0,0,False,0.0,"All numerically valid outputs, with complete costs for every such output; function-specific error-cost matching uses analyze_error_costs","{""high"":16.86826509163883,""low"":16.15950750487572}",pointwise_conditional_on_valid_output; shared whole-repetition resampling,"{""bca_acceleration"":-0.037073537711919735,""bca_adjusted_quantiles"":[0.013275286442620025,0.9587968306669316],""bca_bias_percentile"":0.4807480748074808,""bootstrap_expected_tail_counts"":[132.73958913975764,411.9904901613514],""minimum_valid_repetitions"":20,""resampled_valid_count_range"":[24,24],""resampling_plan_sha256"":""e51ad0d96ebf53e2713d78fa9e4e4f79e473cf6b4c0c64c4abe1a92a6e393348"",""undefined_bootstrap_replicates"":0}",available,0,cuda-mala-sequential,4096
0,0.02056322607591288,"[0.03332011919954291,0.98197722789453]",0.5103510351035103,"[333.1678718762296,180.2096982825944]","{""high"":3.236773839210122,""low"":3.203128698232222}",0.95,Means/intervals use complete per-task phase totals; total_recorded_seconds also retains known portions of incomplete totals,"Sum ordinary subprocess creation-through-exit wall over every registered actual attempt; includes ordinary output/diagnostics, excludes outer audit and inter-call waiting",available_pointwise_clopper_pearson,0.0,"Output-contract failures including numerical, resource and unclassified output failure; interval unavailable while infrastructure/not-run outcomes remain; not posterior convergence","{""high"":0.14247359772258134,""low"":0.0}",pointwise_conditional_on_timing_recorded,BCa,available,0.0,3.2183659791689174,3.2183659791689174,3.2183659791689174,3.2183659791689174,"Valid outputs with recorded complete cost only; diagnostic field, not the error-cost axis when any valid output cost is missing",20,0,"{""infrastructure_interruption"":0,""measurement_available"":0,""not_run"":0,""numerical_failure"":0,""output_failure_unclassified"":0,""resource_failure"":0,""valid"":24}",ordinary_workflow,24,0.0,24,"[24,24]",e51ad0d96ebf53e2713d78fa9e4e4f79e473cf6b4c0c64c4abe1a92a6e393348,77.24078350005402,0,0,False,0.0,"All numerically valid outputs, with complete costs for every such output; function-specific error-cost matching uses analyze_error_costs","{""high"":3.236773839210122,""low"":3.203128698232222}",pointwise_conditional_on_valid_output; shared whole-repetition resampling,"{""bca_acceleration"":0.02056322607591288,""bca_adjusted_quantiles"":[0.03332011919954291,0.98197722789453],""bca_bias_percentile"":0.5103510351035103,""bootstrap_expected_tail_counts"":[333.1678718762296,180.2096982825944],""minimum_valid_repetitions"":20,""resampled_valid_count_range"":[24,24],""resampling_plan_sha256"":""e51ad0d96ebf53e2713d78fa9e4e4f79e473cf6b4c0c64c4abe1a92a6e393348"",""undefined_bootstrap_replicates"":0}",available,0,cuda-rwm-online_picard,1024
0,0.020255886551838513,"[0.03176685706038086,0.9809201645366614]",0.5061506150615062,"[317.6368037467482,190.77927479792245]","{""high"":4.8294417120800235,""low"":4.760787180960753}",0.95,Means/intervals use complete per-task phase totals; total_recorded_seconds also retains known portions of incomplete totals,"Sum ordinary subprocess creation-through-exit wall over every registered actual attempt; includes ordinary output/diagnostics, excludes outer audit and inter-call waiting",available_pointwise_clopper_pearson,0.0,"Output-contract failures including numerical, resource and unclassified output failure; interval unavailable while infrastructure/not-run outcomes remain; not posterior convergence","{""high"":0.14247359772258134,""low"":0.0}",pointwise_conditional_on_timing_recorded,BCa,available,0.0,4.791669499999671,4.791669499999671,4.791669499999671,4.791669499999671,"Valid outputs with recorded complete cost only; diagnostic field, not the error-cost axis when any valid output cost is missing",20,0,"{""infrastructure_interruption"":0,""measurement_available"":0,""not_run"":0,""numerical_failure"":0,""output_failure_unclassified"":0,""resource_failure"":0,""valid"":24}",ordinary_workflow,24,0.0,24,"[24,24]",e51ad0d96ebf53e2713d78fa9e4e4f79e473cf6b4c0c64c4abe1a92a6e393348,115.0000679999921,0,0,False,0.0,"All numerically valid outputs, with complete costs for every such output; function-specific error-cost matching uses analyze_error_costs","{""high"":4.8294417120800235,""low"":4.760787180960753}",pointwise_conditional_on_valid_output; shared whole-repetition resampling,"{""bca_acceleration"":0.020255886551838513,""bca_adjusted_quantiles"":[0.03176685706038086,0.9809201645366614],""bca_bias_percentile"":0.5061506150615062,""bootstrap_expected_tail_counts"":[317.6368037467482,190.77927479792245],""minimum_valid_repetitions"":20,""resampled_valid_count_range"":[24,24],""resampling_plan_sha256"":""e51ad0d96ebf53e2713d78fa9e4e4f79e473cf6b4c0c64c4abe1a92a6e393348"",""undefined_bootstrap_replicates"":0}",available,0,cuda-rwm-online_picard,4096
0,0.03518549424884704,"[0.04381602080130482,0.9877539922543377]",0.5266526652665267,"[438.11639199224686,122.44783144887747]","{""high"":3.51224464162647,""low"":3.4741469358397024}",0.95,Means/intervals use complete per-task phase totals; total_recorded_seconds also retains known portions of incomplete totals,"Sum ordinary subprocess creation-through-exit wall over every registered actual attempt; includes ordinary output/diagnostics, excludes outer audit and inter-call waiting",available_pointwise_clopper_pearson,0.0,"Output-contract failures including numerical, resource and unclassified output failure; interval unavailable while infrastructure/not-run outcomes remain; not posterior convergence","{""high"":0.14247359772258134,""low"":0.0}",pointwise_conditional_on_timing_recorded,BCa,available,0.0,3.4897103500023072,3.4897103500023072,3.4897103500023072,3.4897103500023072,"Valid outputs with recorded complete cost only; diagnostic field, not the error-cost axis when any valid output cost is missing",20,0,"{""infrastructure_interruption"":0,""measurement_available"":0,""not_run"":0,""numerical_failure"":0,""output_failure_unclassified"":0,""resource_failure"":0,""valid"":24}",ordinary_workflow,24,0.0,24,"[24,24]",e51ad0d96ebf53e2713d78fa9e4e4f79e473cf6b4c0c64c4abe1a92a6e393348,83.75304840005538,0,0,False,0.0,"All numerically valid outputs, with complete costs for every such output; function-specific error-cost matching uses analyze_error_costs","{""high"":3.51224464162647,""low"":3.4741469358397024}",pointwise_conditional_on_valid_output; shared whole-repetition resampling,"{""bca_acceleration"":0.03518549424884704,""bca_adjusted_quantiles"":[0.04381602080130482,0.9877539922543377],""bca_bias_percentile"":0.5266526652665267,""bootstrap_expected_tail_counts"":[438.11639199224686,122.44783144887747],""minimum_valid_repetitions"":20,""resampled_valid_count_range"":[24,24],""resampling_plan_sha256"":""e51ad0d96ebf53e2713d78fa9e4e4f79e473cf6b4c0c64c4abe1a92a6e393348"",""undefined_bootstrap_replicates"":0}",available,0,cuda-rwm-sequential,1024
0,-0.0002108643164422205,"[0.026131473138472503,0.9760892247633133]",0.5039503950395039,"[261.2885999115866,239.08384159163052]","{""high"":6.09200739982004,""low"":5.9914452229950435}",0.95,Means/intervals use complete per-task phase totals; total_recorded_seconds also retains known portions of incomplete totals,"Sum ordinary subprocess creation-through-exit wall over every registered actual attempt; includes ordinary output/diagnostics, excludes outer audit and inter-call waiting",available_pointwise_clopper_pearson,0.0,"Output-contract failures including numerical, resource and unclassified output failure; interval unavailable while infrastructure/not-run outcomes remain; not posterior convergence","{""high"":0.14247359772258134,""low"":0.0}",pointwise_conditional_on_timing_recorded,BCa,available,0.0,6.041126333329809,6.041126333329809,6.041126333329809,6.041126333329809,"Valid outputs with recorded complete cost only; diagnostic field, not the error-cost axis when any valid output cost is missing",20,0,"{""infrastructure_interruption"":0,""measurement_available"":0,""not_run"":0,""numerical_failure"":0,""output_failure_unclassified"":0,""resource_failure"":0,""valid"":24}",ordinary_workflow,24,0.0,24,"[24,24]",e51ad0d96ebf53e2713d78fa9e4e4f79e473cf6b4c0c64c4abe1a92a6e393348,144.98703199991542,0,0,False,0.0,"All numerically valid outputs, with complete costs for every such output; function-specific error-cost matching uses analyze_error_costs","{""high"":6.09200739982004,""low"":5.9914452229950435}",pointwise_conditional_on_valid_output; shared whole-repetition resampling,"{""bca_acceleration"":-0.0002108643164422205,""bca_adjusted_quantiles"":[0.026131473138472503,0.9760892247633133],""bca_bias_percentile"":0.5039503950395039,""bootstrap_expected_tail_counts"":[261.2885999115866,239.08384159163052],""minimum_valid_repetitions"":20,""resampled_valid_count_range"":[24,24],""resampling_plan_sha256"":""e51ad0d96ebf53e2713d78fa9e4e4f79e473cf6b4c0c64c4abe1a92a6e393348"",""undefined_bootstrap_replicates"":0}",available,0,cuda-rwm-sequential,4096
0,-0.00904093825373406,"[0.02352350364958542,0.9735019992277025]",0.5018501850185019,"[235.21151299220463,264.9535097222024]","{""high"":13.366522158421654,""low"":12.80171472754305}",0.95,Means/intervals use complete per-task phase totals; total_recorded_seconds also retains known portions of incomplete totals,"Sum all coordinator run/retry calls except completed verification-only returns; includes recorded refusals/recovery/audit/sealing; excludes ledger writes, report observations and inter-call waiting",available_pointwise_clopper_pearson,0.0,"Output-contract failures including numerical, resource and unclassified output failure; interval unavailable while infrastructure/not-run outcomes remain; not posterior convergence","{""high"":0.14247359772258134,""low"":0.0}",pointwise_conditional_on_timing_recorded,BCa,available,0.0,13.088408308333404,13.088408308333404,13.088408308333404,13.088408308333404,"Valid outputs with recorded complete cost only; diagnostic field, not the error-cost axis when any valid output cost is missing",20,0,"{""infrastructure_interruption"":0,""measurement_available"":0,""not_run"":0,""numerical_failure"":0,""output_failure_unclassified"":0,""resource_failure"":0,""valid"":24}",research_execution,24,0.0,24,"[24,24]",e51ad0d96ebf53e2713d78fa9e4e4f79e473cf6b4c0c64c4abe1a92a6e393348,314.1217994000017,0,0,False,0.0,"All numerically valid outputs, with complete costs for every such output; function-specific error-cost matching uses analyze_error_costs","{""high"":13.366522158421654,""low"":12.80171472754305}",pointwise_conditional_on_valid_output; shared whole-repetition resampling,"{""bca_acceleration"":-0.00904093825373406,""bca_adjusted_quantiles"":[0.02352350364958542,0.9735019992277025],""bca_bias_percentile"":0.5018501850185019,""bootstrap_expected_tail_counts"":[235.21151299220463,264.9535097222024],""minimum_valid_repetitions"":20,""resampled_valid_count_range"":[24,24],""resampling_plan_sha256"":""e51ad0d96ebf53e2713d78fa9e4e4f79e473cf6b4c0c64c4abe1a92a6e393348"",""undefined_bootstrap_replicates"":0}",available,0,cpu-mala-quasi_deer,1024
0,0.0116736077079076,"[0.030655046510817043,0.9799555188312471]",0.5091509150915091,"[306.5198100616596,200.4247672063603]","{""high"":29.325272406060964,""low"":27.54601093039847}",0.95,Means/intervals use complete per-task phase totals; total_recorded_seconds also retains known portions of incomplete totals,"Sum all coordinator run/retry calls except completed verification-only returns; includes recorded refusals/recovery/audit/sealing; excludes ledger writes, report observations and inter-call waiting",available_pointwise_clopper_pearson,0.0,"Output-contract failures including numerical, resource and unclassified output failure; interval unavailable while infrastructure/not-run outcomes remain; not posterior convergence","{""high"":0.14247359772258134,""low"":0.0}",pointwise_conditional_on_timing_recorded,BCa,available,0.0,28.35342637500268,28.35342637500268,28.35342637500268,28.35342637500268,"Valid outputs with recorded complete cost only; diagnostic field, not the error-cost axis when any valid output cost is missing",20,0,"{""infrastructure_interruption"":0,""measurement_available"":0,""not_run"":0,""numerical_failure"":0,""output_failure_unclassified"":0,""resource_failure"":0,""valid"":24}",research_execution,24,0.0,24,"[24,24]",e51ad0d96ebf53e2713d78fa9e4e4f79e473cf6b4c0c64c4abe1a92a6e393348,680.4822330000643,0,0,False,0.0,"All numerically valid outputs, with complete costs for every such output; function-specific error-cost matching uses analyze_error_costs","{""high"":29.325272406060964,""low"":27.54601093039847}",pointwise_conditional_on_valid_output; shared whole-repetition resampling,"{""bca_acceleration"":0.0116736077079076,""bca_adjusted_quantiles"":[0.030655046510817043,0.9799555188312471],""bca_bias_percentile"":0.5091509150915091,""bootstrap_expected_tail_counts"":[306.5198100616596,200.4247672063603],""minimum_valid_repetitions"":20,""resampled_valid_count_range"":[24,24],""resampling_plan_sha256"":""e51ad0d96ebf53e2713d78fa9e4e4f79e473cf6b4c0c64c4abe1a92a6e393348"",""undefined_bootstrap_replicates"":0}",available,0,cpu-mala-quasi_deer,4096
0,0.0014821596147291457,"[0.02582508758092166,0.9758074862529604]",0.5016501650165016,"[258.2250507216357,241.90094495664863]","{""high"":6.5767250846593015,""low"":6.5079685812265025}",0.95,Means/intervals use complete per-task phase totals; total_recorded_seconds also retains known portions of incomplete totals,"Sum all coordinator run/retry calls except completed verification-only returns; includes recorded refusals/recovery/audit/sealing; excludes ledger writes, report observations and inter-call waiting",available_pointwise_clopper_pearson,0.0,"Output-contract failures including numerical, resource and unclassified output failure; interval unavailable while infrastructure/not-run outcomes remain; not posterior convergence","{""high"":0.14247359772258134,""low"":0.0}",pointwise_conditional_on_timing_recorded,BCa,available,0.0,6.542089924996465,6.542089924996465,6.542089924996465,6.542089924996465,"Valid outputs with recorded complete cost only; diagnostic field, not the error-cost axis when any valid output cost is missing",20,0,"{""infrastructure_interruption"":0,""measurement_available"":0,""not_run"":0,""numerical_failure"":0,""output_failure_unclassified"":0,""resource_failure"":0,""valid"":24}",research_execution,24,0.0,24,"[24,24]",e51ad0d96ebf53e2713d78fa9e4e4f79e473cf6b4c0c64c4abe1a92a6e393348,157.01015819991517,0,0,False,0.0,"All numerically valid outputs, with complete costs for every such output; function-specific error-cost matching uses analyze_error_costs","{""high"":6.5767250846593015,""low"":6.5079685812265025}",pointwise_conditional_on_valid_output; shared whole-repetition resampling,"{""bca_acceleration"":0.0014821596147291457,""bca_adjusted_quantiles"":[0.02582508758092166,0.9758074862529604],""bca_bias_percentile"":0.5016501650165016,""bootstrap_expected_tail_counts"":[258.2250507216357,241.90094495664863],""minimum_valid_repetitions"":20,""resampled_valid_count_range"":[24,24],""resampling_plan_sha256"":""e51ad0d96ebf53e2713d78fa9e4e4f79e473cf6b4c0c64c4abe1a92a6e393348"",""undefined_bootstrap_replicates"":0}",available,0,cpu-mala-sequential,1024
0,0.020940696673981577,"[0.03061388755306274,0.9800906454573002]",0.5022502250225023,"[306.10826164307434,199.07363607245549]","{""high"":9.656030932530683,""low"":9.529862989903409}",0.95,Means/intervals use complete per-task phase totals; total_recorded_seconds also retains known portions of incomplete totals,"Sum all coordinator run/retry calls except completed verification-only returns; includes recorded refusals/recovery/audit/sealing; excludes ledger writes, report observations and inter-call waiting",available_pointwise_clopper_pearson,0.0,"Output-contract failures including numerical, resource and unclassified output failure; interval unavailable while infrastructure/not-run outcomes remain; not posterior convergence","{""high"":0.14247359772258134,""low"":0.0}",pointwise_conditional_on_timing_recorded,BCa,available,0.0,9.587721991659237,9.587721991659237,9.587721991659237,9.587721991659237,"Valid outputs with recorded complete cost only; diagnostic field, not the error-cost axis when any valid output cost is missing",20,0,"{""infrastructure_interruption"":0,""measurement_available"":0,""not_run"":0,""numerical_failure"":0,""output_failure_unclassified"":0,""resource_failure"":0,""valid"":24}",research_execution,24,0.0,24,"[24,24]",e51ad0d96ebf53e2713d78fa9e4e4f79e473cf6b4c0c64c4abe1a92a6e393348,230.10532779982168,0,0,False,0.0,"All numerically valid outputs, with complete costs for every such output; function-specific error-cost matching uses analyze_error_costs","{""high"":9.656030932530683,""low"":9.529862989903409}",pointwise_conditional_on_valid_output; shared whole-repetition resampling,"{""bca_acceleration"":0.020940696673981577,""bca_adjusted_quantiles"":[0.03061388755306274,0.9800906454573002],""bca_bias_percentile"":0.5022502250225023,""bootstrap_expected_tail_counts"":[306.10826164307434,199.07363607245549],""minimum_valid_repetitions"":20,""resampled_valid_count_range"":[24,24],""resampling_plan_sha256"":""e51ad0d96ebf53e2713d78fa9e4e4f79e473cf6b4c0c64c4abe1a92a6e393348"",""undefined_bootstrap_replicates"":0}",available,0,cpu-mala-sequential,4096
0,0.008339193443880859,"[0.03199951296559092,0.9808357444422584]",0.5154515451545154,"[319.9631301429436,191.6233913218582]","{""high"":10.702933975118794,""low"":10.211165858492485}",0.95,Means/intervals use complete per-task phase totals; total_recorded_seconds also retains known portions of incomplete totals,"Sum all coordinator run/retry calls except completed verification-only returns; includes recorded refusals/recovery/audit/sealing; excludes ledger writes, report observations and inter-call waiting",available_pointwise_clopper_pearson,0.0,"Output-contract failures including numerical, resource and unclassified output failure; interval unavailable while infrastructure/not-run outcomes remain; not posterior convergence","{""high"":0.14247359772258134,""low"":0.0}",pointwise_conditional_on_timing_recorded,BCa,available,0.0,10.441717466660142,10.441717466660142,10.441717466660142,10.441717466660142,"Valid outputs with recorded complete cost only; diagnostic field, not the error-cost axis when any valid output cost is missing",20,0,"{""infrastructure_interruption"":0,""measurement_available"":0,""not_run"":0,""numerical_failure"":0,""output_failure_unclassified"":0,""resource_failure"":0,""valid"":24}",research_execution,24,0.0,24,"[24,24]",e51ad0d96ebf53e2713d78fa9e4e4f79e473cf6b4c0c64c4abe1a92a6e393348,250.6012191998434,0,0,False,0.0,"All numerically valid outputs, with complete costs for every such output; function-specific error-cost matching uses analyze_error_costs","{""high"":10.702933975118794,""low"":10.211165858492485}",pointwise_conditional_on_valid_output; shared whole-repetition resampling,"{""bca_acceleration"":0.008339193443880859,""bca_adjusted_quantiles"":[0.03199951296559092,0.9808357444422584],""bca_bias_percentile"":0.5154515451545154,""bootstrap_expected_tail_counts"":[319.9631301429436,191.6233913218582],""minimum_valid_repetitions"":20,""resampled_valid_count_range"":[24,24],""resampling_plan_sha256"":""e51ad0d96ebf53e2713d78fa9e4e4f79e473cf6b4c0c64c4abe1a92a6e393348"",""undefined_bootstrap_replicates"":0}",available,0,cpu-nuts-spawn_chains,1024
0,0.016219304664797998,"[0.0322464199731814,0.9811672387829484]",0.5104510451045104,"[322.43195331184086,188.3087794092987]","{""high"":18.938934210951977,""low"":17.749007110853004}",0.95,Means/intervals use complete per-task phase totals; total_recorded_seconds also retains known portions of incomplete totals,"Sum all coordinator run/retry calls except completed verification-only returns; includes recorded refusals/recovery/audit/sealing; excludes ledger writes, report observations and inter-call waiting",available_pointwise_clopper_pearson,0.7083333333333334,"Output-contract failures including numerical, resource and unclassified output failure; interval unavailable while infrastructure/not-run outcomes remain; not posterior convergence","{""high"":0.8738479114763109,""low"":0.48905218614216706}",pointwise_conditional_on_timing_recorded,BCa,available,0.0,18.289976333332636,19.805925785713043,18.289976333332636,19.805925785713043,"Valid outputs with recorded complete cost only; diagnostic field, not the error-cost axis when any valid output cost is missing",20,0,"{""infrastructure_interruption"":0,""measurement_available"":0,""not_run"":0,""numerical_failure"":0,""output_failure_unclassified"":17,""resource_failure"":0,""valid"":7}",research_execution,24,0.0,24,"[24,24]",e51ad0d96ebf53e2713d78fa9e4e4f79e473cf6b4c0c64c4abe1a92a6e393348,438.9594319999833,0,0,False,300.317951499992,"All numerically valid outputs, with complete costs for every such output; function-specific error-cost matching uses analyze_error_costs",,pointwise_conditional_on_valid_output; shared whole-repetition resampling,"{""minimum_valid_repetitions"":20,""resampling_plan_sha256"":""e51ad0d96ebf53e2713d78fa9e4e4f79e473cf6b4c0c64c4abe1a92a6e393348""}",fewer_than_20_valid_repetitions,0,cpu-nuts-spawn_chains,4096
0,0.040297577772499996,"[0.039138866183105595,0.9858596068011347]",0.5119511951195119,"[391.34952296487285,141.389791595454]","{""high"":4.7715613636533165,""low"":4.694886175340986}",0.95,Means/intervals use complete per-task phase totals; total_recorded_seconds also retains known portions of incomplete totals,"Sum all coordinator run/retry calls except completed verification-only returns; includes recorded refusals/recovery/audit/sealing; excludes ledger writes, report observations and inter-call waiting",available_pointwise_clopper_pearson,0.0,"Output-contract failures including numerical, resource and unclassified output failure; interval unavailable while infrastructure/not-run outcomes remain; not posterior convergence","{""high"":0.14247359772258134,""low"":0.0}",pointwise_conditional_on_timing_recorded,BCa,available,0.0,4.727438599996314,4.727438599996314,4.727438599996314,4.727438599996314,"Valid outputs with recorded complete cost only; diagnostic field, not the error-cost axis when any valid output cost is missing",20,0,"{""infrastructure_interruption"":0,""measurement_available"":0,""not_run"":0,""numerical_failure"":0,""output_failure_unclassified"":0,""resource_failure"":0,""valid"":24}",research_execution,24,0.0,24,"[24,24]",e51ad0d96ebf53e2713d78fa9e4e4f79e473cf6b4c0c64c4abe1a92a6e393348,113.45852639991153,0,0,False,0.0,"All numerically valid outputs, with complete costs for every such output; function-specific error-cost matching uses analyze_error_costs","{""high"":4.7715613636533165,""low"":4.694886175340986}",pointwise_conditional_on_valid_output; shared whole-repetition resampling,"{""bca_acceleration"":0.040297577772499996,""bca_adjusted_quantiles"":[0.039138866183105595,0.9858596068011347],""bca_bias_percentile"":0.5119511951195119,""bootstrap_expected_tail_counts"":[391.34952296487285,141.389791595454],""minimum_valid_repetitions"":20,""resampled_valid_count_range"":[24,24],""resampling_plan_sha256"":""e51ad0d96ebf53e2713d78fa9e4e4f79e473cf6b4c0c64c4abe1a92a6e393348"",""undefined_bootstrap_replicates"":0}",available,0,cpu-rwm-online_picard,1024
0,0.011414154676897709,"[0.030320092851082826,0.9797031743301313]",0.5083508350835083,"[303.1706084179772,202.9479598730169]","{""high"":5.521262509897513,""low"":5.438420900866804}",0.95,Means/intervals use complete per-task phase totals; total_recorded_seconds also retains known portions of incomplete totals,"Sum all coordinator run/retry calls except completed verification-only returns; includes recorded refusals/recovery/audit/sealing; excludes ledger writes, report observations and inter-call waiting",available_pointwise_clopper_pearson,0.0,"Output-contract failures including numerical, resource and unclassified output failure; interval unavailable while infrastructure/not-run outcomes remain; not posterior convergence","{""high"":0.14247359772258134,""low"":0.0}",pointwise_conditional_on_timing_recorded,BCa,available,0.0,5.4786403916615045,5.4786403916615045,5.4786403916615045,5.4786403916615045,"Valid outputs with recorded complete cost only; diagnostic field, not the error-cost axis when any valid output cost is missing",20,0,"{""infrastructure_interruption"":0,""measurement_available"":0,""not_run"":0,""numerical_failure"":0,""output_failure_unclassified"":0,""resource_failure"":0,""valid"":24}",research_execution,24,0.0,24,"[24,24]",e51ad0d96ebf53e2713d78fa9e4e4f79e473cf6b4c0c64c4abe1a92a6e393348,131.48736939987612,0,0,False,0.0,"All numerically valid outputs, with complete costs for every such output; function-specific error-cost matching uses analyze_error_costs","{""high"":5.521262509897513,""low"":5.438420900866804}",pointwise_conditional_on_valid_output; shared whole-repetition resampling,"{""bca_acceleration"":0.011414154676897709,""bca_adjusted_quantiles"":[0.030320092851082826,0.9797031743301313],""bca_bias_percentile"":0.5083508350835083,""bootstrap_expected_tail_counts"":[303.1706084179772,202.9479598730169],""minimum_valid_repetitions"":20,""resampled_valid_count_range"":[24,24],""resampling_plan_sha256"":""e51ad0d96ebf53e2713d78fa9e4e4f79e473cf6b4c0c64c4abe1a92a6e393348"",""undefined_bootstrap_replicates"":0}",available,0,cpu-rwm-online_picard,4096
0,0.014582283000393688,"[0.02818363826742791,0.9780366441166721]",0.49944994499449946,"[281.8081990360117,219.6115954773954]","{""high"":4.753834627890442,""low"":4.689749210620878}",0.95,Means/intervals use complete per-task phase totals; total_recorded_seconds also retains known portions of incomplete totals,"Sum all coordinator run/retry calls except completed verification-only returns; includes recorded refusals/recovery/audit/sealing; excludes ledger writes, report observations and inter-call waiting",available_pointwise_clopper_pearson,0.0,"Output-contract failures including numerical, resource and unclassified output failure; interval unavailable while infrastructure/not-run outcomes remain; not posterior convergence","{""high"":0.14247359772258134,""low"":0.0}",pointwise_conditional_on_timing_recorded,BCa,available,0.0,4.7204489916686425,4.7204489916686425,4.7204489916686425,4.7204489916686425,"Valid outputs with recorded complete cost only; diagnostic field, not the error-cost axis when any valid output cost is missing",20,0,"{""infrastructure_interruption"":0,""measurement_available"":0,""not_run"":0,""numerical_failure"":0,""output_failure_unclassified"":0,""resource_failure"":0,""valid"":24}",research_execution,24,0.0,24,"[24,24]",e51ad0d96ebf53e2713d78fa9e4e4f79e473cf6b4c0c64c4abe1a92a6e393348,113.29077580004741,0,0,False,0.0,"All numerically valid outputs, with complete costs for every such output; function-specific error-cost matching uses analyze_error_costs","{""high"":4.753834627890442,""low"":4.689749210620878}",pointwise_conditional_on_valid_output; shared whole-repetition resampling,"{""bca_acceleration"":0.014582283000393688,""bca_adjusted_quantiles"":[0.02818363826742791,0.9780366441166721],""bca_bias_percentile"":0.49944994499449946,""bootstrap_expected_tail_counts"":[281.8081990360117,219.6115954773954],""minimum_valid_repetitions"":20,""resampled_valid_count_range"":[24,24],""resampling_plan_sha256"":""e51ad0d96ebf53e2713d78fa9e4e4f79e473cf6b4c0c64c4abe1a92a6e393348"",""undefined_bootstrap_replicates"":0}",available,0,cpu-rwm-sequential,1024
0,-0.026893156804112965,"[0.016162740117953208,0.9638834603358264]",0.48654865486548654,"[161.61123843941414,361.1292801020719]","{""high"":5.531716935913955,""low"":5.466447920971389}",0.95,Means/intervals use complete per-task phase totals; total_recorded_seconds also retains known portions of incomplete totals,"Sum all coordinator run/retry calls except completed verification-only returns; includes recorded refusals/recovery/audit/sealing; excludes ledger writes, report observations and inter-call waiting",available_pointwise_clopper_pearson,0.0,"Output-contract failures including numerical, resource and unclassified output failure; interval unavailable while infrastructure/not-run outcomes remain; not posterior convergence","{""high"":0.14247359772258134,""low"":0.0}",pointwise_conditional_on_timing_recorded,BCa,available,0.0,5.502994704164924,5.502994704164924,5.502994704164924,5.502994704164924,"Valid outputs with recorded complete cost only; diagnostic field, not the error-cost axis when any valid output cost is missing",20,0,"{""infrastructure_interruption"":0,""measurement_available"":0,""not_run"":0,""numerical_failure"":0,""output_failure_unclassified"":0,""resource_failure"":0,""valid"":24}",research_execution,24,0.0,24,"[24,24]",e51ad0d96ebf53e2713d78fa9e4e4f79e473cf6b4c0c64c4abe1a92a6e393348,132.07187289995818,0,0,False,0.0,"All numerically valid outputs, with complete costs for every such output; function-specific error-cost matching uses analyze_error_costs","{""high"":5.531716935913955,""low"":5.466447920971389}",pointwise_conditional_on_valid_output; shared whole-repetition resampling,"{""bca_acceleration"":-0.026893156804112965,""bca_adjusted_quantiles"":[0.016162740117953208,0.9638834603358264],""bca_bias_percentile"":0.48654865486548654,""bootstrap_expected_tail_counts"":[161.61123843941414,361.1292801020719],""minimum_valid_repetitions"":20,""resampled_valid_count_range"":[24,24],""resampling_plan_sha256"":""e51ad0d96ebf53e2713d78fa9e4e4f79e473cf6b4c0c64c4abe1a92a6e393348"",""undefined_bootstrap_replicates"":0}",available,0,cpu-rwm-sequential,4096
0,-0.026572293651133654,"[0.015338836812653366,0.9623512372950803]",0.4823482348234823,"[153.37302928972102,376.4499782864919]","{""high"":21.21847858479322,""low"":20.53786728157635}",0.95,Means/intervals use complete per-task phase totals; total_recorded_seconds also retains known portions of incomplete totals,"Sum all coordinator run/retry calls except completed verification-only returns; includes recorded refusals/recovery/audit/sealing; excludes ledger writes, report observations and inter-call waiting",available_pointwise_clopper_pearson,0.0,"Output-contract failures including numerical, resource and unclassified output failure; interval unavailable while infrastructure/not-run outcomes remain; not posterior convergence","{""high"":0.14247359772258134,""low"":0.0}",pointwise_conditional_on_timing_recorded,BCa,available,0.0,20.915191375002905,20.915191375002905,20.915191375002905,20.915191375002905,"Valid outputs with recorded complete cost only; diagnostic field, not the error-cost axis when any valid output cost is missing",20,0,"{""infrastructure_interruption"":0,""measurement_available"":0,""not_run"":0,""numerical_failure"":0,""output_failure_unclassified"":0,""resource_failure"":0,""valid"":24}",research_execution,24,0.0,24,"[24,24]",e51ad0d96ebf53e2713d78fa9e4e4f79e473cf6b4c0c64c4abe1a92a6e393348,501.9645930000697,0,0,False,0.0,"All numerically valid outputs, with complete costs for every such output; function-specific error-cost matching uses analyze_error_costs","{""high"":21.21847858479322,""low"":20.53786728157635}",pointwise_conditional_on_valid_output; shared whole-repetition resampling,"{""bca_acceleration"":-0.026572293651133654,""bca_adjusted_quantiles"":[0.015338836812653366,0.9623512372950803],""bca_bias_percentile"":0.4823482348234823,""bootstrap_expected_tail_counts"":[153.37302928972102,376.4499782864919],""minimum_valid_repetitions"":20,""resampled_valid_count_range"":[24,24],""resampling_plan_sha256"":""e51ad0d96ebf53e2713d78fa9e4e4f79e473cf6b4c0c64c4abe1a92a6e393348"",""undefined_bootstrap_replicates"":0}",available,0,cuda-mala-quasi_deer,1024
0,-0.010472374846527082,"[0.019862238951012186,0.969064136427014]",0.48914891489148915,"[198.60252727117086,309.32769986628756]","{""high"":51.35196767754683,""low"":50.176588179361026}",0.95,Means/intervals use complete per-task phase totals; total_recorded_seconds also retains known portions of incomplete totals,"Sum all coordinator run/retry calls except completed verification-only returns; includes recorded refusals/recovery/audit/sealing; excludes ledger writes, report observations and inter-call waiting",available_pointwise_clopper_pearson,0.0,"Output-contract failures including numerical, resource and unclassified output failure; interval unavailable while infrastructure/not-run outcomes remain; not posterior convergence","{""high"":0.14247359772258134,""low"":0.0}",pointwise_conditional_on_timing_recorded,BCa,available,0.0,50.80448016250633,50.80448016250633,50.80448016250633,50.80448016250633,"Valid outputs with recorded complete cost only; diagnostic field, not the error-cost axis when any valid output cost is missing",20,0,"{""infrastructure_interruption"":0,""measurement_available"":0,""not_run"":0,""numerical_failure"":0,""output_failure_unclassified"":0,""resource_failure"":0,""valid"":24}",research_execution,24,0.0,24,"[24,24]",e51ad0d96ebf53e2713d78fa9e4e4f79e473cf6b4c0c64c4abe1a92a6e393348,1219.3075239001519,0,0,False,0.0,"All numerically valid outputs, with complete costs for every such output; function-specific error-cost matching uses analyze_error_costs","{""high"":51.35196767754683,""low"":50.176588179361026}",pointwise_conditional_on_valid_output; shared whole-repetition resampling,"{""bca_acceleration"":-0.010472374846527082,""bca_adjusted_quantiles"":[0.019862238951012186,0.969064136427014],""bca_bias_percentile"":0.48914891489148915,""bootstrap_expected_tail_counts"":[198.60252727117086,309.32769986628756],""minimum_valid_repetitions"":20,""resampled_valid_count_range"":[24,24],""resampling_plan_sha256"":""e51ad0d96ebf53e2713d78fa9e4e4f79e473cf6b4c0c64c4abe1a92a6e393348"",""undefined_bootstrap_replicates"":0}",available,0,cuda-mala-quasi_deer,4096
0,-0.09913389643749157,"[0.002938169037609977,0.9231531492905225]",0.45004500450045004,"[29.378752207062156,768.3916602440655]","{""high"":9.961012035346728,""low"":9.774239498795662}",0.95,Means/intervals use complete per-task phase totals; total_recorded_seconds also retains known portions of incomplete totals,"Sum all coordinator run/retry calls except completed verification-only returns; includes recorded refusals/recovery/audit/sealing; excludes ledger writes, report observations and inter-call waiting",available_pointwise_clopper_pearson,0.0,"Output-contract failures including numerical, resource and unclassified output failure; interval unavailable while infrastructure/not-run outcomes remain; not posterior convergence","{""high"":0.14247359772258134,""low"":0.0}",pointwise_conditional_on_timing_recorded,BCa,available,0.0,9.909912512497575,9.909912512497575,9.909912512497575,9.909912512497575,"Valid outputs with recorded complete cost only; diagnostic field, not the error-cost axis when any valid output cost is missing",20,0,"{""infrastructure_interruption"":0,""measurement_available"":0,""not_run"":0,""numerical_failure"":0,""output_failure_unclassified"":0,""resource_failure"":0,""valid"":24}",research_execution,24,0.0,24,"[24,24]",e51ad0d96ebf53e2713d78fa9e4e4f79e473cf6b4c0c64c4abe1a92a6e393348,237.8379002999418,0,0,False,0.0,"All numerically valid outputs, with complete costs for every such output; function-specific error-cost matching uses analyze_error_costs","{""high"":9.961012035346728,""low"":9.774239498795662}",pointwise_conditional_on_valid_output; shared whole-repetition resampling,"{""bca_acceleration"":-0.09913389643749157,""bca_adjusted_quantiles"":[0.002938169037609977,0.9231531492905225],""bca_bias_percentile"":0.45004500450045004,""bootstrap_expected_tail_counts"":[29.378752207062156,768.3916602440655],""minimum_valid_repetitions"":20,""resampled_valid_count_range"":[24,24],""resampling_plan_sha256"":""e51ad0d96ebf53e2713d78fa9e4e4f79e473cf6b4c0c64c4abe1a92a6e393348"",""undefined_bootstrap_replicates"":0}",available,0,cuda-mala-sequential,1024
0,-0.03900970769079282,"[0.013002954706401589,0.9583346419016688]",0.480948094809481,"[130.01654410930948,416.61191562521327]","{""high"":19.49582918950357,""low"":18.81144402229498}",0.95,Means/intervals use complete per-task phase totals; total_recorded_seconds also retains known portions of incomplete totals,"Sum all coordinator run/retry calls except completed verification-only returns; includes recorded refusals/recovery/audit/sealing; excludes ledger writes, report observations and inter-call waiting",available_pointwise_clopper_pearson,0.0,"Output-contract failures including numerical, resource and unclassified output failure; interval unavailable while infrastructure/not-run outcomes remain; not posterior convergence","{""high"":0.14247359772258134,""low"":0.0}",pointwise_conditional_on_timing_recorded,BCa,available,0.0,19.21479821666465,19.21479821666465,19.21479821666465,19.21479821666465,"Valid outputs with recorded complete cost only; diagnostic field, not the error-cost axis when any valid output cost is missing",20,0,"{""infrastructure_interruption"":0,""measurement_available"":0,""not_run"":0,""numerical_failure"":0,""output_failure_unclassified"":0,""resource_failure"":0,""valid"":24}",research_execution,24,0.0,24,"[24,24]",e51ad0d96ebf53e2713d78fa9e4e4f79e473cf6b4c0c64c4abe1a92a6e393348,461.15515719995165,0,0,False,0.0,"All numerically valid outputs, with complete costs for every such output; function-specific error-cost matching uses analyze_error_costs","{""high"":19.49582918950357,""low"":18.81144402229498}",pointwise_conditional_on_valid_output; shared whole-repetition resampling,"{""bca_acceleration"":-0.03900970769079282,""bca_adjusted_quantiles"":[0.013002954706401589,0.9583346419016688],""bca_bias_percentile"":0.480948094809481,""bootstrap_expected_tail_counts"":[130.01654410930948,416.61191562521327],""minimum_valid_repetitions"":20,""resampled_valid_count_range"":[24,24],""resampling_plan_sha256"":""e51ad0d96ebf53e2713d78fa9e4e4f79e473cf6b4c0c64c4abe1a92a6e393348"",""undefined_bootstrap_replicates"":0}",available,0,cuda-mala-sequential,4096
0,0.000536741676953991,"[0.027837226416842307,0.9775958946754044]",0.5088508850885088,"[278.34442694200624,224.0186491406312]","{""high"":5.51192366159321,""low"":5.4242317382856395}",0.95,Means/intervals use complete per-task phase totals; total_recorded_seconds also retains known portions of incomplete totals,"Sum all coordinator run/retry calls except completed verification-only returns; includes recorded refusals/recovery/audit/sealing; excludes ledger writes, report observations and inter-call waiting",available_pointwise_clopper_pearson,0.0,"Output-contract failures including numerical, resource and unclassified output failure; interval unavailable while infrastructure/not-run outcomes remain; not posterior convergence","{""high"":0.14247359772258134,""low"":0.0}",pointwise_conditional_on_timing_recorded,BCa,available,0.0,5.466546883335809,5.466546883335809,5.466546883335809,5.466546883335809,"Valid outputs with recorded complete cost only; diagnostic field, not the error-cost axis when any valid output cost is missing",20,0,"{""infrastructure_interruption"":0,""measurement_available"":0,""not_run"":0,""numerical_failure"":0,""output_failure_unclassified"":0,""resource_failure"":0,""valid"":24}",research_execution,24,0.0,24,"[24,24]",e51ad0d96ebf53e2713d78fa9e4e4f79e473cf6b4c0c64c4abe1a92a6e393348,131.19712520005942,0,0,False,0.0,"All numerically valid outputs, with complete costs for every such output; function-specific error-cost matching uses analyze_error_costs","{""high"":5.51192366159321,""low"":5.4242317382856395}",pointwise_conditional_on_valid_output; shared whole-repetition resampling,"{""bca_acceleration"":0.000536741676953991,""bca_adjusted_quantiles"":[0.027837226416842307,0.9775958946754044],""bca_bias_percentile"":0.5088508850885088,""bootstrap_expected_tail_counts"":[278.34442694200624,224.0186491406312],""minimum_valid_repetitions"":20,""resampled_valid_count_range"":[24,24],""resampling_plan_sha256"":""e51ad0d96ebf53e2713d78fa9e4e4f79e473cf6b4c0c64c4abe1a92a6e393348"",""undefined_bootstrap_replicates"":0}",available,0,cuda-rwm-online_picard,1024
0,0.0035556425889038093,"[0.025818319970578922,0.9758074881519557]",0.5000500050005,"[258.15738138581867,241.9009259685947]","{""high"":7.223221646657494,""low"":7.1414715316602}",0.95,Means/intervals use complete per-task phase totals; total_recorded_seconds also retains known portions of incomplete totals,"Sum all coordinator run/retry calls except completed verification-only returns; includes recorded refusals/recovery/audit/sealing; excludes ledger writes, report observations and inter-call waiting",available_pointwise_clopper_pearson,0.0,"Output-contract failures including numerical, resource and unclassified output failure; interval unavailable while infrastructure/not-run outcomes remain; not posterior convergence","{""high"":0.14247359772258134,""low"":0.0}",pointwise_conditional_on_timing_recorded,BCa,available,0.0,7.181170099998174,7.181170099998174,7.181170099998174,7.181170099998174,"Valid outputs with recorded complete cost only; diagnostic field, not the error-cost axis when any valid output cost is missing",20,0,"{""infrastructure_interruption"":0,""measurement_available"":0,""not_run"":0,""numerical_failure"":0,""output_failure_unclassified"":0,""resource_failure"":0,""valid"":24}",research_execution,24,0.0,24,"[24,24]",e51ad0d96ebf53e2713d78fa9e4e4f79e473cf6b4c0c64c4abe1a92a6e393348,172.34808239995618,0,0,False,0.0,"All numerically valid outputs, with complete costs for every such output; function-specific error-cost matching uses analyze_error_costs","{""high"":7.223221646657494,""low"":7.1414715316602}",pointwise_conditional_on_valid_output; shared whole-repetition resampling,"{""bca_acceleration"":0.0035556425889038093,""bca_adjusted_quantiles"":[0.025818319970578922,0.9758074881519557],""bca_bias_percentile"":0.5000500050005,""bootstrap_expected_tail_counts"":[258.15738138581867,241.9009259685947],""minimum_valid_repetitions"":20,""resampled_valid_count_range"":[24,24],""resampling_plan_sha256"":""e51ad0d96ebf53e2713d78fa9e4e4f79e473cf6b4c0c64c4abe1a92a6e393348"",""undefined_bootstrap_replicates"":0}",available,0,cuda-rwm-online_picard,4096
0,0.0213074322458973,"[0.03858538981942674,0.9849737049011902]",0.5236523652365237,"[385.81531280444796,150.24792469299936]","{""high"":5.775713528042547,""low"":5.6746242497162696}",0.95,Means/intervals use complete per-task phase totals; total_recorded_seconds also retains known portions of incomplete totals,"Sum all coordinator run/retry calls except completed verification-only returns; includes recorded refusals/recovery/audit/sealing; excludes ledger writes, report observations and inter-call waiting",available_pointwise_clopper_pearson,0.0,"Output-contract failures including numerical, resource and unclassified output failure; interval unavailable while infrastructure/not-run outcomes remain; not posterior convergence","{""high"":0.14247359772258134,""low"":0.0}",pointwise_conditional_on_timing_recorded,BCa,available,0.0,5.71857273333391,5.71857273333391,5.71857273333391,5.71857273333391,"Valid outputs with recorded complete cost only; diagnostic field, not the error-cost axis when any valid output cost is missing",20,0,"{""infrastructure_interruption"":0,""measurement_available"":0,""not_run"":0,""numerical_failure"":0,""output_failure_unclassified"":0,""resource_failure"":0,""valid"":24}",research_execution,24,0.0,24,"[24,24]",e51ad0d96ebf53e2713d78fa9e4e4f79e473cf6b4c0c64c4abe1a92a6e393348,137.24574560001383,0,0,False,0.0,"All numerically valid outputs, with complete costs for every such output; function-specific error-cost matching uses analyze_error_costs","{""high"":5.775713528042547,""low"":5.6746242497162696}",pointwise_conditional_on_valid_output; shared whole-repetition resampling,"{""bca_acceleration"":0.0213074322458973,""bca_adjusted_quantiles"":[0.03858538981942674,0.9849737049011902],""bca_bias_percentile"":0.5236523652365237,""bootstrap_expected_tail_counts"":[385.81531280444796,150.24792469299936],""minimum_valid_repetitions"":20,""resampled_valid_count_range"":[24,24],""resampling_plan_sha256"":""e51ad0d96ebf53e2713d78fa9e4e4f79e473cf6b4c0c64c4abe1a92a6e393348"",""undefined_bootstrap_replicates"":0}",available,0,cuda-rwm-sequential,1024
0,0.0018715937469082568,"[0.026892025933604156,0.9767918268238521]",0.5048504850485048,"[268.893367310108,232.0585235883026]","{""high"":8.442324972878364,""low"":8.334341202467687}",0.95,Means/intervals use complete per-task phase totals; total_recorded_seconds also retains known portions of incomplete totals,"Sum all coordinator run/retry calls except completed verification-only returns; includes recorded refusals/recovery/audit/sealing; excludes ledger writes, report observations and inter-call waiting",available_pointwise_clopper_pearson,0.0,"Output-contract failures including numerical, resource and unclassified output failure; interval unavailable while infrastructure/not-run outcomes remain; not posterior convergence","{""high"":0.14247359772258134,""low"":0.0}",pointwise_conditional_on_timing_recorded,BCa,available,0.0,8.38731475833337,8.38731475833337,8.38731475833337,8.38731475833337,"Valid outputs with recorded complete cost only; diagnostic field, not the error-cost axis when any valid output cost is missing",20,0,"{""infrastructure_interruption"":0,""measurement_available"":0,""not_run"":0,""numerical_failure"":0,""output_failure_unclassified"":0,""resource_failure"":0,""valid"":24}",research_execution,24,0.0,24,"[24,24]",e51ad0d96ebf53e2713d78fa9e4e4f79e473cf6b4c0c64c4abe1a92a6e393348,201.29555420000088,0,0,False,0.0,"All numerically valid outputs, with complete costs for every such output; function-specific error-cost matching uses analyze_error_costs","{""high"":8.442324972878364,""low"":8.334341202467687}",pointwise_conditional_on_valid_output; shared whole-repetition resampling,"{""bca_acceleration"":0.0018715937469082568,""bca_adjusted_quantiles"":[0.026892025933604156,0.9767918268238521],""bca_bias_percentile"":0.5048504850485048,""bootstrap_expected_tail_counts"":[268.893367310108,232.0585235883026],""minimum_valid_repetitions"":20,""resampled_valid_count_range"":[24,24],""resampling_plan_sha256"":""e51ad0d96ebf53e2713d78fa9e4e4f79e473cf6b4c0c64c4abe1a92a6e393348"",""undefined_bootstrap_replicates"":0}",available,0,cuda-rwm-sequential,4096
