workflow,budget,function,planned,received,missing,rhat_finite,rhat_undefined,rhat_minimum,rhat_maximum,rhat_median,rhat_above_1_01,ess_bulk_finite,ess_bulk_undefined,ess_bulk_minimum,ess_bulk_maximum,ess_bulk_median,ess_tail_finite,ess_tail_undefined,ess_tail_minimum,ess_tail_maximum,ess_tail_median,mcse_mean_finite,mcse_mean_undefined,mcse_mean_minimum,mcse_mean_maximum,mcse_mean_median
cpu-mala-quasi_deer,1024,v_over_3,24,24,0,24,0,1.01498379328217,1.07399239171414,1.037809082705645,24,24,0,50.7759152549608,131.531584841024,104.9107302783265,24,0,128.381157664239,339.482300642696,195.8011749739075,24,0,0.0766494439359845,0.127484244690345,0.09656299206994634
cpu-mala-quasi_deer,1024,tanh_v_over_3,24,24,0,24,0,1.01498335481987,1.07399268590051,1.03780852789406,24,24,0,50.7757773065872,131.530561081533,104.90713982177999,24,0,128.381157664239,338.260294683108,195.8011749739075,24,0,0.0504023927722847,0.0820197461403042,0.060057868406185044
cpu-mala-quasi_deer,1024,x1_positive,24,24,0,24,0,1.00022123566059,1.0077516221414,1.0027426516657751,0,24,0,858.39858477296,1288.62484792119,1071.02990675737,0,24,,,,24,0,0.0139119573472326,0.0170584278643202,0.015281261545553499
cpu-mala-quasi_deer,1024,cos_z1,24,24,0,24,0,1.00046455624423,1.00749628975009,1.00312971137437,0,24,0,1035.70140044492,1550.20550076408,1259.6024916270499,24,0,642.979178942313,1621.87110021617,1057.837408212585,24,0,0.0106673772218484,0.0128820012408594,0.011918876987539899
cpu-mala-quasi_deer,4096,v_over_3,24,24,0,24,0,1.00362306721819,1.02052117780971,1.0102705098830649,12,24,0,280.529733320354,483.394969499137,374.6393750852425,24,0,613.559882032023,1039.48961556999,753.0341073381405,24,0,0.0433293448854742,0.0606366487752806,0.051612949963392704
cpu-mala-quasi_deer,4096,tanh_v_over_3,24,24,0,24,0,1.00363913689179,1.02052111151852,1.0102702752665849,12,24,0,280.530874754315,483.390639526559,374.63862887617654,24,0,613.559882032023,1039.48961556999,753.0341073381405,24,0,0.0276486580858811,0.0369038015386193,0.03160150432605375
cpu-mala-quasi_deer,4096,x1_positive,24,24,0,24,0,1.0001347738981,1.00193859660183,1.0008030190287651,0,24,0,3822.44316107305,4835.97917823326,4241.816994094635,0,24,,,,24,0,0.00719015926626637,0.00808287968000376,0.00767644428596879
cpu-mala-quasi_deer,4096,cos_z1,24,24,0,24,0,1.00011110648858,1.00150054965153,1.000754143078735,0,24,0,4369.1868540457,5734.85204876995,4993.691986607386,24,0,3440.46850816274,5271.89790615801,4261.5124452459895,24,0,0.00556841392505591,0.00625840122701082,0.005918554427511449
cpu-mala-sequential,1024,v_over_3,24,24,0,24,0,1.01498361958944,1.0739927173021,1.03780850592283,24,24,0,50.7808076362063,131.529822373704,104.906805153986,24,0,128.381157664239,338.260294683108,195.8011749739075,24,0,0.0766494439359902,0.127484244690346,0.09656299206994465
cpu-mala-sequential,1024,tanh_v_over_3,24,24,0,24,0,1.01498361958944,1.0739927173021,1.03780850592283,24,24,0,50.7808076362063,131.529822373704,104.906805153986,24,0,128.381157664239,338.260294683108,195.8011749739075,24,0,0.0504023927722849,0.0820197461403048,0.06005786840617145
cpu-mala-sequential,1024,x1_positive,24,24,0,24,0,1.00022123566059,1.0077516221414,1.0027426516657751,0,24,0,858.39858477296,1288.62484792119,1071.02990675737,0,24,,,,24,0,0.0139119573472326,0.0170584278643202,0.015281261545553499
cpu-mala-sequential,1024,cos_z1,24,24,0,24,0,1.00046296339961,1.00749626934135,1.0031296785844899,0,24,0,1035.73225755379,1550.21036979484,1259.648810811255,24,0,642.979178942313,1621.87110021617,1057.837408212585,24,0,0.0106673772218493,0.0128820012408621,0.011918876987544201
cpu-mala-sequential,4096,v_over_3,24,24,0,24,0,1.0036206469339,1.02052116832972,1.010270251583825,12,24,0,280.530854641822,483.390543763056,374.6411344931165,24,0,613.559882032023,1039.48961556999,753.0341073381405,24,0,0.0433293448854792,0.0606366487752783,0.051612949963389804
cpu-mala-sequential,4096,tanh_v_over_3,24,24,0,24,0,1.00363898919347,1.02052116832972,1.010270251583825,12,24,0,280.530854641822,483.390543763056,374.6411344931165,24,0,613.559882032023,1039.48961556999,753.0341073381405,24,0,0.0276486580858847,0.0369038015386198,0.0316015043260503
cpu-mala-sequential,4096,x1_positive,24,24,0,24,0,1.0001347738981,1.00193859660183,1.0008030190287651,0,24,0,3822.44316107305,4835.97917823326,4241.816994094635,0,24,,,,24,0,0.00719015926626637,0.00808287968000376,0.00767644428596879
cpu-mala-sequential,4096,cos_z1,24,24,0,24,0,1.0001111065897,1.00150054582085,1.0007542146026749,0,24,0,4369.21493254538,5734.82950723744,4993.691256299389,24,0,3440.46850816274,5271.89790615801,4261.5124452459895,24,0,0.00556841392505751,0.00625840122701026,0.005918554427510855
cpu-nuts-spawn_chains,1024,v_over_3,24,24,0,24,0,0.999584797484559,1.00308047930608,1.000963991520995,0,24,0,5970.1962596221,8281.39786163902,7272.43694421944,24,0,2515.13131774524,3568.04179990319,3017.33819301768,24,0,0.0108855911806421,0.0129664399014415,0.0116439358096042
cpu-nuts-spawn_chains,1024,tanh_v_over_3,24,24,0,24,0,0.99959826269159,1.00293350164315,1.0009511238147648,0,24,0,5970.1962596221,8281.39786163902,7272.43694421944,24,0,2515.13131774524,3568.04179990319,3017.33819301768,24,0,0.00676514809064843,0.00803649773206773,0.007274548457370745
cpu-nuts-spawn_chains,1024,x1_positive,24,24,0,24,0,0.999280019950594,1.00094420615542,0.999540045129466,0,24,0,4994.30422842301,7858.06990434865,6848.3063494517955,0,24,,,,24,0,0.0056402928217742,0.00707417747801159,0.00604259934937261
cpu-nuts-spawn_chains,1024,cos_z1,24,24,0,24,0,1.00028508821804,1.00470043782244,1.001155016275675,0,24,0,1636.11845489812,2210.61901800652,1948.094948278735,24,0,1875.57707151469,2718.58968082072,2259.456623041975,24,0,0.00976046007686835,0.0123794410728807,0.0106952283866334
cpu-nuts-spawn_chains,4096,v_over_3,24,7,17,7,0,1.00001072236206,1.00061455234868,1.0002221190859,0,7,0,24668.7078429272,31176.9323242258,30583.820259934,7,0,11770.9989354725,12970.4783610802,12655.2954898883,7,0,0.00567703451765475,0.00631259433217498,0.0057754594062217
cpu-nuts-spawn_chains,4096,tanh_v_over_3,24,7,17,7,0,1.00001072236206,1.00059600253763,1.00022277822745,0,7,0,24668.7078429272,31176.9323242258,30583.820259934,7,0,11770.9989354725,12970.4783610802,12655.2954898883,7,0,0.00354286308927303,0.00391814531840262,0.00363881628705266
cpu-nuts-spawn_chains,4096,x1_positive,24,7,17,7,0,0.999807652469412,1.00009191726739,0.999866850250517,0,7,0,23088.2552086524,28835.8932570531,26871.7254138318,0,7,,,,7,0,0.00294422837941476,0.00329063666226963,0.00305022705163986
cpu-nuts-spawn_chains,4096,cos_z1,24,7,17,7,0,1.00021823836251,1.00067693497096,1.00029162281478,0,7,0,7114.8662226985,8356.2355642897,7298.83440973806,7,0,8099.72401962504,9521.71745075997,8768.32849560623,7,0,0.00504811430588982,0.00561932786156878,0.00544885657000071
cpu-rwm-online_picard,1024,v_over_3,24,24,0,24,0,1.07368187440481,1.45636857967107,1.18876873143127,24,24,0,7.97640519445675,32.7845273828296,15.93735759169055,24,0,12.7830228944267,108.045279869041,58.37082160097915,24,0,0.142865297622074,0.346898660261248,0.24689830206215552
cpu-rwm-online_picard,1024,tanh_v_over_3,24,24,0,24,0,1.08125100614221,1.45636857967107,1.18876873143127,24,24,0,7.97640519445675,32.7845273828296,15.93735759169055,24,0,12.7830228944267,108.045279869041,58.37082160097915,24,0,0.0869214026438605,0.21574779037356,0.1508007481921385
cpu-rwm-online_picard,1024,x1_positive,24,24,0,24,0,1.00134367447747,1.03193411548331,1.01578276259158,18,24,0,175.862495714272,293.96394674494,226.70340637099002,0,24,,,,24,0,0.029108025055167,0.037412497168196,0.0331640801144436
cpu-rwm-online_picard,1024,cos_z1,24,24,0,24,0,1.0030194737592,1.03305211442489,1.01287580076208,16,24,0,230.476681561128,398.883607673963,318.444211321696,24,0,240.282699414597,556.852889483445,364.7490126153475,24,0,0.0206236717127818,0.0342636428860615,0.02782040717631475
cpu-rwm-online_picard,4096,v_over_3,24,24,0,24,0,1.01015860067033,1.10419365999664,1.0459308370878602,24,24,0,36.3041743193615,121.861794297461,81.69688791211705,24,0,74.4377662292017,309.291103421808,173.9960171800945,24,0,0.0795313912191804,0.158050087328801,0.107388483197436
cpu-rwm-online_picard,4096,tanh_v_over_3,24,24,0,24,0,1.01015860067033,1.10419365999664,1.0464778757113051,24,24,0,36.3041743193615,121.861794297461,81.69688791211705,24,0,74.4377662292017,309.291103421808,173.9960171800945,24,0,0.0545786441730405,0.104708128043132,0.06741349772119765
cpu-rwm-online_picard,4096,x1_positive,24,24,0,24,0,1.00084141306241,1.01013228062868,1.00388498107925,1,24,0,710.700025194345,972.633465904292,864.6243145713215,0,24,,,,24,0,0.0160063643641978,0.0187498892271993,0.0170008851797439
cpu-rwm-online_picard,4096,cos_z1,24,24,0,24,0,1.00091731747687,1.00639881284036,1.00239794823333,0,24,0,850.850839616889,1438.37302782115,1242.47873897489,24,0,904.551816410702,1855.39131339887,1490.19959907139,24,0,0.0123673732246898,0.0169035235221736,0.013815985831101399
cpu-rwm-sequential,1024,v_over_3,24,24,0,24,0,1.07368187440481,1.45636857967107,1.18876873143127,24,24,0,7.97640519445675,32.7845273828296,15.93735759169055,24,0,12.7830228944267,108.045279869041,58.37082160097915,24,0,0.142865297622074,0.346898660261248,0.24689830206215552
cpu-rwm-sequential,1024,tanh_v_over_3,24,24,0,24,0,1.08125100614221,1.45636857967107,1.18876873143127,24,24,0,7.97640519445675,32.7845273828296,15.93735759169055,24,0,12.7830228944267,108.045279869041,58.37082160097915,24,0,0.0869214026438605,0.21574779037356,0.150800748192138
cpu-rwm-sequential,1024,x1_positive,24,24,0,24,0,1.00134367447747,1.03193411548331,1.01578276259158,18,24,0,175.862495714272,293.96394674494,226.70340637099002,0,24,,,,24,0,0.029108025055167,0.037412497168196,0.0331640801144436
cpu-rwm-sequential,1024,cos_z1,24,24,0,24,0,1.0030194737592,1.03305211442489,1.01287580076208,16,24,0,230.476681561128,398.883607673963,318.444211321696,24,0,240.282699414597,556.852889483445,364.7490126153475,24,0,0.0206236717127818,0.0342636428860615,0.02782040717631475
cpu-rwm-sequential,4096,v_over_3,24,24,0,24,0,1.01015860067033,1.10419365999664,1.0459308370878602,24,24,0,36.3041743193615,121.861794297461,81.69688791211705,24,0,74.4377662292017,309.291103421808,173.9960171800945,24,0,0.0795313912191804,0.158050087328801,0.107388483197436
cpu-rwm-sequential,4096,tanh_v_over_3,24,24,0,24,0,1.01015860067033,1.10419365999664,1.0464778757113051,24,24,0,36.3041743193615,121.861794297461,81.69688791211705,24,0,74.4377662292017,309.291103421808,173.9960171800945,24,0,0.0545786441730404,0.104708128043131,0.0674134977211977
cpu-rwm-sequential,4096,x1_positive,24,24,0,24,0,1.00084141306241,1.01013228062868,1.00388498107925,1,24,0,710.700025194345,972.633465904292,864.6243145713215,0,24,,,,24,0,0.0160063643641978,0.0187498892271993,0.0170008851797439
cpu-rwm-sequential,4096,cos_z1,24,24,0,24,0,1.00091731747687,1.00639881284036,1.00239794823333,0,24,0,850.850839616889,1438.37302782115,1242.47873897489,24,0,904.551816410702,1855.39131339887,1490.19959907139,24,0,0.0123673732246898,0.0169035235221736,0.013815985831101399
cuda-mala-quasi_deer,1024,v_over_3,24,24,0,24,0,1.01498399836541,1.07399141990458,1.0378087726846101,24,24,0,50.7862670618201,131.530059879887,104.91253291884101,24,0,128.381157664239,338.260294683108,195.8011749739075,24,0,0.0766494439359845,0.127484244690345,0.09656299206994634
cuda-mala-quasi_deer,1024,tanh_v_over_3,24,24,0,24,0,1.01498380060891,1.07399266066931,1.03780867416043,24,24,0,50.7859368170048,131.530075881352,104.9069493168,24,0,128.381157664239,338.260294683108,195.8011749739075,24,0,0.0504023927722847,0.0820197461403042,0.060057868406185044
cuda-mala-quasi_deer,1024,x1_positive,24,24,0,24,0,1.00022123566059,1.0077516221414,1.0027426516657751,0,24,0,858.39858477296,1288.62484792119,1071.02990675737,0,24,,,,24,0,0.0139119573472326,0.0170584278643202,0.015281261545553499
cuda-mala-quasi_deer,1024,cos_z1,24,24,0,24,0,1.00046387342485,1.00749628843079,1.00312966240632,0,24,0,1035.70271364969,1550.2185994332,1259.6557223836,24,0,642.979178942313,1621.87110021617,1057.837408212585,24,0,0.0106673772218484,0.0128820012408594,0.011918876987539899
cuda-mala-quasi_deer,4096,v_over_3,24,24,0,24,0,1.00362310098612,1.02052122790231,1.0102705286780451,12,24,0,280.528181275502,483.392545372269,374.638384596131,24,0,613.559882032023,1039.48961556999,753.0341073381405,24,0,0.0433293448854742,0.0606366487752806,0.051612949963392704
cuda-mala-quasi_deer,4096,tanh_v_over_3,24,24,0,24,0,1.00363914930331,1.0205210984897,1.0102702889454651,12,24,0,280.53047300809,483.390702896917,374.640464476251,24,0,613.559882032023,1039.48961556999,753.0341073381405,24,0,0.0276486580858811,0.0369038015386193,0.03160150432605375
cuda-mala-quasi_deer,4096,x1_positive,24,24,0,24,0,1.0001347738981,1.00193859660183,1.0008030190287651,0,24,0,3822.44316107305,4835.97917823326,4241.816994094635,0,24,,,,24,0,0.00719015926626637,0.00808287968000376,0.00767644428596879
cuda-mala-quasi_deer,4096,cos_z1,24,24,0,24,0,1.00011110673753,1.00150054531779,1.000754209817435,0,24,0,4369.2459216994,5734.84836292976,4993.712152981825,24,0,3440.46850816274,5271.89790615801,4261.5124452459895,24,0,0.00556841392505591,0.00625840122701082,0.005918554427511449
cuda-mala-sequential,1024,v_over_3,24,24,0,24,0,1.01498361958944,1.0739927173021,1.03780850592283,24,24,0,50.7808076362063,131.529822373704,104.906805153986,24,0,128.381157664239,338.260294683108,195.8011749739075,24,0,0.0766494439359902,0.127484244690346,0.09656299206994465
cuda-mala-sequential,1024,tanh_v_over_3,24,24,0,24,0,1.01498361958944,1.0739927173021,1.03780850592283,24,24,0,50.7808076362063,131.529822373704,104.906805153986,24,0,128.381157664239,338.260294683108,195.8011749739075,24,0,0.0504023927722849,0.0820197461403048,0.06005786840617145
cuda-mala-sequential,1024,x1_positive,24,24,0,24,0,1.00022123566059,1.0077516221414,1.0027426516657751,0,24,0,858.39858477296,1288.62484792119,1071.02990675737,0,24,,,,24,0,0.0139119573472326,0.0170584278643202,0.015281261545553499
cuda-mala-sequential,1024,cos_z1,24,24,0,24,0,1.00046296339961,1.00749626934135,1.0031296785844899,0,24,0,1035.73225755379,1550.21036979484,1259.648810811255,24,0,642.979178942313,1621.87110021617,1057.837408212585,24,0,0.0106673772218493,0.0128820012408621,0.011918876987544201
cuda-mala-sequential,4096,v_over_3,24,24,0,24,0,1.0036206469339,1.02052116832972,1.010270251583825,12,24,0,280.530854641822,483.390543763056,374.6411344931165,24,0,613.559882032023,1039.48961556999,753.0341073381405,24,0,0.0433293448854792,0.0606366487752783,0.051612949963389804
cuda-mala-sequential,4096,tanh_v_over_3,24,24,0,24,0,1.00363898919347,1.02052116832972,1.010270251583825,12,24,0,280.530854641822,483.390543763056,374.6411344931165,24,0,613.559882032023,1039.48961556999,753.0341073381405,24,0,0.0276486580858847,0.0369038015386198,0.0316015043260503
cuda-mala-sequential,4096,x1_positive,24,24,0,24,0,1.0001347738981,1.00193859660183,1.0008030190287651,0,24,0,3822.44316107305,4835.97917823326,4241.816994094635,0,24,,,,24,0,0.00719015926626637,0.00808287968000376,0.00767644428596879
cuda-mala-sequential,4096,cos_z1,24,24,0,24,0,1.0001111065897,1.00150054582085,1.0007542146026749,0,24,0,4369.21493254538,5734.82950723744,4993.691256299389,24,0,3440.46850816274,5271.89790615801,4261.5124452459895,24,0,0.00556841392505751,0.00625840122701026,0.005918554427510855
cuda-rwm-online_picard,1024,v_over_3,24,24,0,24,0,1.07368187440481,1.45636857967107,1.18876873143127,24,24,0,7.97640519445675,32.7845273828296,15.93735759169055,24,0,12.7830228944267,108.045279869041,58.37082160097915,24,0,0.142865297622074,0.346898660261248,0.24689830206215552
cuda-rwm-online_picard,1024,tanh_v_over_3,24,24,0,24,0,1.08125100614221,1.45636857967107,1.18876873143127,24,24,0,7.97640519445675,32.7845273828296,15.93735759169055,24,0,12.7830228944267,108.045279869041,58.37082160097915,24,0,0.0869214026438605,0.21574779037356,0.1508007481921385
cuda-rwm-online_picard,1024,x1_positive,24,24,0,24,0,1.00134367447747,1.03193411548331,1.01578276259158,18,24,0,175.862495714272,293.96394674494,226.70340637099002,0,24,,,,24,0,0.029108025055167,0.037412497168196,0.0331640801144436
cuda-rwm-online_picard,1024,cos_z1,24,24,0,24,0,1.0030194737592,1.03305211442489,1.01287580076208,16,24,0,230.476681561128,398.883607673963,318.444211321696,24,0,240.282699414597,556.852889483445,364.7490126153475,24,0,0.0206236717127818,0.0342636428860615,0.02782040717631475
cuda-rwm-online_picard,4096,v_over_3,24,24,0,24,0,1.01015860067033,1.10419365999664,1.0459308370878602,24,24,0,36.3041743193615,121.861794297461,81.69688791211705,24,0,74.4377662292017,309.291103421808,173.9960171800945,24,0,0.0795313912191804,0.158050087328801,0.107388483197436
cuda-rwm-online_picard,4096,tanh_v_over_3,24,24,0,24,0,1.01015860067033,1.10419365999664,1.0464778757113051,24,24,0,36.3041743193615,121.861794297461,81.69688791211705,24,0,74.4377662292017,309.291103421808,173.9960171800945,24,0,0.0545786441730405,0.104708128043132,0.06741349772119765
cuda-rwm-online_picard,4096,x1_positive,24,24,0,24,0,1.00084141306241,1.01013228062868,1.00388498107925,1,24,0,710.700025194345,972.633465904292,864.6243145713215,0,24,,,,24,0,0.0160063643641978,0.0187498892271993,0.0170008851797439
cuda-rwm-online_picard,4096,cos_z1,24,24,0,24,0,1.00091731747687,1.00639881284036,1.00239794823333,0,24,0,850.850839616889,1438.37302782115,1242.47873897489,24,0,904.551816410702,1855.39131339887,1490.19959907139,24,0,0.0123673732246898,0.0169035235221736,0.013815985831101399
cuda-rwm-sequential,1024,v_over_3,24,24,0,24,0,1.07368187440481,1.45636857967107,1.18876873143127,24,24,0,7.97640519445675,32.7845273828296,15.93735759169055,24,0,12.7830228944267,108.045279869041,58.37082160097915,24,0,0.142865297622074,0.346898660261248,0.24689830206215552
cuda-rwm-sequential,1024,tanh_v_over_3,24,24,0,24,0,1.08125100614221,1.45636857967107,1.18876873143127,24,24,0,7.97640519445675,32.7845273828296,15.93735759169055,24,0,12.7830228944267,108.045279869041,58.37082160097915,24,0,0.0869214026438605,0.21574779037356,0.150800748192138
cuda-rwm-sequential,1024,x1_positive,24,24,0,24,0,1.00134367447747,1.03193411548331,1.01578276259158,18,24,0,175.862495714272,293.96394674494,226.70340637099002,0,24,,,,24,0,0.029108025055167,0.037412497168196,0.0331640801144436
cuda-rwm-sequential,1024,cos_z1,24,24,0,24,0,1.0030194737592,1.03305211442489,1.01287580076208,16,24,0,230.476681561128,398.883607673963,318.444211321696,24,0,240.282699414597,556.852889483445,364.7490126153475,24,0,0.0206236717127818,0.0342636428860615,0.02782040717631475
cuda-rwm-sequential,4096,v_over_3,24,24,0,24,0,1.01015860067033,1.10419365999664,1.0459308370878602,24,24,0,36.3041743193615,121.861794297461,81.69688791211705,24,0,74.4377662292017,309.291103421808,173.9960171800945,24,0,0.0795313912191804,0.158050087328801,0.107388483197436
cuda-rwm-sequential,4096,tanh_v_over_3,24,24,0,24,0,1.01015860067033,1.10419365999664,1.0464778757113051,24,24,0,36.3041743193615,121.861794297461,81.69688791211705,24,0,74.4377662292017,309.291103421808,173.9960171800945,24,0,0.0545786441730404,0.104708128043131,0.0674134977211977
cuda-rwm-sequential,4096,x1_positive,24,24,0,24,0,1.00084141306241,1.01013228062868,1.00388498107925,1,24,0,710.700025194345,972.633465904292,864.6243145713215,0,24,,,,24,0,0.0160063643641978,0.0187498892271993,0.0170008851797439
cuda-rwm-sequential,4096,cos_z1,24,24,0,24,0,1.00091731747687,1.00639881284036,1.00239794823333,0,24,0,850.850839616889,1438.37302782115,1242.47873897489,24,0,904.551816410702,1855.39131339887,1490.19959907139,24,0,0.0123673732246898,0.0169035235221736,0.013815985831101399
