phase,kind,workflow_a,workflow_b,budget,planned,paired,validity_table,point,low,high,interval_status,source_interval_status,ratio_interval_collapsed_under_transform,missing_cost_pairs,zero_cost_pairs,definition,source_record
ordinary_workflow,same_kernel_execution,cpu-rwm-sequential,cpu-rwm-online_picard,1024,24,24,"{""n00"":0,""n01"":0,""n10"":0,""n11"":24}",1.005953172749145,0.998531592046138,1.0106409746773075,available,available,False,0,0,geometric mean of A/B cost; interval on ratio scale,"{""bca_acceleration"":-0.05597073541130113,""bca_adjusted_quantiles"":[0.010739808513660649,0.9542702224163053],""bca_bias_percentile"":0.4827482748274827,""bootstrap_expected_tail_counts"":[107.38734532809282,457.25204605936307],""conditioning"":""both_workflows_have_valid_outputs"",""confidence_interval"":{""high"":0.010584757955101975,""low"":-0.0014694871213897245},""confidence_interval_scale"":""log_cost_ratio"",""confidence_level"":0.95,""geometric_mean_ratio"":1.005953172749145,""interval_coverage"":""pointwise_conditional_on_both_valid_outputs"",""interval_method"":""BCa"",""interval_status"":""available"",""jointly_valid_pairs_missing_cost"":0,""jointly_valid_pairs_zero_cost"":0,""mean_log_ratio"":0.005935522631080964,""minimum_valid_repetitions"":20,""phase"":""ordinary_workflow"",""planned"":24,""ratio_confidence_interval"":{""high"":1.0106409746773075,""low"":0.998531592046138},""ratio_definition"":""geometric_mean_of_A_seconds_divided_by_B_seconds"",""resampled_valid_count_range"":[24,24],""resampling_plan_sha256"":""e51ad0d96ebf53e2713d78fa9e4e4f79e473cf6b4c0c64c4abe1a92a6e393348"",""undefined_bootstrap_replicates"":0,""validity_table"":{""n00"":0,""n01"":0,""n10"":0,""n11"":24},""workflow_a"":""cpu-rwm-sequential@1024"",""workflow_b"":""cpu-rwm-online_picard@1024""}"
ordinary_workflow,same_kernel_execution,cpu-mala-sequential,cpu-mala-quasi_deer,1024,24,24,"{""n00"":0,""n01"":0,""n10"":0,""n11"":24}",0.3939356383744036,0.38439918970109804,0.40381142608087134,available,available,False,0,0,geometric mean of A/B cost; interval on ratio scale,"{""bca_acceleration"":0.00587612607400866,""bca_adjusted_quantiles"":[0.025541373681345073,0.9755439959984397],""bca_bias_percentile"":0.4973497349734973,""bootstrap_expected_tail_counts"":[255.3881954397694,244.53558401160183],""conditioning"":""both_workflows_have_valid_outputs"",""confidence_interval"":{""high"":-0.9068072771172286,""low"":-0.9560737098458227},""confidence_interval_scale"":""log_cost_ratio"",""confidence_level"":0.95,""geometric_mean_ratio"":0.3939356383744036,""interval_coverage"":""pointwise_conditional_on_both_valid_outputs"",""interval_method"":""BCa"",""interval_status"":""available"",""jointly_valid_pairs_missing_cost"":0,""jointly_valid_pairs_zero_cost"":0,""mean_log_ratio"":-0.9315677374076694,""minimum_valid_repetitions"":20,""phase"":""ordinary_workflow"",""planned"":24,""ratio_confidence_interval"":{""high"":0.40381142608087134,""low"":0.38439918970109804},""ratio_definition"":""geometric_mean_of_A_seconds_divided_by_B_seconds"",""resampled_valid_count_range"":[24,24],""resampling_plan_sha256"":""e51ad0d96ebf53e2713d78fa9e4e4f79e473cf6b4c0c64c4abe1a92a6e393348"",""undefined_bootstrap_replicates"":0,""validity_table"":{""n00"":0,""n01"":0,""n10"":0,""n11"":24},""workflow_a"":""cpu-mala-sequential@1024"",""workflow_b"":""cpu-mala-quasi_deer@1024""}"
ordinary_workflow,same_kernel_execution,cuda-rwm-sequential,cuda-rwm-online_picard,1024,24,24,"{""n00"":0,""n01"":0,""n10"":0,""n11"":24}",1.0843095979993107,1.0764740436970066,1.0929325128828735,available,available,False,0,0,geometric mean of A/B cost; interval on ratio scale,"{""bca_acceleration"":0.014379489518688776,""bca_adjusted_quantiles"":[0.03001138902662037,0.9795184988270191],""bca_bias_percentile"":0.5052505250525052,""bootstrap_expected_tail_counts"":[300.0838788771771,204.79453022863567],""conditioning"":""both_workflows_have_valid_outputs"",""confidence_interval"":{""high"":0.08886446244169972,""low"":0.07369092577776196},""confidence_interval_scale"":""log_cost_ratio"",""confidence_level"":0.95,""geometric_mean_ratio"":1.0843095979993107,""interval_coverage"":""pointwise_conditional_on_both_valid_outputs"",""interval_method"":""BCa"",""interval_status"":""available"",""jointly_valid_pairs_missing_cost"":0,""jointly_valid_pairs_zero_cost"":0,""mean_log_ratio"":0.08094346924997058,""minimum_valid_repetitions"":20,""phase"":""ordinary_workflow"",""planned"":24,""ratio_confidence_interval"":{""high"":1.0929325128828735,""low"":1.0764740436970066},""ratio_definition"":""geometric_mean_of_A_seconds_divided_by_B_seconds"",""resampled_valid_count_range"":[24,24],""resampling_plan_sha256"":""e51ad0d96ebf53e2713d78fa9e4e4f79e473cf6b4c0c64c4abe1a92a6e393348"",""undefined_bootstrap_replicates"":0,""validity_table"":{""n00"":0,""n01"":0,""n10"":0,""n11"":24},""workflow_a"":""cuda-rwm-sequential@1024"",""workflow_b"":""cuda-rwm-online_picard@1024""}"
ordinary_workflow,same_kernel_execution,cuda-mala-sequential,cuda-mala-quasi_deer,1024,24,24,"{""n00"":0,""n01"":0,""n10"":0,""n11"":24}",0.4075811048412816,0.4021657812310888,0.41298314587820634,available,available,False,0,0,geometric mean of A/B cost; interval on ratio scale,"{""bca_acceleration"":-0.0044058672337179,""bca_adjusted_quantiles"":[0.02458157279608465,0.9745829347522892],""bca_bias_percentile"":0.501950195019502,""bootstrap_expected_tail_counts"":[245.7911463880504,254.14523541186043],""conditioning"":""both_workflows_have_valid_outputs"",""confidence_interval"":{""high"":-0.8843484958654216,""low"":-0.9108908842508526},""confidence_interval_scale"":""log_cost_ratio"",""confidence_level"":0.95,""geometric_mean_ratio"":0.4075811048412816,""interval_coverage"":""pointwise_conditional_on_both_valid_outputs"",""interval_method"":""BCa"",""interval_status"":""available"",""jointly_valid_pairs_missing_cost"":0,""jointly_valid_pairs_zero_cost"":0,""mean_log_ratio"":-0.8975153358197655,""minimum_valid_repetitions"":20,""phase"":""ordinary_workflow"",""planned"":24,""ratio_confidence_interval"":{""high"":0.41298314587820634,""low"":0.4021657812310888},""ratio_definition"":""geometric_mean_of_A_seconds_divided_by_B_seconds"",""resampled_valid_count_range"":[24,24],""resampling_plan_sha256"":""e51ad0d96ebf53e2713d78fa9e4e4f79e473cf6b4c0c64c4abe1a92a6e393348"",""undefined_bootstrap_replicates"":0,""validity_table"":{""n00"":0,""n01"":0,""n10"":0,""n11"":24},""workflow_a"":""cuda-mala-sequential@1024"",""workflow_b"":""cuda-mala-quasi_deer@1024""}"
ordinary_workflow,end_to_end_workflow,cpu-mala-quasi_deer,cpu-nuts-spawn_chains,1024,24,24,"{""n00"":0,""n01"":0,""n10"":0,""n11"":24}",1.2995033071594713,1.2691521057731634,1.3339250447515527,available,available,False,0,0,geometric mean of A/B cost; interval on ratio scale,"{""bca_acceleration"":0.014779143412081744,""bca_adjusted_quantiles"":[0.028578538372988224,0.9783741988415684],""bca_bias_percentile"":0.5005500550055005,""bootstrap_expected_tail_counts"":[285.7568051915093,216.23638578315757],""conditioning"":""both_workflows_have_valid_outputs"",""confidence_interval"":{""high"":0.2881257575726436,""low"":0.23834904425469902},""confidence_interval_scale"":""log_cost_ratio"",""confidence_level"":0.95,""geometric_mean_ratio"":1.2995033071594713,""interval_coverage"":""pointwise_conditional_on_both_valid_outputs"",""interval_method"":""BCa"",""interval_status"":""available"",""jointly_valid_pairs_missing_cost"":0,""jointly_valid_pairs_zero_cost"":0,""mean_log_ratio"":0.26198212004381954,""minimum_valid_repetitions"":20,""phase"":""ordinary_workflow"",""planned"":24,""ratio_confidence_interval"":{""high"":1.3339250447515527,""low"":1.2691521057731634},""ratio_definition"":""geometric_mean_of_A_seconds_divided_by_B_seconds"",""resampled_valid_count_range"":[24,24],""resampling_plan_sha256"":""e51ad0d96ebf53e2713d78fa9e4e4f79e473cf6b4c0c64c4abe1a92a6e393348"",""undefined_bootstrap_replicates"":0,""validity_table"":{""n00"":0,""n01"":0,""n10"":0,""n11"":24},""workflow_a"":""cpu-mala-quasi_deer@1024"",""workflow_b"":""cpu-nuts-spawn_chains@1024""}"
ordinary_workflow,end_to_end_workflow,cpu-mala-sequential,cpu-nuts-spawn_chains,1024,24,24,"{""n00"":0,""n01"":0,""n10"":0,""n11"":24}",0.511920664875515,0.49719263314858325,0.525158305653175,available,available,False,0,0,geometric mean of A/B cost; interval on ratio scale,"{""bca_acceleration"":-0.009336814620267331,""bca_adjusted_quantiles"":[0.019644953741085904,0.9687285881315725],""bca_bias_percentile"":0.48734873487348734,""bootstrap_expected_tail_counts"":[196.42989245711794,312.68284727240683],""conditioning"":""both_workflows_have_valid_outputs"",""confidence_interval"":{""high"":-0.644055527265451,""low"":-0.6987777361315693},""confidence_interval_scale"":""log_cost_ratio"",""confidence_level"":0.95,""geometric_mean_ratio"":0.511920664875515,""interval_coverage"":""pointwise_conditional_on_both_valid_outputs"",""interval_method"":""BCa"",""interval_status"":""available"",""jointly_valid_pairs_missing_cost"":0,""jointly_valid_pairs_zero_cost"":0,""mean_log_ratio"":-0.6695856173638498,""minimum_valid_repetitions"":20,""phase"":""ordinary_workflow"",""planned"":24,""ratio_confidence_interval"":{""high"":0.525158305653175,""low"":0.49719263314858325},""ratio_definition"":""geometric_mean_of_A_seconds_divided_by_B_seconds"",""resampled_valid_count_range"":[24,24],""resampling_plan_sha256"":""e51ad0d96ebf53e2713d78fa9e4e4f79e473cf6b4c0c64c4abe1a92a6e393348"",""undefined_bootstrap_replicates"":0,""validity_table"":{""n00"":0,""n01"":0,""n10"":0,""n11"":24},""workflow_a"":""cpu-mala-sequential@1024"",""workflow_b"":""cpu-nuts-spawn_chains@1024""}"
ordinary_workflow,end_to_end_workflow,cpu-rwm-online_picard,cpu-nuts-spawn_chains,1024,24,24,"{""n00"":0,""n01"":0,""n10"":0,""n11"":24}",0.300471593324609,0.29152155836996424,0.30865544764032854,available,available,False,0,0,geometric mean of A/B cost; interval on ratio scale,"{""bca_acceleration"":-0.0074102700754712335,""bca_adjusted_quantiles"":[0.019706248692467333,0.9687642735660221],""bca_bias_percentile"":0.48604860486048607,""bootstrap_expected_tail_counts"":[197.04278067598085,312.32602861334476],""conditioning"":""both_workflows_have_valid_outputs"",""confidence_interval"":{""high"":-1.1755296804022226,""low"":-1.2326413192539882},""confidence_interval_scale"":""log_cost_ratio"",""confidence_level"":0.95,""geometric_mean_ratio"":0.300471593324609,""interval_coverage"":""pointwise_conditional_on_both_valid_outputs"",""interval_method"":""BCa"",""interval_status"":""available"",""jointly_valid_pairs_missing_cost"":0,""jointly_valid_pairs_zero_cost"":0,""mean_log_ratio"":-1.2024020608409398,""minimum_valid_repetitions"":20,""phase"":""ordinary_workflow"",""planned"":24,""ratio_confidence_interval"":{""high"":0.30865544764032854,""low"":0.29152155836996424},""ratio_definition"":""geometric_mean_of_A_seconds_divided_by_B_seconds"",""resampled_valid_count_range"":[24,24],""resampling_plan_sha256"":""e51ad0d96ebf53e2713d78fa9e4e4f79e473cf6b4c0c64c4abe1a92a6e393348"",""undefined_bootstrap_replicates"":0,""validity_table"":{""n00"":0,""n01"":0,""n10"":0,""n11"":24},""workflow_a"":""cpu-rwm-online_picard@1024"",""workflow_b"":""cpu-nuts-spawn_chains@1024""}"
ordinary_workflow,end_to_end_workflow,cpu-rwm-sequential,cpu-nuts-spawn_chains,1024,24,24,"{""n00"":0,""n01"":0,""n10"":0,""n11"":24}",0.30226035262588125,0.2938302181125084,0.30993708869023917,available,available,False,0,0,geometric mean of A/B cost; interval on ratio scale,"{""bca_acceleration"":-0.008946685754220023,""bca_adjusted_quantiles"":[0.019047222414509814,0.9678444490524839],""bca_bias_percentile"":0.48454845484548453,""bootstrap_expected_tail_counts"":[190.45317692268364,321.5233539242135],""conditioning"":""both_workflows_have_valid_outputs"",""confidence_interval"":{""high"":-1.1713859418069001,""low"":-1.2247531678679275},""confidence_interval_scale"":""log_cost_ratio"",""confidence_level"":0.95,""geometric_mean_ratio"":0.30226035262588125,""interval_coverage"":""pointwise_conditional_on_both_valid_outputs"",""interval_method"":""BCa"",""interval_status"":""available"",""jointly_valid_pairs_missing_cost"":0,""jointly_valid_pairs_zero_cost"":0,""mean_log_ratio"":-1.196466538209859,""minimum_valid_repetitions"":20,""phase"":""ordinary_workflow"",""planned"":24,""ratio_confidence_interval"":{""high"":0.30993708869023917,""low"":0.2938302181125084},""ratio_definition"":""geometric_mean_of_A_seconds_divided_by_B_seconds"",""resampled_valid_count_range"":[24,24],""resampling_plan_sha256"":""e51ad0d96ebf53e2713d78fa9e4e4f79e473cf6b4c0c64c4abe1a92a6e393348"",""undefined_bootstrap_replicates"":0,""validity_table"":{""n00"":0,""n01"":0,""n10"":0,""n11"":24},""workflow_a"":""cpu-rwm-sequential@1024"",""workflow_b"":""cpu-nuts-spawn_chains@1024""}"
ordinary_workflow,end_to_end_workflow,cuda-mala-quasi_deer,cpu-nuts-spawn_chains,1024,24,24,"{""n00"":0,""n01"":0,""n10"":0,""n11"":24}",2.252690127440522,2.1560636938381266,2.340551973154964,available,available,False,0,0,geometric mean of A/B cost; interval on ratio scale,"{""bca_acceleration"":-0.01102207318644032,""bca_adjusted_quantiles"":[0.018837935017593305,0.9675955177409208],""bca_bias_percentile"":0.48534853485348534,""bootstrap_expected_tail_counts"":[188.36051224091545,324.01241810853304],""conditioning"":""both_workflows_have_valid_outputs"",""confidence_interval"":{""high"":0.8503867875165503,""low"":0.7682841952069104},""confidence_interval_scale"":""log_cost_ratio"",""confidence_level"":0.95,""geometric_mean_ratio"":2.252690127440522,""interval_coverage"":""pointwise_conditional_on_both_valid_outputs"",""interval_method"":""BCa"",""interval_status"":""available"",""jointly_valid_pairs_missing_cost"":0,""jointly_valid_pairs_zero_cost"":0,""mean_log_ratio"":0.8121251142370491,""minimum_valid_repetitions"":20,""phase"":""ordinary_workflow"",""planned"":24,""ratio_confidence_interval"":{""high"":2.340551973154964,""low"":2.1560636938381266},""ratio_definition"":""geometric_mean_of_A_seconds_divided_by_B_seconds"",""resampled_valid_count_range"":[24,24],""resampling_plan_sha256"":""e51ad0d96ebf53e2713d78fa9e4e4f79e473cf6b4c0c64c4abe1a92a6e393348"",""undefined_bootstrap_replicates"":0,""validity_table"":{""n00"":0,""n01"":0,""n10"":0,""n11"":24},""workflow_a"":""cuda-mala-quasi_deer@1024"",""workflow_b"":""cpu-nuts-spawn_chains@1024""}"
ordinary_workflow,end_to_end_workflow,cuda-mala-sequential,cpu-nuts-spawn_chains,1024,24,24,"{""n00"":0,""n01"":0,""n10"":0,""n11"":24}",0.9181539310072554,0.8853144561523715,0.9471597642671222,available,available,False,0,0,geometric mean of A/B cost; interval on ratio scale,"{""bca_acceleration"":-0.010415678026291288,""bca_adjusted_quantiles"":[0.017732436480323154,0.9658213508576868],""bca_bias_percentile"":0.48004800480048004,""bootstrap_expected_tail_counts"":[177.30663236675122,341.75231277398933],""conditioning"":""both_workflows_have_valid_outputs"",""confidence_interval"":{""high"":-0.05428749435775993,""low"":-0.12181237939829212},""confidence_interval_scale"":""log_cost_ratio"",""confidence_level"":0.95,""geometric_mean_ratio"":0.9181539310072554,""interval_coverage"":""pointwise_conditional_on_both_valid_outputs"",""interval_method"":""BCa"",""interval_status"":""available"",""jointly_valid_pairs_missing_cost"":0,""jointly_valid_pairs_zero_cost"":0,""mean_log_ratio"":-0.08539022158271635,""minimum_valid_repetitions"":20,""phase"":""ordinary_workflow"",""planned"":24,""ratio_confidence_interval"":{""high"":0.9471597642671222,""low"":0.8853144561523715},""ratio_definition"":""geometric_mean_of_A_seconds_divided_by_B_seconds"",""resampled_valid_count_range"":[24,24],""resampling_plan_sha256"":""e51ad0d96ebf53e2713d78fa9e4e4f79e473cf6b4c0c64c4abe1a92a6e393348"",""undefined_bootstrap_replicates"":0,""validity_table"":{""n00"":0,""n01"":0,""n10"":0,""n11"":24},""workflow_a"":""cuda-mala-sequential@1024"",""workflow_b"":""cpu-nuts-spawn_chains@1024""}"
ordinary_workflow,end_to_end_workflow,cuda-rwm-online_picard,cpu-nuts-spawn_chains,1024,24,24,"{""n00"":0,""n01"":0,""n10"":0,""n11"":24}",0.39069155373385805,0.37932136905919744,0.401207983609692,available,available,False,0,0,geometric mean of A/B cost; interval on ratio scale,"{""bca_acceleration"":-0.008214086794943986,""bca_adjusted_quantiles"":[0.019866009069002016,0.9690117911921305],""bca_bias_percentile"":0.48734873487348734,""bootstrap_expected_tail_counts"":[198.64022468095115,309.8510998698867],""conditioning"":""both_workflows_have_valid_outputs"",""confidence_interval"":{""high"":-0.9132753237660943,""low"":-0.9693714937271113},""confidence_interval_scale"":""log_cost_ratio"",""confidence_level"":0.95,""geometric_mean_ratio"":0.39069155373385805,""interval_coverage"":""pointwise_conditional_on_both_valid_outputs"",""interval_method"":""BCa"",""interval_status"":""available"",""jointly_valid_pairs_missing_cost"":0,""jointly_valid_pairs_zero_cost"":0,""mean_log_ratio"":-0.9398368954454024,""minimum_valid_repetitions"":20,""phase"":""ordinary_workflow"",""planned"":24,""ratio_confidence_interval"":{""high"":0.401207983609692,""low"":0.37932136905919744},""ratio_definition"":""geometric_mean_of_A_seconds_divided_by_B_seconds"",""resampled_valid_count_range"":[24,24],""resampling_plan_sha256"":""e51ad0d96ebf53e2713d78fa9e4e4f79e473cf6b4c0c64c4abe1a92a6e393348"",""undefined_bootstrap_replicates"":0,""validity_table"":{""n00"":0,""n01"":0,""n10"":0,""n11"":24},""workflow_a"":""cuda-rwm-online_picard@1024"",""workflow_b"":""cpu-nuts-spawn_chains@1024""}"
ordinary_workflow,end_to_end_workflow,cuda-rwm-sequential,cpu-nuts-spawn_chains,1024,24,24,"{""n00"":0,""n01"":0,""n10"":0,""n11"":24}",0.42363060157088567,0.4120689119665391,0.433821775252153,available,available,False,0,0,geometric mean of A/B cost; interval on ratio scale,"{""bca_acceleration"":-0.009328627140113987,""bca_adjusted_quantiles"":[0.018785187123500722,0.9674602245423264],""bca_bias_percentile"":0.48374837483748373,""bootstrap_expected_tail_counts"":[187.8330860478837,325.36521480127846],""conditioning"":""both_workflows_have_valid_outputs"",""confidence_interval"":{""high"":-0.83512148532507,""low"":-0.886564681564642},""confidence_interval_scale"":""log_cost_ratio"",""confidence_level"":0.95,""geometric_mean_ratio"":0.42363060157088567,""interval_coverage"":""pointwise_conditional_on_both_valid_outputs"",""interval_method"":""BCa"",""interval_status"":""available"",""jointly_valid_pairs_missing_cost"":0,""jointly_valid_pairs_zero_cost"":0,""mean_log_ratio"":-0.8588934261954319,""minimum_valid_repetitions"":20,""phase"":""ordinary_workflow"",""planned"":24,""ratio_confidence_interval"":{""high"":0.433821775252153,""low"":0.4120689119665391},""ratio_definition"":""geometric_mean_of_A_seconds_divided_by_B_seconds"",""resampled_valid_count_range"":[24,24],""resampling_plan_sha256"":""e51ad0d96ebf53e2713d78fa9e4e4f79e473cf6b4c0c64c4abe1a92a6e393348"",""undefined_bootstrap_replicates"":0,""validity_table"":{""n00"":0,""n01"":0,""n10"":0,""n11"":24},""workflow_a"":""cuda-rwm-sequential@1024"",""workflow_b"":""cpu-nuts-spawn_chains@1024""}"
ordinary_workflow,same_kernel_execution,cpu-rwm-sequential,cpu-rwm-online_picard,4096,24,24,"{""n00"":0,""n01"":0,""n10"":0,""n11"":24}",1.0111854359037513,1.0075808952128933,1.0147236921629266,available,available,False,0,0,geometric mean of A/B cost; interval on ratio scale,"{""bca_acceleration"":-0.003817736115605501,""bca_adjusted_quantiles"":[0.0232039739652821,0.9731181134090491],""bca_bias_percentile"":0.49664966496649665,""bootstrap_expected_tail_counts"":[232.01653567885572,268.79198402291826],""conditioning"":""both_workflows_have_valid_outputs"",""confidence_interval"":{""high"":0.014616350963920709,""low"":0.007552304630668059},""confidence_interval_scale"":""log_cost_ratio"",""confidence_level"":0.95,""geometric_mean_ratio"":1.0111854359037513,""interval_coverage"":""pointwise_conditional_on_both_valid_outputs"",""interval_method"":""BCa"",""interval_status"":""available"",""jointly_valid_pairs_missing_cost"":0,""jointly_valid_pairs_zero_cost"":0,""mean_log_ratio"":0.011123341521678829,""minimum_valid_repetitions"":20,""phase"":""ordinary_workflow"",""planned"":24,""ratio_confidence_interval"":{""high"":1.0147236921629266,""low"":1.0075808952128933},""ratio_definition"":""geometric_mean_of_A_seconds_divided_by_B_seconds"",""resampled_valid_count_range"":[24,24],""resampling_plan_sha256"":""e51ad0d96ebf53e2713d78fa9e4e4f79e473cf6b4c0c64c4abe1a92a6e393348"",""undefined_bootstrap_replicates"":0,""validity_table"":{""n00"":0,""n01"":0,""n10"":0,""n11"":24},""workflow_a"":""cpu-rwm-sequential@4096"",""workflow_b"":""cpu-rwm-online_picard@4096""}"
ordinary_workflow,same_kernel_execution,cpu-mala-sequential,cpu-mala-quasi_deer,4096,24,24,"{""n00"":0,""n01"":0,""n10"":0,""n11"":24}",0.27084009255701896,0.2618861786240126,0.27873956217933926,available,available,False,0,0,geometric mean of A/B cost; interval on ratio scale,"{""bca_acceleration"":-0.008326566015445323,""bca_adjusted_quantiles"":[0.019942166505611304,0.9691213514125172],""bca_bias_percentile"":0.48774877487748775,""bootstrap_expected_tail_counts"":[199.4017228896074,308.75560722624044],""conditioning"":""both_workflows_have_valid_outputs"",""confidence_interval"":{""high"":-1.2774774020054345,""low"":-1.3398453023470556},""confidence_interval_scale"":""log_cost_ratio"",""confidence_level"":0.95,""geometric_mean_ratio"":0.27084009255701896,""interval_coverage"":""pointwise_conditional_on_both_valid_outputs"",""interval_method"":""BCa"",""interval_status"":""available"",""jointly_valid_pairs_missing_cost"":0,""jointly_valid_pairs_zero_cost"":0,""mean_log_ratio"":-1.3062266966241698,""minimum_valid_repetitions"":20,""phase"":""ordinary_workflow"",""planned"":24,""ratio_confidence_interval"":{""high"":0.27873956217933926,""low"":0.2618861786240126},""ratio_definition"":""geometric_mean_of_A_seconds_divided_by_B_seconds"",""resampled_valid_count_range"":[24,24],""resampling_plan_sha256"":""e51ad0d96ebf53e2713d78fa9e4e4f79e473cf6b4c0c64c4abe1a92a6e393348"",""undefined_bootstrap_replicates"":0,""validity_table"":{""n00"":0,""n01"":0,""n10"":0,""n11"":24},""workflow_a"":""cpu-mala-sequential@4096"",""workflow_b"":""cpu-mala-quasi_deer@4096""}"
ordinary_workflow,same_kernel_execution,cuda-rwm-sequential,cuda-rwm-online_picard,4096,24,24,"{""n00"":0,""n01"":0,""n10"":0,""n11"":24}",1.2606843761548945,1.247741034812295,1.273713204188127,available,available,False,0,0,geometric mean of A/B cost; interval on ratio scale,"{""bca_acceleration"":-0.001709351062066197,""bca_adjusted_quantiles"":[0.02605925968507878,0.9760162094131776],""bca_bias_percentile"":0.5048504850485048,""bootstrap_expected_tail_counts"":[260.5665375911027,239.81392207763747],""conditioning"":""both_workflows_have_valid_outputs"",""confidence_interval"":{""high"":0.2419364173558904,""low"":0.22133474425845479},""confidence_interval_scale"":""log_cost_ratio"",""confidence_level"":0.95,""geometric_mean_ratio"":1.2606843761548945,""interval_coverage"":""pointwise_conditional_on_both_valid_outputs"",""interval_method"":""BCa"",""interval_status"":""available"",""jointly_valid_pairs_missing_cost"":0,""jointly_valid_pairs_zero_cost"":0,""mean_log_ratio"":0.23165472918622068,""minimum_valid_repetitions"":20,""phase"":""ordinary_workflow"",""planned"":24,""ratio_confidence_interval"":{""high"":1.273713204188127,""low"":1.247741034812295},""ratio_definition"":""geometric_mean_of_A_seconds_divided_by_B_seconds"",""resampled_valid_count_range"":[24,24],""resampling_plan_sha256"":""e51ad0d96ebf53e2713d78fa9e4e4f79e473cf6b4c0c64c4abe1a92a6e393348"",""undefined_bootstrap_replicates"":0,""validity_table"":{""n00"":0,""n01"":0,""n10"":0,""n11"":24},""workflow_a"":""cuda-rwm-sequential@4096"",""workflow_b"":""cuda-rwm-online_picard@4096""}"
ordinary_workflow,same_kernel_execution,cuda-mala-sequential,cuda-mala-quasi_deer,4096,24,24,"{""n00"":0,""n01"":0,""n10"":0,""n11"":24}",0.3440240849262448,0.3336393869656353,0.34946428969273446,available,available,False,0,0,geometric mean of A/B cost; interval on ratio scale,"{""bca_acceleration"":-0.06966467425959062,""bca_adjusted_quantiles"":[0.006640772368445827,0.9416165863702373],""bca_bias_percentile"":0.46504650465046504,""bootstrap_expected_tail_counts"":[66.40108291208983,583.7757528839976],""conditioning"":""both_workflows_have_valid_outputs"",""confidence_interval"":{""high"":-1.0513538979427428,""low"":-1.0976945490230885},""confidence_interval_scale"":""log_cost_ratio"",""confidence_level"":0.95,""geometric_mean_ratio"":0.3440240849262448,""interval_coverage"":""pointwise_conditional_on_both_valid_outputs"",""interval_method"":""BCa"",""interval_status"":""available"",""jointly_valid_pairs_missing_cost"":0,""jointly_valid_pairs_zero_cost"":0,""mean_log_ratio"":-1.0670436097391478,""minimum_valid_repetitions"":20,""phase"":""ordinary_workflow"",""planned"":24,""ratio_confidence_interval"":{""high"":0.34946428969273446,""low"":0.3336393869656353},""ratio_definition"":""geometric_mean_of_A_seconds_divided_by_B_seconds"",""resampled_valid_count_range"":[24,24],""resampling_plan_sha256"":""e51ad0d96ebf53e2713d78fa9e4e4f79e473cf6b4c0c64c4abe1a92a6e393348"",""undefined_bootstrap_replicates"":0,""validity_table"":{""n00"":0,""n01"":0,""n10"":0,""n11"":24},""workflow_a"":""cuda-mala-sequential@4096"",""workflow_b"":""cuda-mala-quasi_deer@4096""}"
ordinary_workflow,end_to_end_workflow,cpu-mala-quasi_deer,cpu-nuts-spawn_chains,4096,24,7,"{""n00"":0,""n01"":0,""n10"":17,""n11"":7}",1.5998107204385879,,,fewer_than_20_valid_repetitions,fewer_than_20_valid_repetitions,False,0,0,geometric mean of A/B cost; interval on ratio scale,"{""conditioning"":""both_workflows_have_valid_outputs"",""confidence_interval"":null,""confidence_interval_scale"":""log_cost_ratio"",""confidence_level"":0.95,""geometric_mean_ratio"":1.5998107204385879,""interval_coverage"":""pointwise_conditional_on_both_valid_outputs"",""interval_method"":""BCa"",""interval_status"":""fewer_than_20_valid_repetitions"",""jointly_valid_pairs_missing_cost"":0,""jointly_valid_pairs_zero_cost"":0,""mean_log_ratio"":0.4698853225218885,""minimum_valid_repetitions"":20,""phase"":""ordinary_workflow"",""planned"":24,""ratio_confidence_interval"":null,""ratio_definition"":""geometric_mean_of_A_seconds_divided_by_B_seconds"",""resampling_plan_sha256"":""e51ad0d96ebf53e2713d78fa9e4e4f79e473cf6b4c0c64c4abe1a92a6e393348"",""validity_table"":{""n00"":0,""n01"":0,""n10"":17,""n11"":7},""workflow_a"":""cpu-mala-quasi_deer@4096"",""workflow_b"":""cpu-nuts-spawn_chains@4096""}"
ordinary_workflow,end_to_end_workflow,cpu-mala-sequential,cpu-nuts-spawn_chains,4096,24,7,"{""n00"":0,""n01"":0,""n10"":17,""n11"":7}",0.39659063762154023,,,fewer_than_20_valid_repetitions,fewer_than_20_valid_repetitions,False,0,0,geometric mean of A/B cost; interval on ratio scale,"{""conditioning"":""both_workflows_have_valid_outputs"",""confidence_interval"":null,""confidence_interval_scale"":""log_cost_ratio"",""confidence_level"":0.95,""geometric_mean_ratio"":0.39659063762154023,""interval_coverage"":""pointwise_conditional_on_both_valid_outputs"",""interval_method"":""BCa"",""interval_status"":""fewer_than_20_valid_repetitions"",""jointly_valid_pairs_missing_cost"":0,""jointly_valid_pairs_zero_cost"":0,""mean_log_ratio"":-0.9248506697773504,""minimum_valid_repetitions"":20,""phase"":""ordinary_workflow"",""planned"":24,""ratio_confidence_interval"":null,""ratio_definition"":""geometric_mean_of_A_seconds_divided_by_B_seconds"",""resampling_plan_sha256"":""e51ad0d96ebf53e2713d78fa9e4e4f79e473cf6b4c0c64c4abe1a92a6e393348"",""validity_table"":{""n00"":0,""n01"":0,""n10"":17,""n11"":7},""workflow_a"":""cpu-mala-sequential@4096"",""workflow_b"":""cpu-nuts-spawn_chains@4096""}"
ordinary_workflow,end_to_end_workflow,cpu-rwm-online_picard,cpu-nuts-spawn_chains,4096,24,7,"{""n00"":0,""n01"":0,""n10"":17,""n11"":7}",0.17907076137069408,,,fewer_than_20_valid_repetitions,fewer_than_20_valid_repetitions,False,0,0,geometric mean of A/B cost; interval on ratio scale,"{""conditioning"":""both_workflows_have_valid_outputs"",""confidence_interval"":null,""confidence_interval_scale"":""log_cost_ratio"",""confidence_level"":0.95,""geometric_mean_ratio"":0.17907076137069408,""interval_coverage"":""pointwise_conditional_on_both_valid_outputs"",""interval_method"":""BCa"",""interval_status"":""fewer_than_20_valid_repetitions"",""jointly_valid_pairs_missing_cost"":0,""jointly_valid_pairs_zero_cost"":0,""mean_log_ratio"":-1.71997423633766,""minimum_valid_repetitions"":20,""phase"":""ordinary_workflow"",""planned"":24,""ratio_confidence_interval"":null,""ratio_definition"":""geometric_mean_of_A_seconds_divided_by_B_seconds"",""resampling_plan_sha256"":""e51ad0d96ebf53e2713d78fa9e4e4f79e473cf6b4c0c64c4abe1a92a6e393348"",""validity_table"":{""n00"":0,""n01"":0,""n10"":17,""n11"":7},""workflow_a"":""cpu-rwm-online_picard@4096"",""workflow_b"":""cpu-nuts-spawn_chains@4096""}"
ordinary_workflow,end_to_end_workflow,cpu-rwm-sequential,cpu-nuts-spawn_chains,4096,24,7,"{""n00"":0,""n01"":0,""n10"":17,""n11"":7}",0.1800411784307635,,,fewer_than_20_valid_repetitions,fewer_than_20_valid_repetitions,False,0,0,geometric mean of A/B cost; interval on ratio scale,"{""conditioning"":""both_workflows_have_valid_outputs"",""confidence_interval"":null,""confidence_interval_scale"":""log_cost_ratio"",""confidence_level"":0.95,""geometric_mean_ratio"":0.1800411784307635,""interval_coverage"":""pointwise_conditional_on_both_valid_outputs"",""interval_method"":""BCa"",""interval_status"":""fewer_than_20_valid_repetitions"",""jointly_valid_pairs_missing_cost"":0,""jointly_valid_pairs_zero_cost"":0,""mean_log_ratio"":-1.7145696851957806,""minimum_valid_repetitions"":20,""phase"":""ordinary_workflow"",""planned"":24,""ratio_confidence_interval"":null,""ratio_definition"":""geometric_mean_of_A_seconds_divided_by_B_seconds"",""resampling_plan_sha256"":""e51ad0d96ebf53e2713d78fa9e4e4f79e473cf6b4c0c64c4abe1a92a6e393348"",""validity_table"":{""n00"":0,""n01"":0,""n10"":17,""n11"":7},""workflow_a"":""cpu-rwm-sequential@4096"",""workflow_b"":""cpu-nuts-spawn_chains@4096""}"
ordinary_workflow,end_to_end_workflow,cuda-mala-quasi_deer,cpu-nuts-spawn_chains,4096,24,7,"{""n00"":0,""n01"":0,""n10"":17,""n11"":7}",2.632756265764604,,,fewer_than_20_valid_repetitions,fewer_than_20_valid_repetitions,False,0,0,geometric mean of A/B cost; interval on ratio scale,"{""conditioning"":""both_workflows_have_valid_outputs"",""confidence_interval"":null,""confidence_interval_scale"":""log_cost_ratio"",""confidence_level"":0.95,""geometric_mean_ratio"":2.632756265764604,""interval_coverage"":""pointwise_conditional_on_both_valid_outputs"",""interval_method"":""BCa"",""interval_status"":""fewer_than_20_valid_repetitions"",""jointly_valid_pairs_missing_cost"":0,""jointly_valid_pairs_zero_cost"":0,""mean_log_ratio"":0.9680313072072175,""minimum_valid_repetitions"":20,""phase"":""ordinary_workflow"",""planned"":24,""ratio_confidence_interval"":null,""ratio_definition"":""geometric_mean_of_A_seconds_divided_by_B_seconds"",""resampling_plan_sha256"":""e51ad0d96ebf53e2713d78fa9e4e4f79e473cf6b4c0c64c4abe1a92a6e393348"",""validity_table"":{""n00"":0,""n01"":0,""n10"":17,""n11"":7},""workflow_a"":""cuda-mala-quasi_deer@4096"",""workflow_b"":""cpu-nuts-spawn_chains@4096""}"
ordinary_workflow,end_to_end_workflow,cuda-mala-sequential,cpu-nuts-spawn_chains,4096,24,7,"{""n00"":0,""n01"":0,""n10"":17,""n11"":7}",0.9082426077632092,,,fewer_than_20_valid_repetitions,fewer_than_20_valid_repetitions,False,0,0,geometric mean of A/B cost; interval on ratio scale,"{""conditioning"":""both_workflows_have_valid_outputs"",""confidence_interval"":null,""confidence_interval_scale"":""log_cost_ratio"",""confidence_level"":0.95,""geometric_mean_ratio"":0.9082426077632092,""interval_coverage"":""pointwise_conditional_on_both_valid_outputs"",""interval_method"":""BCa"",""interval_status"":""fewer_than_20_valid_repetitions"",""jointly_valid_pairs_missing_cost"":0,""jointly_valid_pairs_zero_cost"":0,""mean_log_ratio"":-0.09624374690298218,""minimum_valid_repetitions"":20,""phase"":""ordinary_workflow"",""planned"":24,""ratio_confidence_interval"":null,""ratio_definition"":""geometric_mean_of_A_seconds_divided_by_B_seconds"",""resampling_plan_sha256"":""e51ad0d96ebf53e2713d78fa9e4e4f79e473cf6b4c0c64c4abe1a92a6e393348"",""validity_table"":{""n00"":0,""n01"":0,""n10"":17,""n11"":7},""workflow_a"":""cuda-mala-sequential@4096"",""workflow_b"":""cpu-nuts-spawn_chains@4096""}"
ordinary_workflow,end_to_end_workflow,cuda-rwm-online_picard,cpu-nuts-spawn_chains,4096,24,7,"{""n00"":0,""n01"":0,""n10"":17,""n11"":7}",0.2727799789619975,,,fewer_than_20_valid_repetitions,fewer_than_20_valid_repetitions,False,0,0,geometric mean of A/B cost; interval on ratio scale,"{""conditioning"":""both_workflows_have_valid_outputs"",""confidence_interval"":null,""confidence_interval_scale"":""log_cost_ratio"",""confidence_level"":0.95,""geometric_mean_ratio"":0.2727799789619975,""interval_coverage"":""pointwise_conditional_on_both_valid_outputs"",""interval_method"":""BCa"",""interval_status"":""fewer_than_20_valid_repetitions"",""jointly_valid_pairs_missing_cost"":0,""jointly_valid_pairs_zero_cost"":0,""mean_log_ratio"":-1.2990897466078426,""minimum_valid_repetitions"":20,""phase"":""ordinary_workflow"",""planned"":24,""ratio_confidence_interval"":null,""ratio_definition"":""geometric_mean_of_A_seconds_divided_by_B_seconds"",""resampling_plan_sha256"":""e51ad0d96ebf53e2713d78fa9e4e4f79e473cf6b4c0c64c4abe1a92a6e393348"",""validity_table"":{""n00"":0,""n01"":0,""n10"":17,""n11"":7},""workflow_a"":""cuda-rwm-online_picard@4096"",""workflow_b"":""cpu-nuts-spawn_chains@4096""}"
ordinary_workflow,end_to_end_workflow,cuda-rwm-sequential,cpu-nuts-spawn_chains,4096,24,7,"{""n00"":0,""n01"":0,""n10"":17,""n11"":7}",0.34370738292008973,,,fewer_than_20_valid_repetitions,fewer_than_20_valid_repetitions,False,0,0,geometric mean of A/B cost; interval on ratio scale,"{""conditioning"":""both_workflows_have_valid_outputs"",""confidence_interval"":null,""confidence_interval_scale"":""log_cost_ratio"",""confidence_level"":0.95,""geometric_mean_ratio"":0.34370738292008973,""interval_coverage"":""pointwise_conditional_on_both_valid_outputs"",""interval_method"":""BCa"",""interval_status"":""fewer_than_20_valid_repetitions"",""jointly_valid_pairs_missing_cost"":0,""jointly_valid_pairs_zero_cost"":0,""mean_log_ratio"":-1.0679646146468735,""minimum_valid_repetitions"":20,""phase"":""ordinary_workflow"",""planned"":24,""ratio_confidence_interval"":null,""ratio_definition"":""geometric_mean_of_A_seconds_divided_by_B_seconds"",""resampling_plan_sha256"":""e51ad0d96ebf53e2713d78fa9e4e4f79e473cf6b4c0c64c4abe1a92a6e393348"",""validity_table"":{""n00"":0,""n01"":0,""n10"":17,""n11"":7},""workflow_a"":""cuda-rwm-sequential@4096"",""workflow_b"":""cpu-nuts-spawn_chains@4096""}"
research_execution,same_kernel_execution,cpu-rwm-sequential,cpu-rwm-online_picard,1024,24,24,"{""n00"":0,""n01"":0,""n10"":0,""n11"":24}",0.9985707816435145,0.986768788742925,1.0103547884923252,available,available,False,0,0,geometric mean of A/B cost; interval on ratio scale,"{""bca_acceleration"":-0.003973932080407648,""bca_adjusted_quantiles"":[0.025718904958575126,0.9756912582237527],""bca_bias_percentile"":0.5054505450545055,""bootstrap_expected_tail_counts"":[257.1633306807927,243.06310902069686],""conditioning"":""both_workflows_have_valid_outputs"",""confidence_interval"":{""high"":0.010301544905267176,""low"":-0.01331952358379806},""confidence_interval_scale"":""log_cost_ratio"",""confidence_level"":0.95,""geometric_mean_ratio"":0.9985707816435145,""interval_coverage"":""pointwise_conditional_on_both_valid_outputs"",""interval_method"":""BCa"",""interval_status"":""available"",""jointly_valid_pairs_missing_cost"":0,""jointly_valid_pairs_zero_cost"":0,""mean_log_ratio"":-0.0014302406632231424,""minimum_valid_repetitions"":20,""phase"":""research_execution"",""planned"":24,""ratio_confidence_interval"":{""high"":1.0103547884923252,""low"":0.986768788742925},""ratio_definition"":""geometric_mean_of_A_seconds_divided_by_B_seconds"",""resampled_valid_count_range"":[24,24],""resampling_plan_sha256"":""e51ad0d96ebf53e2713d78fa9e4e4f79e473cf6b4c0c64c4abe1a92a6e393348"",""undefined_bootstrap_replicates"":0,""validity_table"":{""n00"":0,""n01"":0,""n10"":0,""n11"":24},""workflow_a"":""cpu-rwm-sequential@1024"",""workflow_b"":""cpu-rwm-online_picard@1024""}"
research_execution,same_kernel_execution,cpu-mala-sequential,cpu-mala-quasi_deer,1024,24,24,"{""n00"":0,""n01"":0,""n10"":0,""n11"":24}",0.500554279670651,0.4909860045628312,0.5102546978489046,available,available,False,0,0,geometric mean of A/B cost; interval on ratio scale,"{""bca_acceleration"":0.005137452955505359,""bca_adjusted_quantiles"":[0.024966964130964848,0.9749662543426291],""bca_bias_percentile"":0.495949594959496,""bootstrap_expected_tail_counts"":[249.6446743455175,250.31242282805195],""conditioning"":""both_workflows_have_valid_outputs"",""confidence_interval"":{""high"":-0.6728452703793395,""low"":-0.7113396555392156},""confidence_interval_scale"":""log_cost_ratio"",""confidence_level"":0.95,""geometric_mean_ratio"":0.500554279670651,""interval_coverage"":""pointwise_conditional_on_both_valid_outputs"",""interval_method"":""BCa"",""interval_status"":""available"",""jointly_valid_pairs_missing_cost"":0,""jointly_valid_pairs_zero_cost"":0,""mean_log_ratio"":-0.6920392352168229,""minimum_valid_repetitions"":20,""phase"":""research_execution"",""planned"":24,""ratio_confidence_interval"":{""high"":0.5102546978489046,""low"":0.4909860045628312},""ratio_definition"":""geometric_mean_of_A_seconds_divided_by_B_seconds"",""resampled_valid_count_range"":[24,24],""resampling_plan_sha256"":""e51ad0d96ebf53e2713d78fa9e4e4f79e473cf6b4c0c64c4abe1a92a6e393348"",""undefined_bootstrap_replicates"":0,""validity_table"":{""n00"":0,""n01"":0,""n10"":0,""n11"":24},""workflow_a"":""cpu-mala-sequential@1024"",""workflow_b"":""cpu-mala-quasi_deer@1024""}"
research_execution,same_kernel_execution,cuda-rwm-sequential,cuda-rwm-online_picard,1024,24,24,"{""n00"":0,""n01"":0,""n10"":0,""n11"":24}",1.0460606771798369,1.0373830534954804,1.0548402599691007,available,available,False,0,0,geometric mean of A/B cost; interval on ratio scale,"{""bca_acceleration"":0.0004021346350329916,""bca_adjusted_quantiles"":[0.025878806515213463,0.9758549753797685],""bca_bias_percentile"":0.5026502650265027,""bootstrap_expected_tail_counts"":[258.7621863456194,241.4261011776947],""conditioning"":""both_workflows_have_valid_outputs"",""confidence_interval"":{""high"":0.0533893431124591,""low"":0.03670124724696511},""confidence_interval_scale"":""log_cost_ratio"",""confidence_level"":0.95,""geometric_mean_ratio"":1.0460606771798369,""interval_coverage"":""pointwise_conditional_on_both_valid_outputs"",""interval_method"":""BCa"",""interval_status"":""available"",""jointly_valid_pairs_missing_cost"":0,""jointly_valid_pairs_zero_cost"":0,""mean_log_ratio"":0.04503137273642193,""minimum_valid_repetitions"":20,""phase"":""research_execution"",""planned"":24,""ratio_confidence_interval"":{""high"":1.0548402599691007,""low"":1.0373830534954804},""ratio_definition"":""geometric_mean_of_A_seconds_divided_by_B_seconds"",""resampled_valid_count_range"":[24,24],""resampling_plan_sha256"":""e51ad0d96ebf53e2713d78fa9e4e4f79e473cf6b4c0c64c4abe1a92a6e393348"",""undefined_bootstrap_replicates"":0,""validity_table"":{""n00"":0,""n01"":0,""n10"":0,""n11"":24},""workflow_a"":""cuda-rwm-sequential@1024"",""workflow_b"":""cuda-rwm-online_picard@1024""}"
research_execution,same_kernel_execution,cuda-mala-sequential,cuda-mala-quasi_deer,1024,24,24,"{""n00"":0,""n01"":0,""n10"":0,""n11"":24}",0.47410910045663096,0.4681662830714593,0.4798160934280565,available,available,False,0,0,geometric mean of A/B cost; interval on ratio scale,"{""bca_acceleration"":-0.005227906072641565,""bca_adjusted_quantiles"":[0.02376642915523286,0.9737398376233055],""bca_bias_percentile"":0.49974997499749974,""bootstrap_expected_tail_counts"":[237.64052512317338,262.57536360456817],""conditioning"":""both_workflows_have_valid_outputs"",""confidence_interval"":{""high"":-0.734352387188131,""low"":-0.7589317404623696},""confidence_interval_scale"":""log_cost_ratio"",""confidence_level"":0.95,""geometric_mean_ratio"":0.47410910045663096,""interval_coverage"":""pointwise_conditional_on_both_valid_outputs"",""interval_method"":""BCa"",""interval_status"":""available"",""jointly_valid_pairs_missing_cost"":0,""jointly_valid_pairs_zero_cost"":0,""mean_log_ratio"":-0.7463178140323233,""minimum_valid_repetitions"":20,""phase"":""research_execution"",""planned"":24,""ratio_confidence_interval"":{""high"":0.4798160934280565,""low"":0.4681662830714593},""ratio_definition"":""geometric_mean_of_A_seconds_divided_by_B_seconds"",""resampled_valid_count_range"":[24,24],""resampling_plan_sha256"":""e51ad0d96ebf53e2713d78fa9e4e4f79e473cf6b4c0c64c4abe1a92a6e393348"",""undefined_bootstrap_replicates"":0,""validity_table"":{""n00"":0,""n01"":0,""n10"":0,""n11"":24},""workflow_a"":""cuda-mala-sequential@1024"",""workflow_b"":""cuda-mala-quasi_deer@1024""}"
research_execution,end_to_end_workflow,cpu-mala-quasi_deer,cpu-nuts-spawn_chains,1024,24,24,"{""n00"":0,""n01"":0,""n10"":0,""n11"":24}",1.2537940321806256,1.2319590353174774,1.2801328428600727,available,available,False,0,0,geometric mean of A/B cost; interval on ratio scale,"{""bca_acceleration"":0.01937070358801832,""bca_adjusted_quantiles"":[0.030866276514005198,0.9802509418542559],""bca_bias_percentile"":0.5041504150415042,""bootstrap_expected_tail_counts"":[308.63189886353797,197.47083239929552],""conditioning"":""both_workflows_have_valid_outputs"",""confidence_interval"":{""high"":0.2469638560308244,""low"":0.2086056140045205},""confidence_interval_scale"":""log_cost_ratio"",""confidence_level"":0.95,""geometric_mean_ratio"":1.2537940321806256,""interval_coverage"":""pointwise_conditional_on_both_valid_outputs"",""interval_method"":""BCa"",""interval_status"":""available"",""jointly_valid_pairs_missing_cost"":0,""jointly_valid_pairs_zero_cost"":0,""mean_log_ratio"":0.22617418006065235,""minimum_valid_repetitions"":20,""phase"":""research_execution"",""planned"":24,""ratio_confidence_interval"":{""high"":1.2801328428600727,""low"":1.2319590353174774},""ratio_definition"":""geometric_mean_of_A_seconds_divided_by_B_seconds"",""resampled_valid_count_range"":[24,24],""resampling_plan_sha256"":""e51ad0d96ebf53e2713d78fa9e4e4f79e473cf6b4c0c64c4abe1a92a6e393348"",""undefined_bootstrap_replicates"":0,""validity_table"":{""n00"":0,""n01"":0,""n10"":0,""n11"":24},""workflow_a"":""cpu-mala-quasi_deer@1024"",""workflow_b"":""cpu-nuts-spawn_chains@1024""}"
research_execution,end_to_end_workflow,cpu-mala-sequential,cpu-nuts-spawn_chains,1024,24,24,"{""n00"":0,""n01"":0,""n10"":0,""n11"":24}",0.6275919686335338,0.6136195621824894,0.641175203890599,available,available,False,0,0,geometric mean of A/B cost; interval on ratio scale,"{""bca_acceleration"":-0.00447427397503633,""bca_adjusted_quantiles"":[0.02155814222505628,0.9711805983319315],""bca_bias_percentile"":0.49104910491049103,""bootstrap_expected_tail_counts"":[215.55986410833776,288.16519727901704],""conditioning"":""both_workflows_have_valid_outputs"",""confidence_interval"":{""high"":-0.444452530406539,""low"":-0.4883801484358295},""confidence_interval_scale"":""log_cost_ratio"",""confidence_level"":0.95,""geometric_mean_ratio"":0.6275919686335338,""interval_coverage"":""pointwise_conditional_on_both_valid_outputs"",""interval_method"":""BCa"",""interval_status"":""available"",""jointly_valid_pairs_missing_cost"":0,""jointly_valid_pairs_zero_cost"":0,""mean_log_ratio"":-0.4658650551561707,""minimum_valid_repetitions"":20,""phase"":""research_execution"",""planned"":24,""ratio_confidence_interval"":{""high"":0.641175203890599,""low"":0.6136195621824894},""ratio_definition"":""geometric_mean_of_A_seconds_divided_by_B_seconds"",""resampled_valid_count_range"":[24,24],""resampling_plan_sha256"":""e51ad0d96ebf53e2713d78fa9e4e4f79e473cf6b4c0c64c4abe1a92a6e393348"",""undefined_bootstrap_replicates"":0,""validity_table"":{""n00"":0,""n01"":0,""n10"":0,""n11"":24},""workflow_a"":""cpu-mala-sequential@1024"",""workflow_b"":""cpu-nuts-spawn_chains@1024""}"
research_execution,end_to_end_workflow,cpu-rwm-online_picard,cpu-nuts-spawn_chains,1024,24,24,"{""n00"":0,""n01"":0,""n10"":0,""n11"":24}",0.453461506048052,0.4422449206830841,0.4639030961049877,available,available,False,0,0,geometric mean of A/B cost; interval on ratio scale,"{""bca_acceleration"":-0.006520527124018731,""bca_adjusted_quantiles"":[0.019807665655429508,0.9688853576781653],""bca_bias_percentile"":0.48574857485748574,""bootstrap_expected_tail_counts"":[198.05684888863965,311.11530857602514],""conditioning"":""both_workflows_have_valid_outputs"",""confidence_interval"":{""high"":-0.7680795931682719,""low"":-0.8158914311792906},""confidence_interval_scale"":""log_cost_ratio"",""confidence_level"":0.95,""geometric_mean_ratio"":0.453461506048052,""interval_coverage"":""pointwise_conditional_on_both_valid_outputs"",""interval_method"":""BCa"",""interval_status"":""available"",""jointly_valid_pairs_missing_cost"":0,""jointly_valid_pairs_zero_cost"":0,""mean_log_ratio"":-0.7908448949523278,""minimum_valid_repetitions"":20,""phase"":""research_execution"",""planned"":24,""ratio_confidence_interval"":{""high"":0.4639030961049877,""low"":0.4422449206830841},""ratio_definition"":""geometric_mean_of_A_seconds_divided_by_B_seconds"",""resampled_valid_count_range"":[24,24],""resampling_plan_sha256"":""e51ad0d96ebf53e2713d78fa9e4e4f79e473cf6b4c0c64c4abe1a92a6e393348"",""undefined_bootstrap_replicates"":0,""validity_table"":{""n00"":0,""n01"":0,""n10"":0,""n11"":24},""workflow_a"":""cpu-rwm-online_picard@1024"",""workflow_b"":""cpu-nuts-spawn_chains@1024""}"
research_execution,end_to_end_workflow,cpu-rwm-sequential,cpu-nuts-spawn_chains,1024,24,24,"{""n00"":0,""n01"":0,""n10"":0,""n11"":24}",0.45281341053964863,0.4422548624688785,0.462305144102865,available,available,False,0,0,geometric mean of A/B cost; interval on ratio scale,"{""bca_acceleration"":-0.009861039980798172,""bca_adjusted_quantiles"":[0.019061225999415368,0.9678936828465465],""bca_bias_percentile"":0.48534853485348534,""bootstrap_expected_tail_counts"":[190.59319876815425,321.03106521738124],""conditioning"":""both_workflows_have_valid_outputs"",""confidence_interval"":{""high"":-0.7715301208535306,""low"":-0.8158689511606761},""confidence_interval_scale"":""log_cost_ratio"",""confidence_level"":0.95,""geometric_mean_ratio"":0.45281341053964863,""interval_coverage"":""pointwise_conditional_on_both_valid_outputs"",""interval_method"":""BCa"",""interval_status"":""available"",""jointly_valid_pairs_missing_cost"":0,""jointly_valid_pairs_zero_cost"":0,""mean_log_ratio"":-0.792275135615551,""minimum_valid_repetitions"":20,""phase"":""research_execution"",""planned"":24,""ratio_confidence_interval"":{""high"":0.462305144102865,""low"":0.4422548624688785},""ratio_definition"":""geometric_mean_of_A_seconds_divided_by_B_seconds"",""resampled_valid_count_range"":[24,24],""resampling_plan_sha256"":""e51ad0d96ebf53e2713d78fa9e4e4f79e473cf6b4c0c64c4abe1a92a6e393348"",""undefined_bootstrap_replicates"":0,""validity_table"":{""n00"":0,""n01"":0,""n10"":0,""n11"":24},""workflow_a"":""cpu-rwm-sequential@1024"",""workflow_b"":""cpu-nuts-spawn_chains@1024""}"
research_execution,end_to_end_workflow,cuda-mala-quasi_deer,cpu-nuts-spawn_chains,1024,24,24,"{""n00"":0,""n01"":0,""n10"":0,""n11"":24}",2.0049532733885864,1.9325201596622599,2.070626256070452,available,available,False,0,0,geometric mean of A/B cost; interval on ratio scale,"{""bca_acceleration"":-0.010254635349889997,""bca_adjusted_quantiles"":[0.018819882380249647,0.9675433429334837],""bca_bias_percentile"":0.48464846484648466,""bootstrap_expected_tail_counts"":[188.18000392011623,324.53411400809694],""conditioning"":""both_workflows_have_valid_outputs"",""confidence_interval"":{""high"":0.7278511006860026,""low"":0.6588249333330538},""confidence_interval_scale"":""log_cost_ratio"",""confidence_level"":0.95,""geometric_mean_ratio"":2.0049532733885864,""interval_coverage"":""pointwise_conditional_on_both_valid_outputs"",""interval_method"":""BCa"",""interval_status"":""available"",""jointly_valid_pairs_missing_cost"":0,""jointly_valid_pairs_zero_cost"":0,""mean_log_ratio"":0.6956207554438668,""minimum_valid_repetitions"":20,""phase"":""research_execution"",""planned"":24,""ratio_confidence_interval"":{""high"":2.070626256070452,""low"":1.9325201596622599},""ratio_definition"":""geometric_mean_of_A_seconds_divided_by_B_seconds"",""resampled_valid_count_range"":[24,24],""resampling_plan_sha256"":""e51ad0d96ebf53e2713d78fa9e4e4f79e473cf6b4c0c64c4abe1a92a6e393348"",""undefined_bootstrap_replicates"":0,""validity_table"":{""n00"":0,""n01"":0,""n10"":0,""n11"":24},""workflow_a"":""cuda-mala-quasi_deer@1024"",""workflow_b"":""cpu-nuts-spawn_chains@1024""}"
research_execution,end_to_end_workflow,cuda-mala-sequential,cpu-nuts-spawn_chains,1024,24,24,"{""n00"":0,""n01"":0,""n10"":0,""n11"":24}",0.9505665929038405,0.924218134948382,0.9737695050898497,available,available,False,0,0,geometric mean of A/B cost; interval on ratio scale,"{""bca_acceleration"":-0.011522632200987731,""bca_adjusted_quantiles"":[0.01825324199389056,0.9667092404601337],""bca_bias_percentile"":0.48324832483248326,""bootstrap_expected_tail_counts"":[182.5141666969117,332.8743046391228],""conditioning"":""both_workflows_have_valid_outputs"",""confidence_interval"":{""high"":-0.026580651096793834,""low"":-0.07880715841822869},""confidence_interval_scale"":""log_cost_ratio"",""confidence_level"":0.95,""geometric_mean_ratio"":0.9505665929038405,""interval_coverage"":""pointwise_conditional_on_both_valid_outputs"",""interval_method"":""BCa"",""interval_status"":""available"",""jointly_valid_pairs_missing_cost"":0,""jointly_valid_pairs_zero_cost"":0,""mean_log_ratio"":-0.050697058588456544,""minimum_valid_repetitions"":20,""phase"":""research_execution"",""planned"":24,""ratio_confidence_interval"":{""high"":0.9737695050898497,""low"":0.924218134948382},""ratio_definition"":""geometric_mean_of_A_seconds_divided_by_B_seconds"",""resampled_valid_count_range"":[24,24],""resampling_plan_sha256"":""e51ad0d96ebf53e2713d78fa9e4e4f79e473cf6b4c0c64c4abe1a92a6e393348"",""undefined_bootstrap_replicates"":0,""validity_table"":{""n00"":0,""n01"":0,""n10"":0,""n11"":24},""workflow_a"":""cuda-mala-sequential@1024"",""workflow_b"":""cpu-nuts-spawn_chains@1024""}"
research_execution,end_to_end_workflow,cuda-rwm-online_picard,cpu-nuts-spawn_chains,1024,24,24,"{""n00"":0,""n01"":0,""n10"":0,""n11"":24}",0.5243540544387695,0.5135135802884634,0.5344388879116092,available,available,False,0,0,geometric mean of A/B cost; interval on ratio scale,"{""bca_acceleration"":-0.007140194177943985,""bca_adjusted_quantiles"":[0.02047732243834959,0.9698271186949765],""bca_bias_percentile"":0.48894889488948895,""bootstrap_expected_tail_counts"":[204.75274706105753,301.6986401689299],""conditioning"":""both_workflows_have_valid_outputs"",""confidence_interval"":{""high"":-0.626537890111582,""low"":-0.6664788034423638},""confidence_interval_scale"":""log_cost_ratio"",""confidence_level"":0.95,""geometric_mean_ratio"":0.5243540544387695,""interval_coverage"":""pointwise_conditional_on_both_valid_outputs"",""interval_method"":""BCa"",""interval_status"":""available"",""jointly_valid_pairs_missing_cost"":0,""jointly_valid_pairs_zero_cost"":0,""mean_log_ratio"":-0.6455881464177629,""minimum_valid_repetitions"":20,""phase"":""research_execution"",""planned"":24,""ratio_confidence_interval"":{""high"":0.5344388879116092,""low"":0.5135135802884634},""ratio_definition"":""geometric_mean_of_A_seconds_divided_by_B_seconds"",""resampled_valid_count_range"":[24,24],""resampling_plan_sha256"":""e51ad0d96ebf53e2713d78fa9e4e4f79e473cf6b4c0c64c4abe1a92a6e393348"",""undefined_bootstrap_replicates"":0,""validity_table"":{""n00"":0,""n01"":0,""n10"":0,""n11"":24},""workflow_a"":""cuda-rwm-online_picard@1024"",""workflow_b"":""cpu-nuts-spawn_chains@1024""}"
research_execution,end_to_end_workflow,cuda-rwm-sequential,cpu-nuts-spawn_chains,1024,24,24,"{""n00"":0,""n01"":0,""n10"":0,""n11"":24}",0.5485061572682123,0.538060108334113,0.557487741949058,available,available,False,0,0,geometric mean of A/B cost; interval on ratio scale,"{""bca_acceleration"":-0.010495777917098872,""bca_adjusted_quantiles"":[0.01858637920966052,0.9671938501518227],""bca_bias_percentile"":0.48384838483848386,""bootstrap_expected_tail_counts"":[185.84520571739554,328.02869233192496],""conditioning"":""both_workflows_have_valid_outputs"",""confidence_interval"":{""high"":-0.5843147634249145,""low"":-0.6197849995330935},""confidence_interval_scale"":""log_cost_ratio"",""confidence_level"":0.95,""geometric_mean_ratio"":0.5485061572682123,""interval_coverage"":""pointwise_conditional_on_both_valid_outputs"",""interval_method"":""BCa"",""interval_status"":""available"",""jointly_valid_pairs_missing_cost"":0,""jointly_valid_pairs_zero_cost"":0,""mean_log_ratio"":-0.6005567736813409,""minimum_valid_repetitions"":20,""phase"":""research_execution"",""planned"":24,""ratio_confidence_interval"":{""high"":0.557487741949058,""low"":0.538060108334113},""ratio_definition"":""geometric_mean_of_A_seconds_divided_by_B_seconds"",""resampled_valid_count_range"":[24,24],""resampling_plan_sha256"":""e51ad0d96ebf53e2713d78fa9e4e4f79e473cf6b4c0c64c4abe1a92a6e393348"",""undefined_bootstrap_replicates"":0,""validity_table"":{""n00"":0,""n01"":0,""n10"":0,""n11"":24},""workflow_a"":""cuda-rwm-sequential@1024"",""workflow_b"":""cpu-nuts-spawn_chains@1024""}"
research_execution,same_kernel_execution,cpu-rwm-sequential,cpu-rwm-online_picard,4096,24,24,"{""n00"":0,""n01"":0,""n10"":0,""n11"":24}",1.0045206098575123,0.9947750249531789,1.0143736974940458,available,available,False,0,0,geometric mean of A/B cost; interval on ratio scale,"{""bca_acceleration"":-0.0006645526635253963,""bca_adjusted_quantiles"":[0.02229720029436897,0.9720358448789893],""bca_bias_percentile"":0.49084908490849083,""bootstrap_expected_tail_counts"":[222.94970574339533,279.6135870549859],""conditioning"":""both_workflows_have_valid_outputs"",""confidence_interval"":{""high"":0.014271375238126719,""low"":-0.005238672963958043},""confidence_interval_scale"":""log_cost_ratio"",""confidence_level"":0.95,""geometric_mean_ratio"":1.0045206098575123,""interval_coverage"":""pointwise_conditional_on_both_valid_outputs"",""interval_method"":""BCa"",""interval_status"":""available"",""jointly_valid_pairs_missing_cost"":0,""jointly_valid_pairs_zero_cost"":0,""mean_log_ratio"":0.004510422591003917,""minimum_valid_repetitions"":20,""phase"":""research_execution"",""planned"":24,""ratio_confidence_interval"":{""high"":1.0143736974940458,""low"":0.9947750249531789},""ratio_definition"":""geometric_mean_of_A_seconds_divided_by_B_seconds"",""resampled_valid_count_range"":[24,24],""resampling_plan_sha256"":""e51ad0d96ebf53e2713d78fa9e4e4f79e473cf6b4c0c64c4abe1a92a6e393348"",""undefined_bootstrap_replicates"":0,""validity_table"":{""n00"":0,""n01"":0,""n10"":0,""n11"":24},""workflow_a"":""cpu-rwm-sequential@4096"",""workflow_b"":""cpu-rwm-online_picard@4096""}"
research_execution,same_kernel_execution,cpu-mala-sequential,cpu-mala-quasi_deer,4096,24,24,"{""n00"":0,""n01"":0,""n10"":0,""n11"":24}",0.3391585424426121,0.3292286739197652,0.3478779254718006,available,available,False,0,0,geometric mean of A/B cost; interval on ratio scale,"{""bca_acceleration"":-0.010319171826906016,""bca_adjusted_quantiles"":[0.019867948015477935,0.9690681930983466],""bca_bias_percentile"":0.489048904890489,""bootstrap_expected_tail_counts"":[198.65961220676388,309.2871372096326],""conditioning"":""both_workflows_have_valid_outputs"",""confidence_interval"":{""high"":-1.0559036496226084,""low"":-1.1110027121504789},""confidence_interval_scale"":""log_cost_ratio"",""confidence_level"":0.95,""geometric_mean_ratio"":0.3391585424426121,""interval_coverage"":""pointwise_conditional_on_both_valid_outputs"",""interval_method"":""BCa"",""interval_status"":""available"",""jointly_valid_pairs_missing_cost"":0,""jointly_valid_pairs_zero_cost"":0,""mean_log_ratio"":-1.081287604106542,""minimum_valid_repetitions"":20,""phase"":""research_execution"",""planned"":24,""ratio_confidence_interval"":{""high"":0.3478779254718006,""low"":0.3292286739197652},""ratio_definition"":""geometric_mean_of_A_seconds_divided_by_B_seconds"",""resampled_valid_count_range"":[24,24],""resampling_plan_sha256"":""e51ad0d96ebf53e2713d78fa9e4e4f79e473cf6b4c0c64c4abe1a92a6e393348"",""undefined_bootstrap_replicates"":0,""validity_table"":{""n00"":0,""n01"":0,""n10"":0,""n11"":24},""workflow_a"":""cpu-mala-sequential@4096"",""workflow_b"":""cpu-mala-quasi_deer@4096""}"
research_execution,same_kernel_execution,cuda-rwm-sequential,cuda-rwm-online_picard,4096,24,24,"{""n00"":0,""n01"":0,""n10"":0,""n11"":24}",1.1679265712594542,1.1579375597956851,1.1767854814658625,available,available,False,0,0,geometric mean of A/B cost; interval on ratio scale,"{""bca_acceleration"":-0.015493871216604978,""bca_adjusted_quantiles"":[0.02063791402246768,0.9702135851358807],""bca_bias_percentile"":0.49624962496249625,""bootstrap_expected_tail_counts"":[206.35850231065433,297.8343622263285],""conditioning"":""both_workflows_have_valid_outputs"",""confidence_interval"":{""high"":0.1627865529294126,""low"":0.14664045696791406},""confidence_interval_scale"":""log_cost_ratio"",""confidence_level"":0.95,""geometric_mean_ratio"":1.1679265712594542,""interval_coverage"":""pointwise_conditional_on_both_valid_outputs"",""interval_method"":""BCa"",""interval_status"":""available"",""jointly_valid_pairs_missing_cost"":0,""jointly_valid_pairs_zero_cost"":0,""mean_log_ratio"":0.15523001535743294,""minimum_valid_repetitions"":20,""phase"":""research_execution"",""planned"":24,""ratio_confidence_interval"":{""high"":1.1767854814658625,""low"":1.1579375597956851},""ratio_definition"":""geometric_mean_of_A_seconds_divided_by_B_seconds"",""resampled_valid_count_range"":[24,24],""resampling_plan_sha256"":""e51ad0d96ebf53e2713d78fa9e4e4f79e473cf6b4c0c64c4abe1a92a6e393348"",""undefined_bootstrap_replicates"":0,""validity_table"":{""n00"":0,""n01"":0,""n10"":0,""n11"":24},""workflow_a"":""cuda-rwm-sequential@4096"",""workflow_b"":""cuda-rwm-online_picard@4096""}"
research_execution,same_kernel_execution,cuda-mala-sequential,cuda-mala-quasi_deer,4096,24,24,"{""n00"":0,""n01"":0,""n10"":0,""n11"":24}",0.3780011620426647,0.36816761497238604,0.3830811837951991,available,available,False,0,0,geometric mean of A/B cost; interval on ratio scale,"{""bca_acceleration"":-0.0731267637220478,""bca_adjusted_quantiles"":[0.006397085207505546,0.9410860806755867],""bca_bias_percentile"":0.4661466146614662,""bootstrap_expected_tail_counts"":[63.96445498984795,589.0802793248081],""conditioning"":""both_workflows_have_valid_outputs"",""confidence_interval"":{""high"":-0.9595083441298826,""low"":-0.9992169690422305},""confidence_interval_scale"":""log_cost_ratio"",""confidence_level"":0.95,""geometric_mean_ratio"":0.3780011620426647,""interval_coverage"":""pointwise_conditional_on_both_valid_outputs"",""interval_method"":""BCa"",""interval_status"":""available"",""jointly_valid_pairs_missing_cost"":0,""jointly_valid_pairs_zero_cost"":0,""mean_log_ratio"":-0.972858009180331,""minimum_valid_repetitions"":20,""phase"":""research_execution"",""planned"":24,""ratio_confidence_interval"":{""high"":0.3830811837951991,""low"":0.36816761497238604},""ratio_definition"":""geometric_mean_of_A_seconds_divided_by_B_seconds"",""resampled_valid_count_range"":[24,24],""resampling_plan_sha256"":""e51ad0d96ebf53e2713d78fa9e4e4f79e473cf6b4c0c64c4abe1a92a6e393348"",""undefined_bootstrap_replicates"":0,""validity_table"":{""n00"":0,""n01"":0,""n10"":0,""n11"":24},""workflow_a"":""cuda-mala-sequential@4096"",""workflow_b"":""cuda-mala-quasi_deer@4096""}"
research_execution,end_to_end_workflow,cpu-mala-quasi_deer,cpu-nuts-spawn_chains,4096,24,7,"{""n00"":0,""n01"":0,""n10"":17,""n11"":7}",1.5591947696605775,,,fewer_than_20_valid_repetitions,fewer_than_20_valid_repetitions,False,0,0,geometric mean of A/B cost; interval on ratio scale,"{""conditioning"":""both_workflows_have_valid_outputs"",""confidence_interval"":null,""confidence_interval_scale"":""log_cost_ratio"",""confidence_level"":0.95,""geometric_mean_ratio"":1.5591947696605775,""interval_coverage"":""pointwise_conditional_on_both_valid_outputs"",""interval_method"":""BCa"",""interval_status"":""fewer_than_20_valid_repetitions"",""jointly_valid_pairs_missing_cost"":0,""jointly_valid_pairs_zero_cost"":0,""mean_log_ratio"":0.4441695147036492,""minimum_valid_repetitions"":20,""phase"":""research_execution"",""planned"":24,""ratio_confidence_interval"":null,""ratio_definition"":""geometric_mean_of_A_seconds_divided_by_B_seconds"",""resampling_plan_sha256"":""e51ad0d96ebf53e2713d78fa9e4e4f79e473cf6b4c0c64c4abe1a92a6e393348"",""validity_table"":{""n00"":0,""n01"":0,""n10"":17,""n11"":7},""workflow_a"":""cpu-mala-quasi_deer@4096"",""workflow_b"":""cpu-nuts-spawn_chains@4096""}"
research_execution,end_to_end_workflow,cpu-mala-sequential,cpu-nuts-spawn_chains,4096,24,7,"{""n00"":0,""n01"":0,""n10"":17,""n11"":7}",0.488275211327406,,,fewer_than_20_valid_repetitions,fewer_than_20_valid_repetitions,False,0,0,geometric mean of A/B cost; interval on ratio scale,"{""conditioning"":""both_workflows_have_valid_outputs"",""confidence_interval"":null,""confidence_interval_scale"":""log_cost_ratio"",""confidence_level"":0.95,""geometric_mean_ratio"":0.488275211327406,""interval_coverage"":""pointwise_conditional_on_both_valid_outputs"",""interval_method"":""BCa"",""interval_status"":""fewer_than_20_valid_repetitions"",""jointly_valid_pairs_missing_cost"":0,""jointly_valid_pairs_zero_cost"":0,""mean_log_ratio"":-0.7168760744552084,""minimum_valid_repetitions"":20,""phase"":""research_execution"",""planned"":24,""ratio_confidence_interval"":null,""ratio_definition"":""geometric_mean_of_A_seconds_divided_by_B_seconds"",""resampling_plan_sha256"":""e51ad0d96ebf53e2713d78fa9e4e4f79e473cf6b4c0c64c4abe1a92a6e393348"",""validity_table"":{""n00"":0,""n01"":0,""n10"":17,""n11"":7},""workflow_a"":""cpu-mala-sequential@4096"",""workflow_b"":""cpu-nuts-spawn_chains@4096""}"
research_execution,end_to_end_workflow,cpu-rwm-online_picard,cpu-nuts-spawn_chains,4096,24,7,"{""n00"":0,""n01"":0,""n10"":17,""n11"":7}",0.2796515258402142,,,fewer_than_20_valid_repetitions,fewer_than_20_valid_repetitions,False,0,0,geometric mean of A/B cost; interval on ratio scale,"{""conditioning"":""both_workflows_have_valid_outputs"",""confidence_interval"":null,""confidence_interval_scale"":""log_cost_ratio"",""confidence_level"":0.95,""geometric_mean_ratio"":0.2796515258402142,""interval_coverage"":""pointwise_conditional_on_both_valid_outputs"",""interval_method"":""BCa"",""interval_status"":""fewer_than_20_valid_repetitions"",""jointly_valid_pairs_missing_cost"":0,""jointly_valid_pairs_zero_cost"":0,""mean_log_ratio"":-1.274211001479777,""minimum_valid_repetitions"":20,""phase"":""research_execution"",""planned"":24,""ratio_confidence_interval"":null,""ratio_definition"":""geometric_mean_of_A_seconds_divided_by_B_seconds"",""resampling_plan_sha256"":""e51ad0d96ebf53e2713d78fa9e4e4f79e473cf6b4c0c64c4abe1a92a6e393348"",""validity_table"":{""n00"":0,""n01"":0,""n10"":17,""n11"":7},""workflow_a"":""cpu-rwm-online_picard@4096"",""workflow_b"":""cpu-nuts-spawn_chains@4096""}"
research_execution,end_to_end_workflow,cpu-rwm-sequential,cpu-nuts-spawn_chains,4096,24,7,"{""n00"":0,""n01"":0,""n10"":17,""n11"":7}",0.2780606230846938,,,fewer_than_20_valid_repetitions,fewer_than_20_valid_repetitions,False,0,0,geometric mean of A/B cost; interval on ratio scale,"{""conditioning"":""both_workflows_have_valid_outputs"",""confidence_interval"":null,""confidence_interval_scale"":""log_cost_ratio"",""confidence_level"":0.95,""geometric_mean_ratio"":0.2780606230846938,""interval_coverage"":""pointwise_conditional_on_both_valid_outputs"",""interval_method"":""BCa"",""interval_status"":""fewer_than_20_valid_repetitions"",""jointly_valid_pairs_missing_cost"":0,""jointly_valid_pairs_zero_cost"":0,""mean_log_ratio"":-1.2799161204150342,""minimum_valid_repetitions"":20,""phase"":""research_execution"",""planned"":24,""ratio_confidence_interval"":null,""ratio_definition"":""geometric_mean_of_A_seconds_divided_by_B_seconds"",""resampling_plan_sha256"":""e51ad0d96ebf53e2713d78fa9e4e4f79e473cf6b4c0c64c4abe1a92a6e393348"",""validity_table"":{""n00"":0,""n01"":0,""n10"":17,""n11"":7},""workflow_a"":""cpu-rwm-sequential@4096"",""workflow_b"":""cpu-nuts-spawn_chains@4096""}"
research_execution,end_to_end_workflow,cuda-mala-quasi_deer,cpu-nuts-spawn_chains,4096,24,7,"{""n00"":0,""n01"":0,""n10"":17,""n11"":7}",2.4760621621271928,,,fewer_than_20_valid_repetitions,fewer_than_20_valid_repetitions,False,0,0,geometric mean of A/B cost; interval on ratio scale,"{""conditioning"":""both_workflows_have_valid_outputs"",""confidence_interval"":null,""confidence_interval_scale"":""log_cost_ratio"",""confidence_level"":0.95,""geometric_mean_ratio"":2.4760621621271928,""interval_coverage"":""pointwise_conditional_on_both_valid_outputs"",""interval_method"":""BCa"",""interval_status"":""fewer_than_20_valid_repetitions"",""jointly_valid_pairs_missing_cost"":0,""jointly_valid_pairs_zero_cost"":0,""mean_log_ratio"":0.9066694603744049,""minimum_valid_repetitions"":20,""phase"":""research_execution"",""planned"":24,""ratio_confidence_interval"":null,""ratio_definition"":""geometric_mean_of_A_seconds_divided_by_B_seconds"",""resampling_plan_sha256"":""e51ad0d96ebf53e2713d78fa9e4e4f79e473cf6b4c0c64c4abe1a92a6e393348"",""validity_table"":{""n00"":0,""n01"":0,""n10"":17,""n11"":7},""workflow_a"":""cuda-mala-quasi_deer@4096"",""workflow_b"":""cpu-nuts-spawn_chains@4096""}"
research_execution,end_to_end_workflow,cuda-mala-sequential,cpu-nuts-spawn_chains,4096,24,7,"{""n00"":0,""n01"":0,""n10"":17,""n11"":7}",0.9417696419748123,,,fewer_than_20_valid_repetitions,fewer_than_20_valid_repetitions,False,0,0,geometric mean of A/B cost; interval on ratio scale,"{""conditioning"":""both_workflows_have_valid_outputs"",""confidence_interval"":null,""confidence_interval_scale"":""log_cost_ratio"",""confidence_level"":0.95,""geometric_mean_ratio"":0.9417696419748123,""interval_coverage"":""pointwise_conditional_on_both_valid_outputs"",""interval_method"":""BCa"",""interval_status"":""fewer_than_20_valid_repetitions"",""jointly_valid_pairs_missing_cost"":0,""jointly_valid_pairs_zero_cost"":0,""mean_log_ratio"":-0.0599945757389169,""minimum_valid_repetitions"":20,""phase"":""research_execution"",""planned"":24,""ratio_confidence_interval"":null,""ratio_definition"":""geometric_mean_of_A_seconds_divided_by_B_seconds"",""resampling_plan_sha256"":""e51ad0d96ebf53e2713d78fa9e4e4f79e473cf6b4c0c64c4abe1a92a6e393348"",""validity_table"":{""n00"":0,""n01"":0,""n10"":17,""n11"":7},""workflow_a"":""cuda-mala-sequential@4096"",""workflow_b"":""cpu-nuts-spawn_chains@4096""}"
research_execution,end_to_end_workflow,cuda-rwm-online_picard,cpu-nuts-spawn_chains,4096,24,7,"{""n00"":0,""n01"":0,""n10"":17,""n11"":7}",0.36380717813454116,,,fewer_than_20_valid_repetitions,fewer_than_20_valid_repetitions,False,0,0,geometric mean of A/B cost; interval on ratio scale,"{""conditioning"":""both_workflows_have_valid_outputs"",""confidence_interval"":null,""confidence_interval_scale"":""log_cost_ratio"",""confidence_level"":0.95,""geometric_mean_ratio"":0.36380717813454116,""interval_coverage"":""pointwise_conditional_on_both_valid_outputs"",""interval_method"":""BCa"",""interval_status"":""fewer_than_20_valid_repetitions"",""jointly_valid_pairs_missing_cost"":0,""jointly_valid_pairs_zero_cost"":0,""mean_log_ratio"":-1.0111312821017264,""minimum_valid_repetitions"":20,""phase"":""research_execution"",""planned"":24,""ratio_confidence_interval"":null,""ratio_definition"":""geometric_mean_of_A_seconds_divided_by_B_seconds"",""resampling_plan_sha256"":""e51ad0d96ebf53e2713d78fa9e4e4f79e473cf6b4c0c64c4abe1a92a6e393348"",""validity_table"":{""n00"":0,""n01"":0,""n10"":17,""n11"":7},""workflow_a"":""cuda-rwm-online_picard@4096"",""workflow_b"":""cpu-nuts-spawn_chains@4096""}"
research_execution,end_to_end_workflow,cuda-rwm-sequential,cpu-nuts-spawn_chains,4096,24,7,"{""n00"":0,""n01"":0,""n10"":17,""n11"":7}",0.4271971620078937,,,fewer_than_20_valid_repetitions,fewer_than_20_valid_repetitions,False,0,0,geometric mean of A/B cost; interval on ratio scale,"{""conditioning"":""both_workflows_have_valid_outputs"",""confidence_interval"":null,""confidence_interval_scale"":""log_cost_ratio"",""confidence_level"":0.95,""geometric_mean_ratio"":0.4271971620078937,""interval_coverage"":""pointwise_conditional_on_both_valid_outputs"",""interval_method"":""BCa"",""interval_status"":""fewer_than_20_valid_repetitions"",""jointly_valid_pairs_missing_cost"":0,""jointly_valid_pairs_zero_cost"":0,""mean_log_ratio"":-0.8505096345981676,""minimum_valid_repetitions"":20,""phase"":""research_execution"",""planned"":24,""ratio_confidence_interval"":null,""ratio_definition"":""geometric_mean_of_A_seconds_divided_by_B_seconds"",""resampling_plan_sha256"":""e51ad0d96ebf53e2713d78fa9e4e4f79e473cf6b4c0c64c4abe1a92a6e393348"",""validity_table"":{""n00"":0,""n01"":0,""n10"":17,""n11"":7},""workflow_a"":""cuda-rwm-sequential@4096"",""workflow_b"":""cpu-nuts-spawn_chains@4096""}"
