model,device,kernel,executor,budget,phase,workflow_a,workflow_b,planned,paired,point,low,high,interval_status
G1,cpu,rwm,online_picard,1024,ordinary_workflow,cpu-rwm-sequential,cpu-rwm-online_picard,24,24,0.9905300751558612,0.9866040705344739,0.994448296687044,available
G1,cpu,rwm,online_picard,4096,ordinary_workflow,cpu-rwm-sequential,cpu-rwm-online_picard,24,24,0.9709454160969148,0.9671452704000854,0.9764652514180162,available
G1,cpu,mala,quasi_deer,1024,ordinary_workflow,cpu-mala-sequential,cpu-mala-quasi_deer,24,24,0.34939648511229915,0.33953489565881834,0.3585465709225264,available
G1,cpu,mala,quasi_deer,4096,ordinary_workflow,cpu-mala-sequential,cpu-mala-quasi_deer,24,24,0.2200440006514064,0.21267242176288367,0.22724161650599303,available
G1,cuda,rwm,online_picard,1024,ordinary_workflow,cuda-rwm-sequential,cuda-rwm-online_picard,24,24,1.0625612195162981,1.0553732544490289,1.0699811856090948,available
G1,cuda,rwm,online_picard,4096,ordinary_workflow,cuda-rwm-sequential,cuda-rwm-online_picard,24,24,1.2134650729293373,1.1950257463000589,1.2308981375473316,available
G1,cuda,mala,quasi_deer,1024,ordinary_workflow,cuda-mala-sequential,cuda-mala-quasi_deer,24,24,0.3521821891941358,0.3464168383642702,0.3599721082978241,available
G1,cuda,mala,quasi_deer,4096,ordinary_workflow,cuda-mala-sequential,cuda-mala-quasi_deer,24,24,0.282839791619878,0.27777490155809853,0.28651162786874734,available
G2,cpu,rwm,online_picard,1024,ordinary_workflow,cpu-rwm-sequential,cpu-rwm-online_picard,24,24,1.0718591832166278,1.068071848455331,1.0753171501638383,available
G2,cpu,rwm,online_picard,4096,ordinary_workflow,cpu-rwm-sequential,cpu-rwm-online_picard,24,24,1.1723139235955744,1.1678704950458745,1.1772808702683015,available
G2,cpu,mala,quasi_deer,1024,ordinary_workflow,cpu-mala-sequential,cpu-mala-quasi_deer,24,24,0.28888029574123464,0.2801449168058006,0.2972159305237747,available
G2,cpu,mala,quasi_deer,4096,ordinary_workflow,cpu-mala-sequential,cpu-mala-quasi_deer,24,24,0.1909791477166973,0.1851864145535983,0.19587238909883176,available
G2,cuda,rwm,online_picard,1024,ordinary_workflow,cuda-rwm-sequential,cuda-rwm-online_picard,24,24,1.2211712440219693,1.2131172580164935,1.2291820257999673,available
G2,cuda,rwm,online_picard,4096,ordinary_workflow,cuda-rwm-sequential,cuda-rwm-online_picard,24,24,1.659462565524698,1.6337089340813153,1.6814132277680713,available
G2,cuda,mala,quasi_deer,1024,ordinary_workflow,cuda-mala-sequential,cuda-mala-quasi_deer,24,24,0.3601306188143209,0.3539108436478609,0.36637723777231834,available
G2,cuda,mala,quasi_deer,4096,ordinary_workflow,cuda-mala-sequential,cuda-mala-quasi_deer,24,24,0.2946311675913114,0.28654842390465984,0.30052058723586184,available
A1,cpu,rwm,online_picard,1024,ordinary_workflow,cpu-rwm-sequential,cpu-rwm-online_picard,24,24,1.073848436296927,1.0668541641085458,1.0778924049443517,available
A1,cpu,rwm,online_picard,4096,ordinary_workflow,cpu-rwm-sequential,cpu-rwm-online_picard,24,24,1.1776398365322824,1.1735043614793,1.1825197329889106,available
A1,cpu,mala,quasi_deer,1024,ordinary_workflow,cpu-mala-sequential,cpu-mala-quasi_deer,24,24,0.29451101476460956,0.2850533030142385,0.30296880286180794,available
A1,cpu,mala,quasi_deer,4096,ordinary_workflow,cpu-mala-sequential,cpu-mala-quasi_deer,24,24,0.19120416282363706,0.18531579830096764,0.19721903032116675,available
A1,cuda,rwm,online_picard,1024,ordinary_workflow,cuda-rwm-sequential,cuda-rwm-online_picard,24,24,1.2194299926490106,1.213108505898774,1.2266597662571226,available
A1,cuda,rwm,online_picard,4096,ordinary_workflow,cuda-rwm-sequential,cuda-rwm-online_picard,24,24,1.624988067375898,1.6039473134270301,1.646215279832682,available
A1,cuda,mala,quasi_deer,1024,ordinary_workflow,cuda-mala-sequential,cuda-mala-quasi_deer,24,24,0.3663448014729778,0.36025392390388894,0.3732905304670232,available
A1,cuda,mala,quasi_deer,4096,ordinary_workflow,cuda-mala-sequential,cuda-mala-quasi_deer,24,24,0.29091707970670116,0.28504892737227516,0.29786641077696524,available
L1,cpu,rwm,online_picard,1024,ordinary_workflow,cpu-rwm-sequential,cpu-rwm-online_picard,24,24,0.8504032567802068,0.8430866206273194,0.8768289897090228,available
L1,cpu,rwm,online_picard,4096,ordinary_workflow,cpu-rwm-sequential,cpu-rwm-online_picard,24,24,0.6948621894804063,0.687202886584552,0.7015707573319306,available
L1,cpu,mala,quasi_deer,1024,ordinary_workflow,cpu-mala-sequential,cpu-mala-quasi_deer,24,24,0.219225040915781,0.21473625105325125,0.22328687940896194,available
L1,cpu,mala,quasi_deer,4096,ordinary_workflow,cpu-mala-sequential,cpu-mala-quasi_deer,24,24,0.13999205088888367,0.13695461725532673,0.14235346724310433,available
L1,cuda,rwm,online_picard,1024,ordinary_workflow,cuda-rwm-sequential,cuda-rwm-online_picard,24,24,1.095905192893636,1.0877497011796267,1.104061774001099,available
L1,cuda,rwm,online_picard,4096,ordinary_workflow,cuda-rwm-sequential,cuda-rwm-online_picard,24,24,1.2792600050602032,1.2600545144473354,1.2982792050196688,available
L1,cuda,mala,quasi_deer,1024,ordinary_workflow,cuda-mala-sequential,cuda-mala-quasi_deer,24,24,0.29518589362713554,0.2902422070737253,0.3004818013474511,available
L1,cuda,mala,quasi_deer,4096,ordinary_workflow,cuda-mala-sequential,cuda-mala-quasi_deer,24,24,0.23448626997215635,0.2270562514605236,0.23876109385154634,available
L2,cpu,rwm,online_picard,1024,ordinary_workflow,cpu-rwm-sequential,cpu-rwm-online_picard,24,24,0.6591972737824524,0.6527389478011671,0.6648184901643178,available
L2,cpu,rwm,online_picard,4096,ordinary_workflow,cpu-rwm-sequential,cpu-rwm-online_picard,24,24,0.5156884005934433,0.5074472118870443,0.5235012624998187,available
L2,cpu,mala,quasi_deer,1024,ordinary_workflow,cpu-mala-sequential,cpu-mala-quasi_deer,24,24,0.1600827782633586,0.1536803112868299,0.16700841624216223,available
L2,cpu,mala,quasi_deer,4096,ordinary_workflow,cpu-mala-sequential,cpu-mala-quasi_deer,24,24,0.11551702541011606,0.11145814129618986,0.11972887874840354,available
L2,cuda,rwm,online_picard,1024,ordinary_workflow,cuda-rwm-sequential,cuda-rwm-online_picard,24,24,1.0869016069623312,1.076739107898815,1.094893016535554,available
L2,cuda,rwm,online_picard,4096,ordinary_workflow,cuda-rwm-sequential,cuda-rwm-online_picard,24,24,1.2777610399491461,1.2582053562432063,1.2939264521451075,available
L2,cuda,mala,quasi_deer,1024,ordinary_workflow,cuda-mala-sequential,cuda-mala-quasi_deer,24,24,0.3216551969978448,0.31874112421281214,0.32545821083085286,available
L2,cuda,mala,quasi_deer,4096,ordinary_workflow,cuda-mala-sequential,cuda-mala-quasi_deer,24,24,0.25010240018163,0.24802218464867568,0.2527275893037161,available
H1,cpu,rwm,online_picard,1024,ordinary_workflow,cpu-rwm-sequential,cpu-rwm-online_picard,24,24,0.9496142977537942,0.9452990839730437,0.9559166623711187,available
H1,cpu,rwm,online_picard,4096,ordinary_workflow,cpu-rwm-sequential,cpu-rwm-online_picard,24,24,0.882282008482053,0.8740105751677071,0.890386555166528,available
H1,cpu,mala,quasi_deer,1024,ordinary_workflow,cpu-mala-sequential,cpu-mala-quasi_deer,24,17,0.36601378285706576,,,fewer_than_20_valid_repetitions
H1,cpu,mala,quasi_deer,4096,ordinary_workflow,cpu-mala-sequential,cpu-mala-quasi_deer,24,11,0.28386902224182226,,,fewer_than_20_valid_repetitions
H1,cuda,rwm,online_picard,1024,ordinary_workflow,cuda-rwm-sequential,cuda-rwm-online_picard,24,24,0.9813535420791603,0.9620878773895175,0.994398482252716,available
H1,cuda,rwm,online_picard,4096,ordinary_workflow,cuda-rwm-sequential,cuda-rwm-online_picard,24,24,0.9869526863338279,0.9661682855110678,1.0068439903443194,available
H1,cuda,mala,quasi_deer,1024,ordinary_workflow,cuda-mala-sequential,cuda-mala-quasi_deer,24,17,0.4055002214205548,,,fewer_than_20_valid_repetitions
H1,cuda,mala,quasi_deer,4096,ordinary_workflow,cuda-mala-sequential,cuda-mala-quasi_deer,24,11,0.37109172957518716,,,fewer_than_20_valid_repetitions
H2,cpu,rwm,online_picard,1024,ordinary_workflow,cpu-rwm-sequential,cpu-rwm-online_picard,24,24,1.005953172749145,0.998531592046138,1.0106409746773075,available
H2,cpu,rwm,online_picard,4096,ordinary_workflow,cpu-rwm-sequential,cpu-rwm-online_picard,24,24,1.0111854359037513,1.0075808952128933,1.0147236921629266,available
H2,cpu,mala,quasi_deer,1024,ordinary_workflow,cpu-mala-sequential,cpu-mala-quasi_deer,24,24,0.3939356383744036,0.38439918970109804,0.40381142608087134,available
H2,cpu,mala,quasi_deer,4096,ordinary_workflow,cpu-mala-sequential,cpu-mala-quasi_deer,24,24,0.27084009255701896,0.2618861786240126,0.27873956217933926,available
H2,cuda,rwm,online_picard,1024,ordinary_workflow,cuda-rwm-sequential,cuda-rwm-online_picard,24,24,1.0843095979993107,1.0764740436970066,1.0929325128828735,available
H2,cuda,rwm,online_picard,4096,ordinary_workflow,cuda-rwm-sequential,cuda-rwm-online_picard,24,24,1.2606843761548945,1.247741034812295,1.273713204188127,available
H2,cuda,mala,quasi_deer,1024,ordinary_workflow,cuda-mala-sequential,cuda-mala-quasi_deer,24,24,0.4075811048412816,0.4021657812310888,0.41298314587820634,available
H2,cuda,mala,quasi_deer,4096,ordinary_workflow,cuda-mala-sequential,cuda-mala-quasi_deer,24,24,0.3440240849262448,0.3336393869656353,0.34946428969273446,available
M1,cpu,rwm,online_picard,1024,ordinary_workflow,cpu-rwm-sequential,cpu-rwm-online_picard,24,24,1.0012462787686824,0.9958812888958365,1.0060338615460886,available
M1,cpu,rwm,online_picard,4096,ordinary_workflow,cpu-rwm-sequential,cpu-rwm-online_picard,24,24,0.9975074342240179,0.9932287049624077,1.001490129302514,available
M1,cpu,mala,quasi_deer,1024,ordinary_workflow,cpu-mala-sequential,cpu-mala-quasi_deer,24,24,0.3564482372136457,0.34668885787239423,0.3652504285555543,available
M1,cpu,mala,quasi_deer,4096,ordinary_workflow,cpu-mala-sequential,cpu-mala-quasi_deer,24,24,0.235811743156096,0.22760815585140912,0.24320386806313196,available
M1,cuda,rwm,online_picard,1024,ordinary_workflow,cuda-rwm-sequential,cuda-rwm-online_picard,24,24,1.1166766072546694,1.1080227576652868,1.1266189187617437,available
M1,cuda,rwm,online_picard,4096,ordinary_workflow,cuda-rwm-sequential,cuda-rwm-online_picard,24,24,1.326535756224238,1.2980995465127616,1.3460267346450265,available
M1,cuda,mala,quasi_deer,1024,ordinary_workflow,cuda-mala-sequential,cuda-mala-quasi_deer,24,24,0.3893905416489621,0.3827852818308373,0.39574568358330414,available
M1,cuda,mala,quasi_deer,4096,ordinary_workflow,cuda-mala-sequential,cuda-mala-quasi_deer,24,24,0.3231782536412024,0.3135538991257175,0.33116513226549144,available
W1,cpu,rwm,online_picard,1024,ordinary_workflow,cpu-rwm-sequential,cpu-rwm-online_picard,24,24,0.5743184172934016,0.5680785530107039,0.5807825477270504,available
W1,cpu,rwm,online_picard,4096,ordinary_workflow,cpu-rwm-sequential,cpu-rwm-online_picard,24,24,0.42366760972102885,0.4139512996468752,0.4585365457156514,available
W1,cpu,mala,quasi_deer,1024,ordinary_workflow,cpu-mala-sequential,cpu-mala-quasi_deer,24,24,0.2173734647157522,0.20987307879880718,0.223905704506477,available
W1,cpu,mala,quasi_deer,4096,ordinary_workflow,cpu-mala-sequential,cpu-mala-quasi_deer,24,24,0.15431624039612,0.1500447492874571,0.15819193512674426,available
W1,cuda,rwm,online_picard,1024,ordinary_workflow,cuda-rwm-sequential,cuda-rwm-online_picard,24,24,0.9687803978527929,0.962199982979315,0.9742425214093712,available
W1,cuda,rwm,online_picard,4096,ordinary_workflow,cuda-rwm-sequential,cuda-rwm-online_picard,24,24,0.9532007769248854,0.9404871489943546,0.9666151043028952,available
W1,cuda,mala,quasi_deer,1024,ordinary_workflow,cuda-mala-sequential,cuda-mala-quasi_deer,24,24,0.39401005874456513,0.3875289725176387,0.4008034159800736,available
W1,cuda,mala,quasi_deer,4096,ordinary_workflow,cuda-mala-sequential,cuda-mala-quasi_deer,24,24,0.30744296763645096,0.30370595505840253,0.31034952905586516,available
