phase,workflow,budget,planned,dispositions,outcomes,functions_available
main,cpu-mala-quasi_deer,1024,24,"{""analyzed"":24}","{""valid"":24}",24
main,cpu-mala-quasi_deer,4096,24,"{""analyzed"":24}","{""valid"":24}",24
main,cpu-mala-sequential,1024,24,"{""analyzed"":24}","{""valid"":24}",24
main,cpu-mala-sequential,4096,24,"{""analyzed"":24}","{""valid"":24}",24
main,cpu-nuts-spawn_chains,1024,24,"{""analyzed"":24}","{""valid"":24}",24
main,cpu-nuts-spawn_chains,4096,24,"{""analyzed"":24}","{""output_failure_unclassified"":20,""valid"":4}",4
main,cpu-rwm-online_picard,1024,24,"{""analyzed"":24}","{""valid"":24}",24
main,cpu-rwm-online_picard,4096,24,"{""analyzed"":24}","{""valid"":24}",24
main,cpu-rwm-sequential,1024,24,"{""analyzed"":24}","{""valid"":24}",24
main,cpu-rwm-sequential,4096,24,"{""analyzed"":24}","{""valid"":24}",24
main,cuda-mala-quasi_deer,1024,24,"{""analyzed"":24}","{""valid"":24}",24
main,cuda-mala-quasi_deer,4096,24,"{""analyzed"":24}","{""valid"":24}",24
main,cuda-mala-sequential,1024,24,"{""analyzed"":24}","{""valid"":24}",24
main,cuda-mala-sequential,4096,24,"{""analyzed"":24}","{""valid"":24}",24
main,cuda-rwm-online_picard,1024,24,"{""analyzed"":24}","{""valid"":24}",24
main,cuda-rwm-online_picard,4096,24,"{""analyzed"":24}","{""valid"":24}",24
main,cuda-rwm-sequential,1024,24,"{""analyzed"":24}","{""valid"":24}",24
main,cuda-rwm-sequential,4096,24,"{""analyzed"":24}","{""valid"":24}",24
