id,batch,model,replicate,budget,outcome,candidate_status,ordinary_exit_code,worker_results_returned,unresolved_futures,error_types,job_limit_bytes,raw_peak_job_counter_bytes,raw_counter_over_limit,raw_counter_limit_ratio,sampled_rss_peak_bytes,final_active_processes,ordinary_seconds,stderr_declared_bytes,all_log_files_materialized,legacy_ess_memory_warning,logged_allocation_bytes
00088f5a35a41fad7ac72c3b,1,G1,14,4096,output_failure_unclassified,failed,0,3,1,BrokenProcessPool,12884901888,12989493248,True,1.0081173578898113,4981809152,0,13.476899800007232,0,True,False,
0103bc28d4b9a39f2ba671a8,1,G2,12,1024,valid,completed,0,4,0,,12884901888,12108574720,False,0.9397490819295248,3868229632,0,9.56164660002105,0,True,False,
015e00c0b44a47b689e2fde4,1,M1,12,1024,valid,completed,0,4,0,,12884901888,11410108416,False,0.8855409622192383,3289649152,0,7.620724699983839,0,True,False,
019970fb8f5e26366b71c018,1,L2,11,1024,valid,completed,0,4,0,,12884901888,11445182464,False,0.8882630666097006,3207278592,0,8.525412200000574,0,True,False,
01f57e63430c165785c66553,1,L1,13,1024,valid,completed,0,4,0,,12884901888,11427848192,False,0.8869177500406901,3274878976,0,9.344424299999446,0,True,False,
03da8215e24f299bfaa9d7cf,2,H2,23,1024,valid,completed,0,4,0,,12884901888,11458068480,False,0.8892631530761719,3290226688,0,8.938728599998285,0,True,False,
053bb5a3e5326ae28655de4b,0,H2,4,4096,output_failure_unclassified,failed,0,3,1,BrokenProcessPool,12884901888,13074235392,True,1.0146942138671875,5098037248,0,14.854108700004872,0,True,False,
0550352d3b9b44bf927a81fd,2,G1,23,1024,valid,completed,0,4,0,,12884901888,11428868096,False,0.8869969050089518,3275018240,0,8.38696329999948,0,True,False,
06333f05021d1e53f79b8027,1,W1,8,4096,valid,completed,0,4,0,,12884901888,12281573376,False,0.9531755447387695,3729260544,0,12.496819799998775,0,True,False,
064414754cdbbe914a6ef369,1,A1,10,4096,valid,completed,0,4,0,,12884901888,13616574464,True,1.056785265604655,3324153856,0,15.054385999974329,3876,True,True,2145387008;2145387008;2145387008;2145387008
06c0619e34394f3623139967,1,G2,15,1024,valid,completed,0,4,0,,12884901888,12109058048,False,0.9397865931193033,3860275200,0,10.05808759998763,0,True,False,
0736db92962874a9d28797af,2,G2,19,4096,valid,completed,0,4,0,,12884901888,13613780992,True,1.0565684636433919,3321606144,0,19.215692300000228,3876,True,True,2145387008;2145387008;2145387008;2145387008
074bf16e4531286fd215b761,1,M1,15,1024,valid,completed,0,4,0,,12884901888,11412520960,False,0.8857282002766927,3268550656,0,8.939768399999593,0,True,False,
087c90cf451f44616ba459fa,0,W1,6,4096,valid,completed,0,4,0,,12884901888,12280754176,False,0.9531119664510092,3689590784,0,10.946429100004025,0,True,False,
09700e8dee18e04a70a368c4,1,L2,11,4096,output_failure_unclassified,failed,0,3,1,BrokenProcessPool,12884901888,12981612544,True,1.007505734761556,4997591040,0,16.79844260000391,0,True,False,
0bf1aabe69d22d236137a0da,1,L1,15,1024,valid,completed,0,4,0,,12884901888,11429408768,False,0.8870388666788737,3283271680,0,7.872562300006393,0,True,False,
0cb80a19377327877481e681,1,A1,13,4096,valid,completed,0,4,0,,12884901888,13616603136,True,1.0567874908447266,3324301312,0,15.089672600000995,3876,True,True,2145387008;2145387008;2145387008;2145387008
0cbed9499bb3bbfad8b8d5ce,2,H2,17,1024,valid,completed,0,4,0,,12884901888,11483914240,False,0.8912690480550131,3291766784,0,8.900343299999804,0,True,False,
0d45e2c7d0df685b61b7c0ec,1,W1,8,1024,valid,completed,0,4,0,,12884901888,11417636864,False,0.8861252466837565,3230265344,0,6.650829599995632,0,True,False,
0dac3a580d6d285e56886d7e,0,L2,1,4096,output_failure_unclassified,failed,0,3,1,BrokenProcessPool,12884901888,12982833152,True,1.007600466410319,4999036928,0,16.891146699956153,0,True,False,
0debad124287233dcbced085,0,G1,2,4096,output_failure_unclassified,failed,0,2,2,BrokenProcessPool,12884901888,12923138048,True,1.0029675165812175,5921443840,0,14.432793999963906,0,True,False,
0e0ab7ef0a2925ce5744daa1,0,W1,1,4096,valid,completed,0,4,0,,12884901888,12282015744,False,0.9532098770141602,3753193472,0,10.790131299989298,0,True,False,
0eee47c84f073b548ba631ae,2,G1,19,4096,valid,completed,0,4,0,,12884901888,12757823488,False,0.9901374181111654,4249665536,0,15.65055940000093,0,True,False,
1026098de039c277f6a3beca,2,G1,18,4096,output_failure_unclassified,failed,0,3,1,BrokenProcessPool,12884901888,12990709760,True,1.0082117716471355,4968869888,0,17.16176070000074,0,True,False,
10a1734775002b1470e28c00,0,H1,6,1024,valid,completed,0,4,0,,12884901888,11459756032,False,0.8893941243489584,3278598144,0,38.53175700001884,0,True,False,
117dada9f3d6022a92dfdf6d,1,G1,15,1024,valid,completed,0,4,0,,12884901888,11430014976,False,0.8870859146118164,3264729088,0,7.241901199973654,0,True,False,
11c9aeaf7e368b170053a706,2,W1,23,4096,valid,completed,0,4,0,,12884901888,12280700928,False,0.9531078338623047,3719942144,0,12.923283800000718,0,True,False,
1283cf040ba0a2b14d117390,0,A1,7,1024,valid,completed,0,4,0,,12884901888,12116217856,False,0.9403422673543295,3869614080,0,8.45977389998734,0,True,False,
12b67d8c11b89117e85cacaf,0,H1,4,1024,valid,completed,0,4,0,,12884901888,11458342912,False,0.8892844518025717,3284541440,0,22.548638900043443,0,True,False,
12f6d8b22b14298f17e796d2,1,L1,10,4096,output_failure_unclassified,failed,0,3,1,BrokenProcessPool,12884901888,12991766528,True,1.0082937876383464,4969660416,0,15.186249100000168,0,True,False,
13137c72b83eab0f5f19b984,2,G2,21,4096,valid,completed,0,4,0,,12884901888,13591318528,True,1.0548251469930012,3323129856,0,20.557426600003964,3876,True,True,2145387008;2145387008;2145387008;2145387008
137110bc9e50d2993dc0c21b,1,H1,10,1024,valid,completed,0,4,0,,12884901888,11459973120,False,0.8894109725952148,3261657088,0,57.6005038000003,0,True,False,
13b91a84e4b11433c1e73b9f,2,L2,16,4096,valid,completed,0,4,0,,12884901888,12747010048,False,0.9892981847127279,4270190592,0,20.359737299997505,0,True,False,
14c098674dea75271bbc449a,1,H2,10,1024,valid,completed,0,4,0,,12884901888,11455930368,False,0.8890972137451172,3289133056,0,8.312996799999382,0,True,False,
14d8300c934d3a9a779ff53f,2,G1,17,1024,valid,completed,0,4,0,,12884901888,11428962304,False,0.8870042165120443,3275448320,0,8.108089200002723,0,True,False,
14f10353d3dd640d59b8893e,2,G1,16,1024,valid,completed,0,4,0,,12884901888,11426942976,False,0.8868474960327148,3273641984,0,8.194016999997984,0,True,False,
160d5f96dad2c8a697b96224,2,W1,18,1024,valid,completed,0,4,0,,12884901888,11417411584,False,0.8861077626546224,3207032832,0,7.173681399999623,0,True,False,
16159fcbbf68516d022bf98b,1,L2,8,4096,output_failure_unclassified,failed,0,3,1,BrokenProcessPool,12884901888,12982206464,True,1.0075518290201824,4999106560,0,17.25336710002739,0,True,False,
161961a926f8f4a0f3c82c10,1,W1,14,4096,valid,completed,0,4,0,,12884901888,12281233408,False,0.953149159749349,3737153536,0,10.40901810000014,0,True,False,
16ab5cdd687e98eb30ebd53a,0,L2,6,1024,valid,completed,0,4,0,,12884901888,11444809728,False,0.8882341384887695,3243646976,0,8.707643699948676,0,True,False,
16b2959e60a342b018902504,0,G1,4,1024,valid,completed,0,4,0,,12884901888,11429085184,False,0.8870137532552084,3291131904,0,7.292049799987581,0,True,False,
16bc1edb545bad53bf8d780c,0,G1,0,4096,output_failure_unclassified,failed,0,3,1,BrokenProcessPool,12884901888,12989984768,True,1.0081555048624675,4982157312,0,13.693320100021083,0,True,False,
16ed2fdfd71caf86193c80d3,1,M1,14,4096,output_failure_unclassified,failed,0,3,1,BrokenProcessPool,12884901888,12934397952,True,1.0038414001464844,4979040256,0,17.95417029998498,0,True,False,
16fccbd608db2feb478fe736,2,M1,19,4096,valid,completed,0,4,0,,12884901888,12337938432,False,0.957550048828125,3959042048,0,17.323177500000384,0,True,False,
1712cc22dadd4b51a0500841,0,L2,7,1024,valid,completed,0,4,0,,12884901888,11446181888,False,0.8883406321207682,3308716032,0,8.719533600029536,0,True,False,
1757c9ba32459047ef8cd128,2,H1,23,4096,valid,completed,0,4,0,,12884901888,12809830400,False,0.9941736857096354,4379381760,0,48.93724099999963,0,True,False,
18735d2f7cc5a22bf924a42b,0,L2,2,4096,output_failure_unclassified,failed,0,3,1,BrokenProcessPool,12884901888,12985053184,True,1.0077727635701497,5000798208,0,17.418079299968667,0,True,False,
19185a561efcfd3ecc7dd954,0,L1,4,1024,valid,completed,0,4,0,,12884901888,11427745792,False,0.8869098027547201,3291586560,0,7.998637499986216,0,True,False,
19547e3aef584746623e2f2c,2,G2,22,4096,valid,completed,0,4,0,,12884901888,13615517696,True,1.056703249613444,3322544128,0,19.158167699999467,3876,True,True,2145387008;2145387008;2145387008;2145387008
1a888a3b813e30153d7eaf0f,0,A1,6,4096,valid,completed,0,4,0,,12884901888,13615865856,True,1.0567302703857422,3338944512,0,15.044458299991675,3876,True,True,2145387008;2145387008;2145387008;2145387008
1c9fc5faafe3f6682c6f12f3,0,M1,4,1024,valid,completed,0,4,0,,12884901888,11412779008,False,0.8857482274373373,3292422144,0,7.77895130001707,0,True,False,
1cdd76ebc7fe926d3a2701c4,0,G1,6,4096,output_failure_unclassified,failed,0,3,1,BrokenProcessPool,12884901888,12963360768,True,1.006089210510254,4980822016,0,13.408396099985112,0,True,False,
1d13e0943fc137c14b757ffa,0,H1,3,4096,output_failure_unclassified,failed,0,3,1,BrokenProcessPool,12884901888,13070225408,True,1.0143829981486003,5095940096,0,111.27916580002056,0,True,False,
1d4f44520c829aeba0eaf29b,1,H2,8,1024,valid,completed,0,4,0,,12884901888,11458371584,False,0.8892866770426432,3283869696,0,7.736278500000481,0,True,False,
1e6c53538e8c8638a1ad8e2e,1,G2,14,4096,valid,completed,0,4,0,,12884901888,13613260800,True,1.056528091430664,3356258304,0,15.722246199962683,3876,True,True,2145387008;2145387008;2145387008;2145387008
1ea404a29b68ddb522d285af,2,W1,17,1024,valid,completed,0,4,0,,12884901888,11417747456,False,0.8861338297526041,3215417344,0,7.202888799998618,0,True,False,
1f54dc797ebc780738408f97,2,W1,18,4096,valid,completed,0,4,0,,12884901888,12279197696,False,0.9529911677042643,3735826432,0,12.675660699998843,0,True,False,
1f769fba6d087c993f7e12c2,0,L2,4,4096,output_failure_unclassified,failed,0,3,1,BrokenProcessPool,12884901888,12982521856,True,1.00757630666097,4998705152,0,17.577256199961994,0,True,False,
206d3af2ee6d2559ef7879b5,1,L1,9,1024,valid,completed,0,4,0,,12884901888,11428515840,False,0.8869695663452148,3264942080,0,9.359841400000732,0,True,False,
209e4c506a028d67bdcc2d80,1,W1,10,4096,valid,completed,0,4,0,,12884901888,12279353344,False,0.9530032475789388,3751800832,0,10.58171240001684,0,True,False,
20e99370a69d09bd56eaf748,1,H2,11,4096,output_failure_unclassified,failed,0,3,1,BrokenProcessPool,12884901888,12934684672,True,1.0038636525472004,5082013696,0,18.025866700000734,0,True,False,
223196d58af87e624864888a,2,M1,21,4096,output_failure_unclassified,failed,0,3,1,BrokenProcessPool,12884901888,12935561216,True,1.0039316813151042,4965912576,0,18.857134400001087,0,True,False,
2266e45ff58fa6bc6e04b3d8,1,H1,15,4096,output_failure_unclassified,failed,0,3,1,BrokenProcessPool,12884901888,13070548992,True,1.0144081115722656,5095878656,0,45.929690700024366,0,True,False,
231b4b2ef1de33dc9aba3ad3,0,M1,1,1024,valid,completed,0,4,0,,12884901888,11412180992,False,0.8857018152872721,3264339968,0,7.688623399997596,0,True,False,
23dadf8e9893f628f012fc94,2,M1,18,4096,valid,completed,0,4,0,,12884901888,12609855488,False,0.9786535898844401,4097302528,0,17.5235090999995,0,True,False,
23f1f9f96b9c150546b4fe1b,1,H2,12,4096,output_failure_unclassified,failed,0,3,1,BrokenProcessPool,12884901888,13060169728,True,1.013602574666341,5097549824,0,15.102356899995357,0,True,False,
2518b3bc5624ab57f7944d8f,0,L2,5,4096,output_failure_unclassified,failed,0,2,2,BrokenProcessPool,12884901888,12939206656,True,1.004214604695638,5937979392,0,17.970242699957453,0,True,False,
27d9a57da48f4414655eac1d,2,L2,19,1024,valid,completed,0,4,0,,12884901888,11444744192,False,0.8882290522257487,3288592384,0,10.260326200001145,0,True,False,
28600b3375f151a2e659d546,0,H2,4,1024,valid,completed,0,4,0,,12884901888,11459784704,False,0.8893963495890299,3277946880,0,7.683792700001504,0,True,False,
28c5ff22f51382e1df3e262c,0,W1,0,1024,valid,completed,0,4,0,,12884901888,11418378240,False,0.8861827850341797,3231186944,0,6.746168099984061,0,True,False,
2a6e154af69a1a906bc64d33,1,M1,13,4096,output_failure_unclassified,failed,0,2,2,BrokenProcessPool,12884901888,12928212992,True,1.0033613840738933,5951389696,0,16.70179590000771,0,True,False,
2be8ac5ed2e66a6d546bdc54,2,H2,23,4096,valid,completed,0,4,0,,12884901888,12406710272,False,0.9628874460856119,4044406784,0,17.73260930000106,0,True,False,
2c83781b7323c9b8da3096fb,0,L2,0,4096,output_failure_unclassified,failed,0,3,1,BrokenProcessPool,12884901888,12981534720,True,1.0074996948242188,4997206016,0,16.922262700041756,0,True,False,
2d430df54a70ae84f3ac29f9,2,L2,21,1024,valid,completed,0,4,0,,12884901888,11445702656,False,0.8883034388224283,3214209024,0,10.36279579999973,0,True,False,
2d8b07856ec2dcd4fd144234,2,H1,16,1024,valid,completed,0,4,0,,12884901888,11457642496,False,0.8892300923665365,3290902528,0,35.71218439999939,0,True,False,
2dfcf0f62901ded896534bab,1,M1,12,4096,valid,completed,0,4,0,,12884901888,12707688448,False,0.9862464269002279,4276989952,0,16.30312190001132,0,True,False,
2e4147752c302ad616f8d85f,1,M1,8,4096,output_failure_unclassified,failed,0,3,1,BrokenProcessPool,12884901888,12938530816,True,1.0041621526082356,4984049664,0,14.977360800025053,0,True,False,
2f442331b55b0aa79d3a118e,0,A1,6,1024,valid,completed,0,4,0,,12884901888,12110999552,False,0.9399372736612955,3870113792,0,8.529495400027372,0,True,False,
3024eafe5e170fc3a7e69dcc,1,M1,10,4096,output_failure_unclassified,failed,0,3,1,BrokenProcessPool,12884901888,12927139840,True,1.003278096516927,4979089408,0,14.843005599977914,0,True,False,
31e2a19d9af5ee2d70f2ecb0,2,H1,21,4096,valid,completed,0,4,0,,12884901888,12808941568,False,0.9941047032674154,4378832896,0,76.68772069999977,0,True,False,
31ff4bcc076489b10b85ecb3,1,G1,9,1024,valid,completed,0,4,0,,12884901888,11430060032,False,0.8870894114176432,3292921856,0,7.19203189999098,0,True,False,
3371e9941dfbb890c2115963,1,L1,12,4096,output_failure_unclassified,failed,0,2,2,BrokenProcessPool,12884901888,12924461056,True,1.0030701955159504,5921460224,0,15.975219199957792,0,True,False,
341929007fdb51399a166abf,1,A1,15,4096,valid,completed,0,4,0,,12884901888,13613146112,True,1.0565191904703777,3339862016,0,20.783676099963486,3876,True,True,2145387008;2145387008;2145387008;2145387008
342803fb3ab2cc4fc6be22c9,2,W1,20,1024,valid,completed,0,4,0,,12884901888,11418632192,False,0.8862024943033854,3214221312,0,7.338714100002107,0,True,False,
34bb9d93af86377adf194178,1,H2,15,4096,output_failure_unclassified,failed,0,3,1,BrokenProcessPool,12884901888,12926763008,True,1.0032488505045574,5097279488,0,14.929690399963874,0,True,False,
35d44be9e10f38a7c3e3b131,1,G1,14,1024,valid,completed,0,4,0,,12884901888,11428941824,False,0.8870026270548502,3290529792,0,7.209887299977709,0,True,False,
35ec6aaeb9819dfadf10e35d,2,A1,21,1024,valid,completed,0,4,0,,12884901888,12109774848,False,0.9398422241210938,3850698752,0,10.102627400003257,0,True,False,
35f48c8f6751d6cb551e5e71,2,A1,23,4096,valid,completed,0,4,0,,12884901888,13613723648,True,1.0565640131632488,3339923456,0,19.173180100005993,3876,True,True,2145387008;2145387008;2145387008;2145387008
368ad06a1c5f658a7b7f72c5,2,H2,20,1024,valid,completed,0,4,0,,12884901888,11458084864,False,0.8892644246419271,3291074560,0,9.07691309999791,0,True,False,
36b751a56e24b1620153762f,2,A1,18,4096,valid,completed,0,4,0,,12884901888,13611466752,True,1.0563888549804688,3323412480,0,20.70169860000169,3876,True,True,2145387008;2145387008;2145387008;2145387008
370b2cd0a1a536397623d9b7,2,G2,23,1024,valid,completed,0,4,0,,12884901888,12110397440,False,0.9398905436197916,3852709888,0,11.443268199996965,0,True,False,
374b78fe2b977e473bed66f8,1,G2,10,4096,valid,completed,0,4,0,,12884901888,13614153728,True,1.056597391764323,3322241024,0,15.084522799999831,3876,True,True,2145387008;2145387008;2145387008;2145387008
374bd3b5799a9416f4e8b6ee,2,H2,17,4096,valid,completed,0,4,0,,12884901888,12407115776,False,0.9629189173380533,4044754944,0,17.208512400000473,0,True,False,
377b28f3fc4b609272ebcf51,0,L2,7,4096,output_failure_unclassified,failed,0,3,1,BrokenProcessPool,12884901888,12982276096,True,1.0075572331746419,4998434816,0,17.275278999994043,0,True,False,
3786f8df4d34474483f16abb,2,L1,21,1024,valid,completed,0,4,0,,12884901888,11426574336,False,0.8868188858032227,3247263744,0,9.16419589999714,0,True,False,
38c41b9fa005c04b6874e5f5,0,A1,3,4096,valid,completed,0,4,0,,12884901888,13614800896,True,1.0566476186116536,3336818688,0,14.949600799998734,3876,True,True,2145387008;2145387008;2145387008;2145387008
38cd1509c403b59f5a501223,1,A1,11,1024,valid,completed,0,4,0,,12884901888,12111388672,False,0.9399674733479818,3851149312,0,8.660919900000408,0,True,False,
3a759dfdf2a6dd48da107f53,1,H2,11,1024,valid,completed,0,4,0,,12884901888,11460435968,False,0.8894468943277994,3306258432,0,7.638956999988295,0,True,False,
3b8ef28c490877839ecd75a4,0,W1,5,4096,valid,completed,0,4,0,,12884901888,12308877312,False,0.9552946090698242,3745153024,0,10.295329399988987,0,True,False,
3ba78bf763b14d52cd5cd9a6,2,W1,22,1024,valid,completed,0,4,0,,12884901888,11420745728,False,0.8863665262858073,3216535552,0,7.421926099999837,0,True,False,
3bab6a3d92db85d0286e7ecb,0,G1,3,1024,valid,completed,0,4,0,,12884901888,11427643392,False,0.88690185546875,3262869504,0,7.2250892000156455,0,True,False,
3bb02a22ee562ed49bea681d,0,H1,3,1024,valid,completed,0,4,0,,12884901888,11460128768,False,0.8894230524698893,3309707264,0,34.15122300002258,0,True,False,
3cc80990c748b3d86a3241e8,2,L2,21,4096,valid,completed,0,4,0,,12884901888,12672172032,False,0.983489990234375,3969216512,0,20.683214900003804,0,True,False,
3d67b42eca815446d2d33330,1,M1,9,1024,valid,completed,0,4,0,,12884901888,11410767872,False,0.8855921427408854,3286704128,0,7.706400700029917,0,True,False,
3d69564281c670709bf03435,0,W1,4,4096,valid,completed,0,4,0,,12884901888,12280782848,False,0.9531141916910807,3752108032,0,11.18802629999118,0,True,False,
3ddb38d1906eff39c87c437f,1,G2,12,4096,valid,completed,0,4,0,,12884901888,13591613440,True,1.054848035176595,3336220672,0,23.434071400028188,3876,True,True,2145387008;2145387008;2145387008;2145387008
3e28f2ac6719683e72fd715f,0,L1,6,1024,valid,completed,0,4,0,,12884901888,11428642816,False,0.8869794209798177,3291680768,0,7.828842999995686,0,True,False,
3ededc5513be739de02c4592,2,L1,18,4096,valid,completed,0,4,0,,12884901888,12729401344,False,0.9879315694173177,4254294016,0,18.27212110000255,0,True,False,
401eb01099cfd6a281d3f0ba,0,A1,5,1024,valid,completed,0,4,0,,12884901888,12108537856,False,0.9397462209065756,3861893120,0,8.48114109999733,0,True,False,
40a2a44cbe0cda94bfb03116,2,L2,23,4096,output_failure_unclassified,failed,0,3,1,BrokenProcessPool,12884901888,13004546048,True,1.009285608927409,4983799808,0,21.85229629999958,0,True,False,
40c62bf66de50dab27dbc6ef,0,H2,1,4096,output_failure_unclassified,failed,0,3,1,BrokenProcessPool,12884901888,12933296128,True,1.0037558873494465,5096521728,0,14.722964300017338,0,True,False,
40faee30696a1614fe1b4b01,1,G2,13,4096,valid,completed,0,4,0,,12884901888,13614878720,True,1.056653658548991,3338928128,0,18.216387599997688,3876,True,True,2145387008;2145387008;2145387008;2145387008
4256dfbb3aac7a43211885f0,0,W1,4,1024,valid,completed,0,4,0,,12884901888,11419856896,False,0.8862975438435873,3219451904,0,6.756283099995926,0,True,False,
436c383aeda67b5d6cf75375,2,G2,23,4096,valid,completed,0,4,0,,12884901888,13590130688,True,1.0547329584757488,3322306560,0,24.95374939999965,3876,True,True,2145387008;2145387008;2145387008;2145387008
439dc78a30628067277a7fcd,1,L1,15,4096,output_failure_unclassified,failed,0,3,1,BrokenProcessPool,12884901888,12969787392,True,1.0065879821777344,4984090624,0,15.637532200023998,0,True,False,
43a9b75c0d7d7ce7ba68180f,0,H2,5,4096,output_failure_unclassified,failed,0,3,1,BrokenProcessPool,12884901888,13067280384,True,1.0141544342041016,5096132608,0,15.274773599987384,0,True,False,
4475609027fa26d388f43116,1,W1,11,1024,valid,completed,0,4,0,,12884901888,11419230208,False,0.8862489064534506,3209056256,0,6.594739700027276,0,True,False,
456aa16e3b1df367ab84d505,1,L2,12,1024,valid,completed,0,4,0,,12884901888,11448233984,False,0.888499895731608,3283644416,0,8.626090199977625,0,True,False,
45e88ccc406dd8fd4ec13af8,2,L1,21,4096,output_failure_unclassified,failed,0,2,2,BrokenProcessPool,12884901888,12923891712,True,1.003026008605957,5907730432,0,19.737617599999794,0,True,False,
464eea15e9cb017897d6bb24,2,G1,22,4096,valid,completed,0,4,0,,12884901888,12731527168,False,0.988096555074056,4262309888,0,15.607842600002186,0,True,False,
472b902a425ae5575324cd27,0,A1,0,1024,valid,completed,0,4,0,,12884901888,12112289792,False,0.9400374094645182,3851001856,0,8.53096339997137,0,True,False,
47588926f3cddd9f73550c6d,2,A1,22,1024,valid,completed,0,4,0,,12884901888,12108795904,False,0.9397662480672201,3851829248,0,10.140725900004327,0,True,False,
4779949158905e0f8f4ffd0e,1,M1,15,4096,output_failure_unclassified,failed,0,3,1,BrokenProcessPool,12884901888,12928974848,True,1.0034205118815105,4981219328,0,18.91487879998749,0,True,False,
482194f6a3010f3d1c2de260,1,M1,11,4096,output_failure_unclassified,failed,0,3,1,BrokenProcessPool,12884901888,12937035776,True,1.004046122233073,4966993920,0,14.955899999999929,0,True,False,
496666b8a5866544f3341447,2,G1,16,4096,output_failure_unclassified,failed,0,2,2,BrokenProcessPool,12884901888,12920922112,True,1.0027955373128254,5905797120,0,17.501300800002355,0,True,False,
49e70c9655d7cd51f93cf961,2,A1,17,1024,valid,completed,0,4,0,,12884901888,12111216640,False,0.9399541219075521,3852218368,0,10.05858470000021,0,True,False,
4aac361ee1eda82fe93b7240,1,L1,8,1024,valid,completed,0,4,0,,12884901888,11427770368,False,0.8869117101033529,3290824704,0,9.292069800023455,0,True,False,
4b2727559f2a820ce76aa3fc,0,G2,7,4096,valid,completed,0,4,0,,12884901888,13614768128,True,1.0566450754801433,3338358784,0,15.000760899973102,3876,True,True,2145387008;2145387008;2145387008;2145387008
4ba2ef28a24e62b5ab28eec6,2,M1,19,1024,valid,completed,0,4,0,,12884901888,11410395136,False,0.8855632146199545,3274739712,0,8.82532259999789,0,True,False,
4bd166b10537e7004fcf60b4,0,H2,0,4096,output_failure_unclassified,failed,0,3,1,BrokenProcessPool,12884901888,13073555456,True,1.0146414438883464,5097664512,0,15.03591850004159,0,True,False,
4c7aa926796595844f7204e9,1,L1,9,4096,output_failure_unclassified,failed,0,3,1,BrokenProcessPool,12884901888,12968681472,True,1.0065021514892578,4983361536,0,15.723393499967642,0,True,False,
4caa9f6842b1a56225233be4,1,M1,11,1024,valid,completed,0,4,0,,12884901888,11411419136,False,0.8856426874796549,3264794624,0,8.476602100010496,0,True,False,
4d214edce0171e5af78e50fe,2,M1,20,4096,output_failure_unclassified,failed,0,3,1,BrokenProcessPool,12884901888,12937842688,True,1.0041087468465169,4967452672,0,18.890753500001665,0,True,False,
4d8d30be2e7319ea504f1181,1,G2,11,4096,valid,completed,0,4,0,,12884901888,13613522944,True,1.0565484364827473,3336503296,0,14.908170900016557,3876,True,True,2145387008;2145387008;2145387008;2145387008
4d977147ee6abeed456c13e3,0,G1,3,4096,output_failure_unclassified,failed,0,3,1,BrokenProcessPool,12884901888,12962856960,True,1.0060501098632812,4980248576,0,13.743537199974526,0,True,False,
4e3a65f5c91ee2c3b82584c9,0,A1,4,4096,valid,completed,0,4,0,,12884901888,13612314624,True,1.0564546585083008,3339804672,0,15.418152199999895,3876,True,True,2145387008;2145387008;2145387008;2145387008
4f53db2d2ebb30d5238d3d5b,1,L2,15,4096,output_failure_unclassified,failed,0,3,1,BrokenProcessPool,12884901888,12983320576,True,1.0076382954915364,4999888896,0,17.254763300006744,0,True,False,
4f6f00b409e52dab795530bd,1,G2,8,1024,valid,completed,0,4,0,,12884901888,12109959168,False,0.9398565292358398,3860103168,0,9.051347400003579,0,True,False,
4f7891157018b441b3acdb7f,1,L2,10,4096,output_failure_unclassified,failed,0,3,1,BrokenProcessPool,12884901888,12982931456,True,1.0076080958048503,4998848512,0,17.225866699998733,0,True,False,
4fa3ee963816bd0515fc0073,2,A1,20,1024,valid,completed,0,4,0,,12884901888,12108636160,False,0.9397538503011068,3851661312,0,10.061589599998115,0,True,False,
500e3589de1b9e2222ff1e27,1,M1,10,1024,valid,completed,0,4,0,,12884901888,11410784256,False,0.8855934143066406,3258564608,0,7.660886700032279,0,True,False,
502fb90b5f9c4ce82fb50131,0,M1,3,4096,output_failure_unclassified,failed,0,3,1,BrokenProcessPool,12884901888,12929097728,True,1.0034300486246746,4980903936,0,14.934172700042836,0,True,False,
5034273258ce45ab363eecb6,1,L1,8,4096,output_failure_unclassified,failed,0,3,1,BrokenProcessPool,12884901888,12966912000,True,1.0063648223876953,4967170048,0,15.541831600000478,0,True,False,
5098091767360f7458097548,0,W1,2,1024,valid,completed,0,4,0,,12884901888,11419283456,False,0.8862530390421549,3219030016,0,6.60336800001096,0,True,False,
520f956e276c1c243d302c96,0,L2,2,1024,valid,completed,0,4,0,,12884901888,11445219328,False,0.8882659276326498,3255377920,0,8.626672200043686,0,True,False,
52747e0890931c5267fc723d,0,G1,5,4096,output_failure_unclassified,failed,0,3,1,BrokenProcessPool,12884901888,12988043264,True,1.0080048243204753,4980617216,0,13.712057399970945,0,True,False,
52b78d540ea1e363d3cfdca6,2,H1,18,4096,valid,completed,0,4,0,,12884901888,12805206016,False,0.9938147862752279,4375293952,0,87.19967370000086,0,True,False,
53ae72e126da7b455562f58e,2,G2,18,4096,valid,completed,0,4,0,,12884901888,13614829568,True,1.0566498438517253,3307622400,0,19.162903899999947,3876,True,True,2145387008;2145387008;2145387008;2145387008
54c7182b10a01a42a61df4a9,1,L2,14,1024,valid,completed,0,4,0,,12884901888,11443339264,False,0.8881200154622396,3290361856,0,8.611123999999108,0,True,False,
562dd2b961df22e5b2f16a07,1,A1,14,4096,valid,completed,0,4,0,,12884901888,13615751168,True,1.0567213694254558,3323088896,0,18.320922099985182,3876,True,True,2145387008;2145387008;2145387008;2145387008
56e0bdc75465bece1c58adf0,2,L2,23,1024,valid,completed,0,4,0,,12884901888,11443748864,False,0.8881518046061198,3290050560,0,10.251909299997351,0,True,False,
572285b76e67b31c2166da40,0,W1,7,4096,valid,completed,0,4,0,,12884901888,12280987648,False,0.9531300862630209,3719405568,0,11.028157800028566,0,True,False,
57df6855c87841f5cbf75b8a,2,M1,22,4096,output_failure_unclassified,failed,0,3,1,BrokenProcessPool,12884901888,12930965504,True,1.0035750071207683,4966903808,0,18.67939800000022,0,True,False,
5817883ebe5aa673b51e75b0,0,G2,4,1024,valid,completed,0,4,0,,12884901888,12108947456,False,0.9397780100504557,3834515456,0,8.576210500032175,0,True,False,
5880403f28a58695dd13faa5,2,L1,20,4096,valid,completed,0,4,0,,12884901888,12731604992,False,0.9881025950113932,4262010880,0,17.85218729999906,0,True,False,
59b8065b0d60e0221b256ac9,0,L1,7,4096,output_failure_unclassified,failed,0,3,1,BrokenProcessPool,12884901888,12966612992,True,1.0063416163126628,4982575104,0,15.439100500021596,0,True,False,
59f3cff1bf4b08b74383a076,2,H1,17,4096,valid,completed,0,4,0,,12884901888,12403703808,False,0.9626541137695312,4041990144,0,150.16420189999917,0,True,False,
5a2b041d3e4d72c6f8b0eb99,1,H1,8,4096,output_failure_unclassified,failed,0,3,1,BrokenProcessPool,12884901888,13070647296,True,1.0144157409667969,5095510016,0,48.5844413000159,0,True,False,
5ac6b876ebb136ff2855aa6f,2,M1,23,1024,valid,completed,0,4,0,,12884901888,11409526784,False,0.8854958216349283,3273437184,0,8.763907300002757,0,True,False,
5ad429fc632ac1f52939868a,1,G1,13,4096,output_failure_unclassified,failed,0,3,1,BrokenProcessPool,12884901888,12960579584,True,1.0058733622233074,4983214080,0,13.77852630004054,0,True,False,
5af46f1845e60b9171310f55,1,H2,14,1024,valid,completed,0,4,0,,12884901888,11460923392,False,0.889484723409017,3309617152,0,8.894778100016993,0,True,False,
5b32ccd6e891518fdce3753b,0,L1,3,4096,output_failure_unclassified,failed,0,3,1,BrokenProcessPool,12884901888,12968407040,True,1.0064808527628581,4983767040,0,15.427265300008003,0,True,False,
5c3bfb1380697297cc935dfc,0,L2,5,1024,valid,completed,0,4,0,,12884901888,11445575680,False,0.8882935841878256,3286843392,0,8.70642299996689,0,True,False,
5cd6b0302fbcb50706e07aad,0,G1,4,4096,output_failure_unclassified,failed,0,3,1,BrokenProcessPool,12884901888,12964069376,True,1.0061442057291667,4980592640,0,13.869736600026954,0,True,False,
5cd819e078c99cf39895b398,0,M1,4,4096,output_failure_unclassified,failed,0,3,1,BrokenProcessPool,12884901888,12937555968,True,1.0040864944458008,4981878784,0,15.160753000003751,0,True,False,
5d0e3a5e3cff3264b6358eed,1,G1,8,4096,output_failure_unclassified,failed,0,3,1,BrokenProcessPool,12884901888,12987158528,True,1.007936159769694,4980387840,0,17.12553919997299,0,True,False,
5d556805633c4f613a45c40f,2,H1,21,1024,valid,completed,0,4,0,,12884901888,11457490944,False,0.8892183303833008,3286425600,0,29.301904300002207,0,True,False,
5eb39db514ffadf3a52c2d1f,0,W1,1,1024,valid,completed,0,4,0,,12884901888,11419369472,False,0.8862597147623698,3232534528,0,6.6422128999838606,0,True,False,
5ec896cc66e2f693e007ce5b,2,G2,16,4096,valid,completed,0,4,0,,12884901888,13615312896,True,1.056687355041504,3323162624,0,19.247148800001014,3876,True,True,2145387008;2145387008;2145387008;2145387008
5ef082478edeb339108c8190,1,L1,14,4096,output_failure_unclassified,failed,0,3,1,BrokenProcessPool,12884901888,12991627264,True,1.008282979329427,4983488512,0,15.573935799999163,0,True,False,
60089e19c2233ef72e948c36,0,G2,2,4096,valid,completed,0,4,0,,12884901888,13615841280,True,1.0567283630371094,3339452416,0,14.953032599994913,3876,True,True,2145387008;2145387008;2145387008;2145387008
609deab5a79a5f53c4f723f4,1,G1,10,4096,output_failure_unclassified,failed,0,2,2,BrokenProcessPool,12884901888,12924129280,True,1.0030444463094075,5922009088,0,14.526848600013182,0,True,False,
61747f4136043c55181bd256,0,G2,4,4096,valid,completed,0,4,0,,12884901888,13615333376,True,1.056688944498698,3341508608,0,15.1591202999698,3876,True,True,2145387008;2145387008;2145387008;2145387008
6181e0c764f4a108a028fc01,2,L2,18,1024,valid,completed,0,4,0,,12884901888,11445112832,False,0.8882576624552408,3291570176,0,10.234159600000567,0,True,False,
61a292df52e1aa66a2afc978,2,G2,21,1024,valid,completed,0,4,0,,12884901888,12108935168,False,0.9397770563761393,3852079104,0,10.56128379999791,0,True,False,
61f808470c824c04d1364074,1,W1,13,4096,valid,completed,0,4,0,,12884901888,12280819712,False,0.9531170527140299,3753009152,0,10.679436500009615,0,True,False,
62900952acd143ffd32665fd,0,H1,2,4096,output_failure_unclassified,failed,0,3,1,BrokenProcessPool,12884901888,13071028224,True,1.0144453048706055,5095608320,0,59.66675089998171,0,True,False,
62b1ac06c284e27e6f310bf6,2,L1,19,4096,valid,completed,0,4,0,,12884901888,12757020672,False,0.9900751113891602,4264280064,0,18.43029050000041,0,True,False,
653c15e1c104d61ded6f6987,0,A1,2,4096,valid,completed,0,4,0,,12884901888,13615636480,True,1.0567124684651692,3337842688,0,14.993888299970422,3876,True,True,2145387008;2145387008;2145387008;2145387008
658d66880f26c836a6b6e9b5,1,A1,15,1024,valid,completed,0,4,0,,12884901888,12109086720,False,0.939788818359375,3855495168,0,8.743327600008342,0,True,False,
6681e5d23850c2ee04ab44f3,2,G2,22,1024,valid,completed,0,4,0,,12884901888,12111675392,False,0.9399897257486979,3851878400,0,9.950340700001107,0,True,False,
669050a18a02a5fd9a41f0a9,2,W1,22,4096,valid,completed,0,4,0,,12884901888,12280369152,False,0.9530820846557617,3736485888,0,13.305114100001447,0,True,False,
6826978ec18c47bdffee955d,0,H2,2,4096,output_failure_unclassified,failed,0,3,1,BrokenProcessPool,12884901888,13066342400,True,1.014081637064616,5096017920,0,15.0377623999957,0,True,False,
6940fd508dcad2bc9826ced2,2,W1,20,4096,valid,completed,0,4,0,,12884901888,12278902784,False,0.9529682795206705,3735801856,0,13.80324290000135,0,True,False,
6ae78b1ec1897fe3d4db06ad,0,G2,1,4096,valid,completed,0,4,0,,12884901888,13616525312,True,1.0567814509073894,3340177408,0,14.931720099993981,3876,True,True,2145387008;2145387008;2145387008;2145387008
6af181f2628b5e5a036f4425,2,G1,22,1024,valid,completed,0,4,0,,12884901888,11429150720,False,0.8870188395182291,3274997760,0,8.15632529999857,0,True,False,
6b1b577555f47ccf81518c83,1,H1,13,4096,output_failure_unclassified,failed,0,3,1,BrokenProcessPool,12884901888,13070200832,True,1.0143810907999675,5096116224,0,83.26363750000019,0,True,False,
6b386470ec1ce624b0faef15,0,G1,6,1024,valid,completed,0,4,0,,12884901888,11426746368,False,0.8868322372436523,3289206784,0,7.1629251999547705,0,True,False,
6c11cacf728c1d910974a426,1,A1,8,4096,valid,completed,0,4,0,,12884901888,13615386624,True,1.0566930770874023,3344326656,0,18.243092800024897,3876,True,True,2145387008;2145387008;2145387008;2145387008
6c861183248461bfea755a8c,1,L2,13,1024,valid,completed,0,4,0,,12884901888,11446886400,False,0.8883953094482422,3283550208,0,8.828803599986713,0,True,False,
6d14565aafdc00f4e61275b8,1,A1,9,4096,valid,completed,0,4,0,,12884901888,13613752320,True,1.0565662384033203,3321532416,0,18.144200999988243,3876,True,True,2145387008;2145387008;2145387008;2145387008
6db35a2275ac81f9317312c0,1,G1,15,4096,output_failure_unclassified,failed,0,3,1,BrokenProcessPool,12884901888,12985716736,True,1.0078242619832356,4982759424,0,13.659797600004822,0,True,False,
6dc87e6e8e83e8724712bc41,1,H2,10,4096,output_failure_unclassified,failed,0,3,1,BrokenProcessPool,12884901888,13000540160,True,1.0089747111002605,5095415808,0,14.82260449999012,0,True,False,
6dce102953c9291569e5a897,0,A1,1,4096,valid,completed,0,4,0,,12884901888,13611835392,True,1.056417465209961,3335127040,0,25.466692599991802,3876,True,True,2145387008;2145387008;2145387008;2145387008
6eccb3b6a5acbf98380d7c91,1,H1,11,1024,valid,completed,0,4,0,,12884901888,11461668864,False,0.8895425796508789,3309506560,0,16.75325069995597,0,True,False,
702a4299139da8c530e4b75b,1,G1,12,1024,valid,completed,0,4,0,,12884901888,11427737600,False,0.8869091669718424,3260166144,0,7.256864700000733,0,True,False,
703d9ed46d74f9c6a960ec15,0,L2,3,1024,valid,completed,0,4,0,,12884901888,11444494336,False,0.8882096608479818,3307294720,0,8.770327699952759,0,True,False,
7060f8c1c5378e364519c745,0,M1,2,1024,valid,completed,0,4,0,,12884901888,11416002560,False,0.8859984079996744,3289239552,0,7.799789200013038,0,True,False,
70b08d01b24b6b7c7da08907,0,M1,5,4096,output_failure_unclassified,failed,0,2,2,BrokenProcessPool,12884901888,12930654208,True,1.0035508473714192,5951569920,0,15.659297799982596,0,True,False,
71b168bcc66a0a1454c3c720,0,L2,3,4096,output_failure_unclassified,failed,0,3,1,BrokenProcessPool,12884901888,13005209600,True,1.0093371073404949,4998922240,0,17.205850299971644,0,True,False,
71cf34f3ff772cbe83fc3c1b,2,L1,16,4096,output_failure_unclassified,failed,0,3,1,BrokenProcessPool,12884901888,12965494784,True,1.0062548319498699,4966518784,0,19.24221899999975,0,True,False,
7315244747dd33d0698372c8,2,H2,16,1024,valid,completed,0,4,0,,12884901888,11457425408,False,0.8892132441202799,3290525696,0,9.062692999999854,0,True,False,
74b0900615c8050abf4f210a,2,L2,19,4096,valid,completed,0,4,0,,12884901888,12401250304,False,0.9624636967976888,3977875456,0,20.62920959999974,0,True,False,
74f22c34bf2617516d287b52,0,W1,3,1024,valid,completed,0,4,0,,12884901888,11417800704,False,0.8861379623413086,3230748672,0,6.729318099969532,0,True,False,
74fa16acfa80e50e106259d3,0,H2,0,1024,valid,completed,0,4,0,,12884901888,11460919296,False,0.8894844055175781,3309690880,0,7.629146000021137,0,True,False,
74fa9802fcc80ee6e312064c,2,G1,20,1024,valid,completed,0,4,0,,12884901888,11429670912,False,0.887059211730957,3275907072,0,8.309552999999141,0,True,False,
76a6c08db4c3f5f88c2d4c75,1,L2,8,1024,valid,completed,0,4,0,,12884901888,11442987008,False,0.8880926767985026,3289530368,0,8.801412900000287,0,True,False,
770c059f595de085161bf385,2,H2,19,4096,valid,completed,0,4,0,,12884901888,12394708992,False,0.9619560241699219,3372974080,0,17.557138000000123,0,True,False,
787e48f248295b385c700267,0,H2,7,4096,output_failure_unclassified,failed,0,3,1,BrokenProcessPool,12884901888,13070315520,True,1.014389991760254,5095194624,0,15.086943999980576,0,True,False,
7921644a2e91d377320a3e66,2,H1,19,1024,valid,completed,0,4,0,,12884901888,11460382720,False,0.8894427617390951,3293511680,0,54.766017800000554,0,True,False,
7a90b3e9af776a3a9a6db14e,1,L2,13,4096,output_failure_unclassified,failed,0,3,1,BrokenProcessPool,12884901888,12983001088,True,1.0076134999593098,4998721536,0,17.610608399962075,0,True,False,
7aa2ee96c6b2b2b3a42fc75c,2,L2,20,1024,valid,completed,0,4,0,,12884901888,11444674560,False,0.8882236480712891,3265609728,0,10.275012300000526,0,True,False,
7ae312e3e43a8d8dad989b45,2,L2,17,1024,valid,completed,0,4,0,,12884901888,11442937856,False,0.8880888621012369,3271278592,0,10.06024350000007,0,True,False,
7afbe6913ff98af71d6fefce,0,W1,3,4096,valid,completed,0,4,0,,12884901888,12282740736,False,0.9532661437988281,3754962944,0,11.02396459999727,0,True,False,
7c0c7a5ca9cf8661e0bbe3d2,1,W1,10,1024,valid,completed,0,4,0,,12884901888,11415740416,False,0.8859780629475912,3206549504,0,6.689906300000075,0,True,False,
7c1ffa636531222ce3f98b33,1,M1,9,4096,output_failure_unclassified,failed,0,3,1,BrokenProcessPool,12884901888,12935675904,True,1.0039405822753906,4965076992,0,15.037588600000163,0,True,False,
7ce3db5f085541f88b884c86,1,G2,10,1024,valid,completed,0,4,0,,12884901888,12110024704,False,0.9398616154988607,3861438464,0,8.579635699978098,0,True,False,
7d79e9f872e167684ddc657f,0,L1,1,4096,output_failure_unclassified,failed,0,3,1,BrokenProcessPool,12884901888,12990627840,True,1.0082054138183594,4982005760,0,15.67860089999158,0,True,False,
7d7e8d81e7e9bdd338388909,1,H1,14,1024,valid,completed,0,4,0,,12884901888,11456249856,False,0.8891220092773438,3282829312,0,42.655998899950646,0,True,False,
7f0093ca62fe76fa952ce827,2,G2,17,4096,valid,completed,0,4,0,,12884901888,13615763456,True,1.0567223230997722,3325239296,0,19.29846170000019,3876,True,True,2145387008;2145387008;2145387008;2145387008
7f7ea7485c1f5ba89600585e,0,L2,1,1024,valid,completed,0,4,0,,12884901888,11445452800,False,0.8882840474446615,3262345216,0,8.58890390000306,0,True,False,
80cae7e258cecea24a965a82,1,H2,15,1024,valid,completed,0,4,0,,12884901888,11460595712,False,0.8894592920939127,3308793856,0,7.745568900019862,0,True,False,
81277dfef9b5bf6b99be7375,1,A1,10,1024,valid,completed,0,4,0,,12884901888,12110856192,False,0.9399261474609375,3826393088,0,10.117847699999402,0,True,False,
81911106af6293e8062c8e7e,1,H1,9,1024,valid,completed,0,4,0,,12884901888,11461083136,False,0.8894971211751302,3310120960,0,21.10225840000203,0,True,False,
84bc0b1236e654a832a74bbd,2,A1,21,4096,valid,completed,0,4,0,,12884901888,13615714304,True,1.0567185084025066,3322658816,0,19.333756200001517,3876,True,True,2145387008;2145387008;2145387008;2145387008
851ba9a20f122992c8ff1e38,1,L2,10,1024,valid,completed,0,4,0,,12884901888,11445686272,False,0.8883021672566732,3287048192,0,8.669741199992131,0,True,False,
86fad20fb90fd06766825e84,2,M1,16,4096,output_failure_unclassified,failed,0,3,1,BrokenProcessPool,12884901888,12928684032,True,1.0033979415893555,4966232064,0,18.735697100000834,0,True,False,
8773ffe5ce0d82122b034fd4,1,L1,11,4096,valid,completed,0,4,0,,12884901888,12681949184,False,0.9842487970987955,4173578240,0,18.06227759999456,0,True,False,
881f129c233847d0438eec0d,2,M1,20,1024,valid,completed,0,4,0,,12884901888,11428163584,False,0.8869422276814779,3275313152,0,8.971850599999016,0,True,False,
88f1e77a49b3ae0071030caf,1,H1,12,4096,output_failure_unclassified,failed,0,3,1,BrokenProcessPool,12884901888,13070688256,True,1.0144189198811848,5080334336,0,56.568138000000545,0,True,False,
898afd50aae2facc78b06c6f,0,W1,6,1024,valid,completed,0,4,0,,12884901888,11418877952,False,0.8862215677897135,3231727616,0,6.675940299988724,0,True,False,
89c325f8460eaa4d27394c34,0,G2,2,1024,valid,completed,0,4,0,,12884901888,12111081472,False,0.9399436314900717,3872792576,0,8.478299200010952,0,True,False,
89f7537f0e1ed8789a6790aa,2,A1,19,1024,valid,completed,0,4,0,,12884901888,12110385152,False,0.9398895899454752,3853074432,0,10.070119699998031,0,True,False,
8a40b75ad24cf28b4193a6ed,0,H1,2,1024,valid,completed,0,4,0,,12884901888,11459956736,False,0.8894097010294596,3277455360,0,25.07528240000829,0,True,False,
8a69bf9c9facb65f455b74eb,2,H2,21,1024,valid,completed,0,4,0,,12884901888,11458600960,False,0.8893044789632162,3292073984,0,8.96484049999708,0,True,False,
8b9233918258fd15cb0bd300,0,M1,0,4096,output_failure_unclassified,failed,0,3,1,BrokenProcessPool,12884901888,12935573504,True,1.0039326349894206,4981243904,0,15.02280229999451,0,True,False,
8b9d1677da0420a25ad4a170,0,L1,7,1024,valid,completed,0,4,0,,12884901888,11430739968,False,0.8871421813964844,3266945024,0,7.942834299989045,0,True,False,
8bab25d9f9f13848e20ab590,1,H1,9,4096,valid,completed,0,4,0,,12884901888,12405497856,False,0.9627933502197266,4036911104,0,44.76242629999979,0,True,False,
8c30d20fa922b145d98d5416,2,L1,20,1024,valid,completed,0,4,0,,12884901888,11428548608,False,0.8869721094767252,3242700800,0,9.183204199995089,0,True,False,
8c547b80d3abe95a44983452,1,G1,13,1024,valid,completed,0,4,0,,12884901888,11427274752,False,0.8868732452392578,3235876864,0,7.242558999976609,0,True,False,
8dd33eacf835eedbd232559a,1,G2,9,1024,valid,completed,0,4,0,,12884901888,12115451904,False,0.9402828216552734,3836592128,0,10.042514999999185,0,True,False,
8e5f76732b423c0870c3c490,1,W1,9,4096,valid,completed,0,4,0,,12884901888,12281143296,False,0.9531421661376953,3753943040,0,11.288810300000478,0,True,False,
8f6055ef2acaa13bd1ea86fd,1,A1,12,4096,valid,completed,0,4,0,,12884901888,13615972352,True,1.0567385355631511,3329892352,0,14.990674000000581,3876,True,True,2145387008;2145387008;2145387008;2145387008
9009c9b9a931bb33b177e432,2,G2,20,4096,valid,completed,0,4,0,,12884901888,13614616576,True,1.0566333134969075,3321495552,0,19.315377399998397,3876,True,True,2145387008;2145387008;2145387008;2145387008
90b0af3e35ee0ae0e1557e6f,0,A1,7,4096,valid,completed,0,4,0,,12884901888,13616562176,True,1.0567843119303386,3324682240,0,14.83836270001484,3876,True,True,2145387008;2145387008;2145387008;2145387008
9161836b53aeafa28685bcb0,0,H1,5,1024,valid,completed,0,4,0,,12884901888,11459887104,False,0.889404296875,3308781568,0,21.420459200046025,0,True,False,
91dd73ce6adeb4211372eebd,2,L1,16,1024,valid,completed,0,4,0,,12884901888,11426603008,False,0.8868211110432943,3273740288,0,9.164446900002076,0,True,False,
9233bbb38d736e6cf1549272,2,W1,17,4096,valid,completed,0,4,0,,12884901888,12281483264,False,0.9531685511271158,3738177536,0,12.906407200000103,0,True,False,
925298923d67a75acbae67b3,0,G2,5,4096,valid,completed,0,4,0,,12884901888,13613441024,True,1.0565420786539714,3338735616,0,16.262171700014733,3876,True,True,2145387008;2145387008;2145387008;2145387008
926584e2b88d2a6ae5294df7,0,M1,3,1024,valid,completed,0,4,0,,12884901888,11428114432,False,0.8869384129842123,3257438208,0,7.701768700033426,0,True,False,
930f36cb3ce693851428fe79,1,W1,11,4096,valid,completed,0,4,0,,12884901888,12280782848,False,0.9531141916910807,3752390656,0,10.864461900026072,0,True,False,
9374f14aee7c08df2a63a20b,1,A1,8,1024,valid,completed,0,4,0,,12884901888,12108800000,False,0.9397665659586588,3813523456,0,8.62994340000023,0,True,False,
9384dbd929b29d9013dddcbb,1,G1,11,4096,valid,completed,0,4,0,,12884901888,12746444800,False,0.9892543156941732,3890044928,0,15.53309939999599,0,True,False,
93b84943f4f108cece4217e5,0,H1,7,1024,valid,completed,0,4,0,,12884901888,11459940352,False,0.8894084294637045,3309113344,0,26.07959480001591,0,True,False,
965303921f75f4c15597700d,1,W1,12,4096,valid,completed,0,4,0,,12884901888,12280655872,False,0.9531043370564779,3752308736,0,10.76829400000861,0,True,False,
99e1ebdd41141683baaaf0a1,2,W1,21,4096,valid,completed,0,4,0,,12884901888,12280254464,False,0.9530731836954752,3737747456,0,12.697592700002133,0,True,False,
9a4868fa6a9c76fb1966f3b5,1,W1,14,1024,valid,completed,0,4,0,,12884901888,11418247168,False,0.8861726125081381,3231076352,0,6.493238399969414,0,True,False,
9a8717bd98d897ef388fa99c,0,M1,1,4096,output_failure_unclassified,failed,0,3,1,BrokenProcessPool,12884901888,12930502656,True,1.0035390853881836,4980682752,0,14.925817399984226,0,True,False,
9cdb2733900e1eb7fe55950a,2,W1,19,1024,valid,completed,0,4,0,,12884901888,11420008448,False,0.8863093058268229,3216560128,0,7.23440909999772,0,True,False,
9e0675d99093da50602f30b8,0,H2,6,4096,output_failure_unclassified,failed,0,3,1,BrokenProcessPool,12884901888,13070999552,True,1.014443079630534,5095432192,0,14.9005010999972,0,True,False,
9fc8e7056902bb63a13795ac,1,H1,12,1024,valid,completed,0,4,0,,12884901888,11459792896,False,0.8893969853719076,3308630016,0,22.024725800030865,0,True,False,
9fe7eba628f84bd00caa1b76,2,A1,20,4096,valid,completed,0,4,0,,12884901888,13615734784,True,1.0567200978597004,3325239296,0,19.32197610000003,3876,True,True,2145387008;2145387008;2145387008;2145387008
a00729a9eaf36877979e1dad,0,H1,0,1024,valid,completed,0,4,0,,12884901888,11459964928,False,0.8894103368123373,3308040192,0,20.529167099972256,0,True,False,
a0a573176d8aec5f878174dc,1,A1,9,1024,valid,completed,0,4,0,,12884901888,12108595200,False,0.9397506713867188,3867328512,0,8.394897899997886,0,True,False,
a1049de98c94c70ba53ceace,0,H1,1,4096,output_failure_unclassified,failed,0,3,1,BrokenProcessPool,12884901888,13071114240,True,1.0144519805908203,5096046592,0,80.99005800002487,0,True,False,
a136ac88c2ae6af908f43fbe,1,G2,15,4096,valid,completed,0,4,0,,12884901888,13593522176,True,1.054996172587077,3334823936,0,21.497104300011415,3876,True,True,2145387008;2145387008;2145387008;2145387008
a136ee05fb0705cf7ddc7750,0,L1,5,4096,output_failure_unclassified,failed,0,3,1,BrokenProcessPool,12884901888,12989120512,True,1.0080884297688801,4981161984,0,15.697350199974608,0,True,False,
a24ed0039f2fc69241a402f9,1,H1,13,1024,valid,completed,0,4,0,,12884901888,11459268608,False,0.8893562952677408,3291869184,0,29.95403510000051,0,True,False,
a27c5aa96887eee07de456b7,1,W1,15,1024,valid,completed,0,4,0,,12884901888,11421179904,False,0.8864002227783203,3232477184,0,6.7118436000309885,0,True,False,
a28366ce7dc3de8f3f923c35,2,L2,18,4096,output_failure_unclassified,failed,0,3,1,BrokenProcessPool,12884901888,12984586240,True,1.0077365239461262,4985950208,0,21.638765100004093,0,True,False,
a2bb3e74a7a30edcd7ee6e64,1,H2,14,4096,output_failure_unclassified,failed,0,3,1,BrokenProcessPool,12884901888,13067214848,True,1.0141493479410808,5096316928,0,14.852917400014121,0,True,False,
a37c7f8f26ada2830b8823e2,0,H1,7,4096,output_failure_unclassified,failed,0,3,1,BrokenProcessPool,12884901888,13071048704,True,1.0144468943277996,5095878656,0,46.99866769998334,0,True,False,
a58db74cc20fe8646a16c53a,1,W1,9,1024,valid,completed,0,4,0,,12884901888,11419037696,False,0.8862339655558268,3231526912,0,6.67120890005026,0,True,False,
a5c7a50c7858eaca0cc0e5e8,1,H2,13,1024,valid,completed,0,4,0,,12884901888,11459518464,False,0.8893756866455078,3308224512,0,8.591987499967217,0,True,False,
a7ba24c1e90a17c8a8bcf63f,0,H1,4,4096,output_failure_unclassified,failed,0,3,1,BrokenProcessPool,12884901888,13069320192,True,1.014312744140625,5095108608,0,71.89029449998634,0,True,False,
a876ad163ab4e64162351f32,1,L1,10,1024,valid,completed,0,4,0,,12884901888,11428032512,False,0.8869320551554362,3291033600,0,7.8439130000188015,0,True,False,
a90a836029da7b303283c876,2,A1,18,1024,valid,completed,0,4,0,,12884901888,12109901824,False,0.9398520787556967,3852910592,0,10.361982099995657,0,True,False,
aa687898486ba5aaeb340a6e,0,W1,7,1024,valid,completed,0,4,0,,12884901888,11418873856,False,0.8862212498982748,3224080384,0,6.6202240999555215,0,True,False,
aadcceb1f4ddd158bcc9eaf0,1,H1,14,4096,output_failure_unclassified,failed,0,3,1,BrokenProcessPool,12884901888,13070536704,True,1.0144071578979492,5095690240,0,126.64578720001737,0,True,False,
ab10f348223070d5a62902b5,1,H1,10,4096,output_failure_unclassified,failed,0,3,1,BrokenProcessPool,12884901888,13069975552,True,1.0143636067708333,5095174144,0,125.71358939999482,0,True,False,
ab1feb09f30d0fe899eda20a,2,W1,21,1024,valid,completed,0,4,0,,12884901888,11417522176,False,0.8861163457234701,3214503936,0,7.1347658000013325,0,True,False,
ab4c4ada2cb6cdcd6c6a7298,1,M1,13,1024,valid,completed,0,4,0,,12884901888,11412406272,False,0.8857192993164062,3291992064,0,7.868915900005959,0,True,False,
ab4fe106a05083cbce1c3dc5,1,G1,11,1024,valid,completed,0,4,0,,12884901888,11429285888,False,0.8870293299357096,3290763264,0,7.111759899999015,0,True,False,
ac2355f1052f80c43d5244e7,2,H2,18,4096,valid,completed,0,4,0,,12884901888,12797206528,False,0.9931939442952474,4044840960,0,17.737349200000608,0,True,False,
ad40ac665cae9beb4eabc87d,2,W1,16,1024,valid,completed,0,4,0,,12884901888,11419525120,False,0.8862717946370443,3215286272,0,7.032192399994528,0,True,False,
adc08289e92fae4035785ad5,2,H2,20,4096,valid,completed,0,4,0,,12884901888,12797681664,False,0.9932308197021484,4038414336,0,17.83223899999939,0,True,False,
aec285d7373a597b73a58377,2,L1,19,1024,valid,completed,0,4,0,,12884901888,11429502976,False,0.8870461781819662,3276087296,0,9.268054700001812,0,True,False,
af0497d1a5cc423ac5fc33b6,2,G1,19,1024,valid,completed,0,4,0,,12884901888,11429007360,False,0.8870077133178711,3274690560,0,8.179881600000954,0,True,False,
afd9686e6b34aca49d826b7d,1,L1,11,1024,valid,completed,0,4,0,,12884901888,11427704832,False,0.886906623840332,3258085376,0,7.896497300011106,0,True,False,
afebebacf5fe31c35444ae40,1,L2,9,4096,output_failure_unclassified,failed,0,3,1,BrokenProcessPool,12884901888,12984475648,True,1.0077279408772786,5000826880,0,17.835974399989937,0,True,False,
b095116902e0b8fae27f8730,0,A1,4,1024,valid,completed,0,4,0,,12884901888,12112187392,False,0.9400294621785482,3870965760,0,8.659796599997208,0,True,False,
b1ecbb3cc847e5ba989ecee9,2,G1,21,4096,valid,completed,0,4,0,,12884901888,12727087104,False,0.9877519607543945,4258697216,0,15.83182019999731,0,True,False,
b3273a0fd7f9a9af9291d727,1,H2,12,1024,valid,completed,0,4,0,,12884901888,11485339648,False,0.8913796742757162,3277434880,0,7.701486899983138,0,True,False,
b3de451b4ae73d979080ff90,2,A1,17,4096,valid,completed,0,4,0,,12884901888,13615632384,True,1.0567121505737305,3323183104,0,19.292711599999166,3876,True,True,2145387008;2145387008;2145387008;2145387008
b3e423bd9a5965b4d16de7d1,0,H1,1,1024,valid,completed,0,4,0,,12884901888,11461214208,False,0.8895072937011719,3310030848,0,32.421768500003964,0,True,False,
b4d0b2b222d2bf5911497be6,2,W1,23,1024,valid,completed,0,4,0,,12884901888,11419439104,False,0.8862651189168295,3215736832,0,7.196614700002101,0,True,False,
b4ffe694d8d0b5989d80e2bb,2,L2,20,4096,valid,completed,0,4,0,,12884901888,12746776576,False,0.9892800649007162,4276600832,0,20.654576500004623,0,True,False,
b5dae2f9d0c297dcbf69b4ff,0,G2,7,1024,valid,completed,0,4,0,,12884901888,12109819904,False,0.9398457209269205,3859451904,0,8.460059500008356,0,True,False,
b657b10d5ba0cd23f4f810c7,1,L2,12,4096,output_failure_unclassified,failed,0,3,1,BrokenProcessPool,12884901888,12982198272,True,1.0075511932373047,4998680576,0,17.186473899986595,0,True,False,
b6c560027b5e51e8a32fb9e5,2,L1,23,4096,output_failure_unclassified,failed,0,3,1,BrokenProcessPool,12884901888,12966264832,True,1.0063145955403645,4966383616,0,19.41532819999702,0,True,False,
b71f3ecc4cd4604ddc0d427b,0,G1,1,1024,valid,completed,0,4,0,,12884901888,11429363712,False,0.8870353698730469,3291910144,0,7.181336699984968,0,True,False,
b8078bb38f77b76792fd84da,0,W1,5,1024,valid,completed,0,4,0,,12884901888,11419758592,False,0.886289914449056,3219050496,0,6.537115900020581,0,True,False,
b83e6512c0c053bad74a3852,0,L2,6,4096,output_failure_unclassified,failed,0,3,1,BrokenProcessPool,12884901888,12981489664,True,1.0074961980183919,4997320704,0,17.32881350000389,0,True,False,
b87c3162ba22ddc920e621de,0,H2,3,4096,output_failure_unclassified,failed,0,3,1,BrokenProcessPool,12884901888,13071765504,True,1.0145025253295898,5096468480,0,14.822378500015475,0,True,False,
b97729bb12d0a0dbf578921f,0,G2,5,1024,valid,completed,0,4,0,,12884901888,12110544896,False,0.9399019877115885,3823927296,0,8.753996699990239,0,True,False,
b9cbd642a8c4b1507d0794a8,1,W1,12,1024,valid,completed,0,4,0,,12884901888,11419238400,False,0.8862495422363281,3231604736,0,6.684856899955776,0,True,False,
bd1a6986fcf893f37e97a2a6,1,L1,14,1024,valid,completed,0,4,0,,12884901888,11430141952,False,0.8870957692464193,3268272128,0,7.921823199954815,0,True,False,
bd7261af6dd898693cebb091,2,H2,18,1024,valid,completed,0,4,0,,12884901888,11459989504,False,0.8894122441609701,3293544448,0,9.005020999997214,0,True,False,
be0fd3c1512b7a2a6d0a4b5d,1,L1,13,4096,output_failure_unclassified,failed,0,3,1,BrokenProcessPool,12884901888,12990230528,True,1.0081745783487956,4981960704,0,15.738015600014478,0,True,False,
bf76259dda115b26d5bb9f09,2,H1,20,4096,valid,completed,0,4,0,,12884901888,12808806400,False,0.9940942128499349,4379136000,0,71.20990950000123,0,True,False,
bfe4c0f9245158687e2de2dd,0,H1,5,4096,output_failure_unclassified,failed,0,3,1,BrokenProcessPool,12884901888,13069762560,True,1.0143470764160156,5094940672,0,44.57698650000384,0,True,False,
c07a791a6ccea440caf436ba,2,H1,19,4096,valid,completed,0,4,0,,12884901888,12403609600,False,0.9626468022664388,4041916416,0,199.93249279999873,0,True,False,
c0e681c7b1464b67c4f8393c,1,H2,9,4096,output_failure_unclassified,failed,0,3,1,BrokenProcessPool,12884901888,12934897664,True,1.0038801829020183,5097938944,0,14.759931899956428,0,True,False,
c26649ae5823c7e1d92c6d67,2,G1,20,4096,valid,completed,0,4,0,,12884901888,12728397824,False,0.9878536860148112,4259414016,0,16.122979599997052,0,True,False,
c270560b1a8a0c2444b9e9f5,2,G1,23,4096,valid,completed,0,4,0,,12884901888,12729323520,False,0.9879255294799805,4253970432,0,15.790604999998322,0,True,False,
c3143efd14493f40523d92a1,2,L2,17,4096,valid,completed,0,4,0,,12884901888,12746313728,False,0.9892441431681315,4270288896,0,20.314389800001663,0,True,False,
c444e4492e1b54d3260273f3,1,G1,12,4096,output_failure_unclassified,failed,0,3,1,BrokenProcessPool,12884901888,12964581376,True,1.0061839421590169,4981403648,0,13.838056800013874,0,True,False,
c49d3511d676923de7b1d64c,1,W1,15,4096,valid,completed,0,4,0,,12884901888,12278038528,False,0.9529012044270834,3733614592,0,11.138638600000377,0,True,False,
c514b11820c25f981b7353a3,0,G1,0,1024,valid,completed,0,4,0,,12884901888,11428851712,False,0.8869956334431967,3265028096,0,7.209064599999692,0,True,False,
c57121385d7f2b48d1f2ebda,2,G2,19,1024,valid,completed,0,4,0,,12884901888,12112748544,False,0.9400730133056641,3852910592,0,10.084254300003522,0,True,False,
c615ca1c654bed6407e3d3d2,1,G1,10,1024,valid,completed,0,4,0,,12884901888,11429154816,False,0.887019157409668,3263647744,0,7.270894399960525,0,True,False,
c74611c22d208d3bcbd47af5,0,G2,6,4096,valid,completed,0,4,0,,12884901888,13615636480,True,1.0567124684651692,3323531264,0,15.031921200046781,3876,True,True,2145387008;2145387008;2145387008;2145387008
c7bfe0223ab4d9f254f1abde,0,L1,6,4096,output_failure_unclassified,failed,0,3,1,BrokenProcessPool,12884901888,12969496576,True,1.0065654118855794,4984320000,0,15.22632259997772,0,True,False,
c84196be12ade5e35202bc38,0,G2,1,1024,valid,completed,0,4,0,,12884901888,12110675968,False,0.9399121602376302,3869872128,0,8.63102880003862,0,True,False,
c8d8d8dec7bab9f5e9c74642,0,G2,6,1024,valid,completed,0,4,0,,12884901888,12109832192,False,0.9398466746012369,3842818048,0,8.583215899998322,0,True,False,
cb69e5cd45d665e7b04bb95b,0,L1,2,1024,valid,completed,0,4,0,,12884901888,11429249024,False,0.8870264689127604,3291639808,0,7.763492300000507,0,True,False,
cbe1e119d63775a732099418,0,A1,0,4096,valid,completed,0,4,0,,12884901888,13614964736,True,1.0566603342692058,3337338880,0,15.013797200052068,3876,True,True,2145387008;2145387008;2145387008;2145387008
cc01b1d00855cfe1a16d955c,0,G1,2,1024,valid,completed,0,4,0,,12884901888,11428659200,False,0.8869806925455729,3290529792,0,7.168635100009851,0,True,False,
cc24bfe6ad3d586d6fd1e0e6,2,L1,22,4096,valid,completed,0,4,0,,12884901888,12731367424,False,0.9880841573079427,4262600704,0,18.374415300000692,0,True,False,
cc8933e1a40617a1e359d544,1,W1,13,1024,valid,completed,0,4,0,,12884901888,11418779648,False,0.8862139383951823,3231711232,0,6.6658999000210315,0,True,False,
ccb7caa505286acab31d3224,0,G2,0,4096,valid,completed,0,4,0,,12884901888,13615034368,True,1.0566657384236653,3358822400,0,15.00979780004127,3876,True,True,2145387008;2145387008;2145387008;2145387008
ccebfda3a576267da26910ee,2,G1,17,4096,valid,completed,0,4,0,,12884901888,12359700480,False,0.9592390060424805,3960705024,0,15.175145599998359,0,True,False,
cd76896d1e4c06162f1644fa,2,M1,17,4096,output_failure_unclassified,failed,0,3,1,BrokenProcessPool,12884901888,12938256384,True,1.004140853881836,4968222720,0,18.66435520000232,0,True,False,
ce78cd683fec6faf27c77672,0,W1,2,4096,valid,completed,0,4,0,,12884901888,12281225216,False,0.9531485239664713,3752689664,0,10.426166400022339,0,True,False,
cedb01af9cf2d9d562641b40,0,M1,6,4096,output_failure_unclassified,failed,0,3,1,BrokenProcessPool,12884901888,12935139328,True,1.0038989384969075,4980064256,0,14.893933000043035,0,True,False,
cef8d14cbb49f7a5eb80a45c,2,L2,22,4096,valid,completed,0,4,0,,12884901888,12402450432,False,0.9625568389892578,3970076672,0,20.310667400000966,0,True,False,
cf6c60fec66b4345df9d2440,2,W1,19,4096,valid,completed,0,4,0,,12884901888,12279160832,False,0.9529883066813151,3735973888,0,13.238743599998998,0,True,False,
cffd5b31e3f05f3afc2aa399,1,L1,12,1024,valid,completed,0,4,0,,12884901888,11429371904,False,0.8870360056559244,3292635136,0,8.824878900020849,0,True,False,
d02b50825ed1d8670a7b88c6,0,G1,7,4096,output_failure_unclassified,failed,0,2,2,BrokenProcessPool,12884901888,12921028608,True,1.0028038024902344,5919584256,0,14.541063799988478,0,True,False,
d094754e8e3d0bce856aca74,0,G1,7,1024,valid,completed,0,4,0,,12884901888,11428950016,False,0.8870032628377279,3263827968,0,7.202099299989641,0,True,False,
d0f4b3b19812a3058eeeadbf,1,L2,15,1024,valid,completed,0,4,0,,12884901888,11445010432,False,0.8882497151692709,3276677120,0,8.7895539000001,0,True,False,
d1307bb0d261e6373958d204,2,L2,22,1024,valid,completed,0,4,0,,12884901888,11443630080,False,0.8881425857543945,3205529600,0,10.194602499999746,0,True,False,
d135c35c6384a62b6d631b64,0,L1,5,1024,valid,completed,0,4,0,,12884901888,11430596608,False,0.8871310551961263,3292934144,0,8.030822500004433,0,True,False,
d1932e9ff13cb3f560b32b4d,1,G2,9,4096,valid,completed,0,4,0,,12884901888,13616218112,True,1.0567576090494792,3338649600,0,14.886990800034255,3876,True,True,2145387008;2145387008;2145387008;2145387008
d1f9a01a3aa96c5c16e3b428,1,H1,11,4096,output_failure_unclassified,failed,0,3,1,BrokenProcessPool,12884901888,13072224256,True,1.0145381291707356,5096792064,0,47.6284333000076,0,True,False,
d25f14e3c8cdf097fe648f3f,0,M1,7,1024,valid,completed,0,4,0,,12884901888,11411480576,False,0.8856474558512369,3283165184,0,7.738433099992108,0,True,False,
d2818d3aeee27e3179eb0004,2,H1,16,4096,valid,completed,0,4,0,,12884901888,12002942976,False,0.9315509796142578,3702943744,0,68.78343860000314,0,True,False,
d2c10214dc04634703736531,0,G2,3,4096,valid,completed,0,4,0,,12884901888,13616058368,True,1.056745211283366,3323744256,0,15.052775999996811,3876,True,True,2145387008;2145387008;2145387008;2145387008
d3ae548d97419520f1d1ce99,0,H2,2,1024,valid,completed,0,4,0,,12884901888,11459481600,False,0.8893728256225586,3276779520,0,7.700799599988386,0,True,False,
d3b593e6bd54558bb54132f6,2,H2,22,4096,output_failure_unclassified,failed,0,3,1,BrokenProcessPool,12884901888,13071278080,True,1.0144646962483723,5081788416,0,19.076725999999326,0,True,False,
d42dae4950756fb0de84a826,2,L1,22,1024,valid,completed,0,4,0,,12884901888,11430113280,False,0.8870935440063477,3276328960,0,9.362032400000317,0,True,False,
d42fc683ec2b6b9cd3e7c7c4,2,M1,21,1024,valid,completed,0,4,0,,12884901888,11410149376,False,0.8855441411336263,3249881088,0,8.944388699994306,0,True,False,
d570da876ff276a651dbc11a,2,A1,19,4096,valid,completed,0,4,0,,12884901888,13617041408,True,1.0568215052286785,3323432960,0,19.294515599998704,3876,True,True,2145387008;2145387008;2145387008;2145387008
d5a9cf6a9c76310134edcf28,0,M1,5,1024,valid,completed,0,4,0,,12884901888,11412099072,False,0.8856954574584961,3290914816,0,7.626021799980663,0,True,False,
d65ab7e78de56284cf7cc8dc,0,W1,0,4096,valid,completed,0,4,0,,12884901888,12280643584,False,0.9531033833821615,3751825408,0,10.944291800027713,0,True,False,
d6fa08bc88d5cf744f33aa16,2,H1,18,1024,valid,completed,0,4,0,,12884901888,11457630208,False,0.8892291386922201,3282853888,0,30.771090100002766,0,True,False,
d80a5c26cbd8d020272a4283,2,L1,17,1024,valid,completed,0,4,0,,12884901888,11429675008,False,0.8870595296223959,3277393920,0,9.326486199999636,0,True,False,
d8d1ba5aad5acd6668627f38,1,G1,8,1024,valid,completed,0,4,0,,12884901888,11428687872,False,0.8869829177856445,3264516096,0,7.239767100021709,0,True,False,
d914139560ee2fa0ad3040e0,2,G2,18,1024,valid,completed,0,4,0,,12884901888,12110426112,False,0.9398927688598633,3851214848,0,10.083634500002518,0,True,False,
d9aad6be8fad594ffd13e2ae,0,L1,2,4096,output_failure_unclassified,failed,0,3,1,BrokenProcessPool,12884901888,12967079936,True,1.0063778559366863,4981993472,0,15.294974600023124,0,True,False,
dab45be46e71da9cb3d42f6b,2,H1,22,4096,valid,completed,0,4,0,,12884901888,12404957184,False,0.9627513885498047,4043202560,0,54.46505539999998,0,True,False,
db406009fb5f665d32f50c1f,2,M1,17,1024,valid,completed,0,4,0,,12884901888,11411070976,False,0.8856156667073568,3276533760,0,8.869500500000868,0,True,False,
db80a8b1087e57d25ec440bd,0,H2,1,1024,valid,completed,0,4,0,,12884901888,11461472256,False,0.8895273208618164,3270168576,0,7.696997300023213,0,True,False,
dbac34ebc04a6791cdcd30b4,2,M1,23,4096,valid,completed,0,4,0,,12884901888,12706562048,False,0.9861590067545573,4260696064,0,17.048000999999203,0,True,False,
dc289ac238c6991224cbdbe7,0,H2,7,1024,valid,completed,0,4,0,,12884901888,11457966080,False,0.8892552057902018,3306913792,0,7.761946099984925,0,True,False,
dc401e57da5250bd878e7762,1,G2,11,1024,valid,completed,0,4,0,,12884901888,12109733888,False,0.9398390452067057,3869061120,0,8.651724499999546,0,True,False,
de13dfbfbc5f2e5c860c0503,2,H2,16,4096,valid,completed,0,4,0,,12884901888,12407312384,False,0.9629341761271158,4037259264,0,17.42751380000118,0,True,False,
df0f9b15028ee1537f0001aa,1,H1,8,1024,valid,completed,0,4,0,,12884901888,11460288512,False,0.8894354502360026,3308601344,0,23.632670800026972,0,True,False,
df45c165dc6000493ec6be32,0,A1,2,1024,valid,completed,0,4,0,,12884901888,12109758464,False,0.9398409525553385,3859030016,0,8.524219500017352,0,True,False,
e02b1fe52b6235a8200ac53d,2,M1,22,1024,valid,completed,0,4,0,,12884901888,11409702912,False,0.8855094909667969,3271307264,0,8.927354899999045,0,True,False,
e0cb4e02bc3dba47d6389d98,0,G1,1,4096,output_failure_unclassified,failed,0,2,2,BrokenProcessPool,12884901888,12922798080,True,1.0029411315917969,5921447936,0,14.379071499977726,0,True,False,
e0f265a724da46f9094c29c7,0,L1,4,4096,output_failure_unclassified,failed,0,3,1,BrokenProcessPool,12884901888,12967231488,True,1.0063896179199219,4983328768,0,15.548343500006013,0,True,False,
e263b4c939bcd81a24978d96,2,A1,16,1024,valid,completed,0,4,0,,12884901888,12108378112,False,0.9397338231404623,3851608064,0,10.168586100000539,0,True,False,
e2d73da9b9812badc2c6372c,0,G2,0,1024,valid,completed,0,4,0,,12884901888,12112396288,False,0.9400456746419271,3847204864,0,8.642201300011948,0,True,False,
e2f5fc28eea7b539c0e19028,0,L2,0,1024,valid,completed,0,4,0,,12884901888,11445481472,False,0.888286272684733,3259207680,0,8.641254999965895,0,True,False,
e44161fdcc8f65f5579b3917,2,L1,18,1024,valid,completed,0,4,0,,12884901888,11427717120,False,0.8869075775146484,3275116544,0,9.250870299998496,0,True,False,
e4718529558515efe274f753,1,M1,14,1024,valid,completed,0,4,0,,12884901888,11409408000,False,0.8854866027832031,3274493952,0,7.8550366999998005,0,True,False,
e4bcbdcfb5ba01e2e8ad43e0,2,H2,19,1024,valid,completed,0,4,0,,12884901888,11457425408,False,0.8892132441202799,3274596352,0,8.939457699998457,0,True,False,
e57e135b6dbe505b1157cfcf,0,L1,1,1024,valid,completed,0,4,0,,12884901888,11430785024,False,0.8871456782023112,3285364736,0,7.960487199947238,0,True,False,
e5893aa13c7642ffb68e60f2,1,L2,14,4096,output_failure_unclassified,failed,0,3,1,BrokenProcessPool,12884901888,12982018048,True,1.0075372060139973,4983758848,0,16.939647400000467,0,True,False,
e5b078700676756525767cdd,1,G2,13,1024,valid,completed,0,4,0,,12884901888,12110082048,False,0.9398660659790039,3836121088,0,10.17696430000069,0,True,False,
e82d2b7426e38f7f1542621d,2,L1,23,1024,valid,completed,0,4,0,,12884901888,11427049472,False,0.8868557612101237,3274170368,0,9.241208999999799,0,True,False,
e83f329611d5b3237887192c,2,M1,18,1024,valid,completed,0,4,0,,12884901888,11409879040,False,0.8855231602986654,3274616832,0,9.053862599999775,0,True,False,
e90c8670a5d313a58d0aae4b,1,M1,8,1024,valid,completed,0,4,0,,12884901888,11411677184,False,0.8856627146402994,3268136960,0,7.710377899988089,0,True,False,
e962f12a57f1a246b2942666,1,H2,8,4096,output_failure_unclassified,failed,0,3,1,BrokenProcessPool,12884901888,13072515072,True,1.0145606994628906,5096423424,0,17.735916200035717,0,True,False,
ea073e182b40095bf46f2d67,0,L1,0,1024,valid,completed,0,4,0,,12884901888,11427983360,False,0.8869282404581705,3291402240,0,8.016834700014442,0,True,False,
ea2c80626ac8c5eb6ddd48ad,0,H1,0,4096,output_failure_unclassified,failed,0,3,1,BrokenProcessPool,12884901888,13071433728,True,1.0144767761230469,5096521728,0,55.122669900010806,0,True,False,
ea6bb6f413a3ad5c9a1a0206,0,M1,6,1024,valid,completed,0,4,0,,12884901888,11410026496,False,0.8855346043904623,3282526208,0,7.7622926000040025,0,True,False,
ec2df5e2e7fa379e10de2551,2,L2,16,1024,valid,completed,0,4,0,,12884901888,11443568640,False,0.8881378173828125,3291230208,0,10.17170559999795,0,True,False,
ed352cc1aeeb1808760d0083,2,G1,18,1024,valid,completed,0,4,0,,12884901888,11429257216,False,0.8870271046956381,3274760192,0,8.239944299999479,0,True,False,
ed6c492582bb059fdbcdd1c1,1,G1,9,4096,output_failure_unclassified,failed,0,3,1,BrokenProcessPool,12884901888,12991496192,True,1.0082728068033855,4982779904,0,13.734856499999296,0,True,False,
ed9af743044ec71ccc40190e,1,A1,11,4096,valid,completed,0,4,0,,12884901888,13615915008,True,1.0567340850830078,3338735616,0,15.064283899962902,3876,True,True,2145387008;2145387008;2145387008;2145387008
eddb9d294fac27a781812b24,0,H2,5,1024,valid,completed,0,4,0,,12884901888,11459616768,False,0.8893833160400391,3308449792,0,7.775244699965697,0,True,False,
ee4f6506ac776a8ffbacbfd8,2,G2,20,1024,valid,completed,0,4,0,,12884901888,12109377536,False,0.9398113886515299,3852337152,0,10.16138150000188,0,True,False,
ef3a8fd89468d839d421f843,0,M1,7,4096,output_failure_unclassified,failed,0,3,1,BrokenProcessPool,12884901888,12935426048,True,1.0039211908976238,4981108736,0,15.045870599977206,0,True,False,
f01db79435d3d5de7b4b63dd,1,G2,14,1024,valid,completed,0,4,0,,12884901888,12109692928,False,0.9398358662923177,3868471296,0,8.60915400000522,0,True,False,
f0d5ee8390dd2ec5cc05b7b1,1,H2,9,1024,valid,completed,0,4,0,,12884901888,11461431296,False,0.8895241419474283,3293253632,0,7.873375000000124,0,True,False,
f157415e5697c8fab83704ff,2,A1,23,1024,valid,completed,0,4,0,,12884901888,12111560704,False,0.9399808247884115,3856338944,0,9.985488700000133,0,True,False,
f3975b7643fcf620672aa847,1,H1,15,1024,valid,completed,0,4,0,,12884901888,11459960832,False,0.8894100189208984,3293114368,0,19.472537999999986,0,True,False,
f3a37b747527172cc8f6663c,0,A1,3,1024,valid,completed,0,4,0,,12884901888,12114444288,False,0.9402046203613281,3867430912,0,8.493734299961943,0,True,False,
f3ad6638045f666fc1054957,1,G2,8,4096,valid,completed,0,4,0,,12884901888,13612388352,True,1.0564603805541992,3337412608,0,16.786375699972268,3876,True,True,2145387008;2145387008;2145387008;2145387008
f400c9cf6c600bf5d14bf0b1,1,A1,12,1024,valid,completed,0,4,0,,12884901888,12112392192,False,0.9400453567504883,3843289088,0,8.599764599988703,0,True,False,
f41dc99253840eff927801c0,0,L2,4,1024,valid,completed,0,4,0,,12884901888,11445121024,False,0.8882582982381185,3306504192,0,8.720992899965495,0,True,False,
f61a66fffd7838d4e10285c7,1,L2,9,1024,valid,completed,0,4,0,,12884901888,11445260288,False,0.8882691065470377,3286188032,0,10.001838599971961,0,True,False,
f65b681f5424c869df39f100,0,G1,5,1024,valid,completed,0,4,0,,12884901888,11428712448,False,0.8869848251342773,3282759680,0,7.202558599994518,0,True,False,
f70ad2548e91278de040ec90,0,H2,3,1024,valid,completed,0,4,0,,12884901888,11459207168,False,0.8893515268961588,3240853504,0,7.719962899980601,0,True,False,
f7943964af0bde9b18a9a461,1,H2,13,4096,output_failure_unclassified,failed,0,3,1,BrokenProcessPool,12884901888,12994691072,True,1.0085207621256511,5095731200,0,15.062046099978033,0,True,False,
f7b85c4c1b2c835d2f99f8e9,0,H2,6,1024,valid,completed,0,4,0,,12884901888,11460943872,False,0.8894863128662109,3309457408,0,7.803673100017477,0,True,False,
f83d5f51deec5b43aeba7a0b,2,G2,16,1024,valid,completed,0,4,0,,12884901888,12115382272,False,0.9402774175008138,3835723776,0,10.029446799999278,0,True,False,
f85b1ee45b828d9ffa0067f3,2,H1,23,1024,valid,completed,0,4,0,,12884901888,11460472832,False,0.8894497553507487,3293507584,0,24.019637900000816,0,True,False,
f88f50147788ad114ec70408,2,H1,22,1024,valid,completed,0,4,0,,12884901888,11461349376,False,0.8895177841186523,3293777920,0,21.034236299999975,0,True,False,
f8e0257558ae24d3a95a9e3c,0,M1,0,1024,valid,completed,0,4,0,,12884901888,11411415040,False,0.8856423695882162,3263938560,0,7.746986899990588,0,True,False,
f95d33fb6e056a022011cdb0,1,A1,14,1024,valid,completed,0,4,0,,12884901888,12112670720,False,0.9400669733683268,3857158144,0,8.608144300000276,0,True,False,
f994da7a8220d21cdaf5d242,2,H1,20,1024,valid,completed,0,4,0,,12884901888,11458162688,False,0.8892704645792643,3259924480,0,32.17290380000122,0,True,False,
fa32622de4511e95288eb1ee,2,A1,22,4096,valid,completed,0,4,0,,12884901888,13615607808,True,1.0567102432250977,3308621824,0,19.20851440000115,3876,True,True,2145387008;2145387008;2145387008;2145387008
fa56b80a057829cfb87351aa,2,H2,21,4096,valid,completed,0,4,0,,12884901888,12261371904,False,0.9516077041625977,3934257152,0,17.615283700000873,0,True,False,
fae2f05d16fb1be4084f82c7,2,G1,21,1024,valid,completed,0,4,0,,12884901888,11429085184,False,0.8870137532552084,3249451008,0,8.258073500001046,0,True,False,
fae4b2b5aed14c55e904d892,0,L1,3,1024,valid,completed,0,4,0,,12884901888,11428798464,False,0.8869915008544922,3291844608,0,7.988680000009481,0,True,False,
fb4c10eacd0b6ff3cc217b28,0,A1,5,4096,valid,completed,0,4,0,,12884901888,13617815552,True,1.056881586710612,3339698176,0,14.972033599973656,3876,True,True,2145387008;2145387008;2145387008;2145387008
fb5166e6db9b1d52cd1ca481,2,L1,17,4096,valid,completed,0,4,0,,12884901888,12387274752,False,0.9613790512084961,3531489280,0,18.21497630000158,0,True,False,
fbb84b103e5f36c2f0a4ac42,0,A1,1,1024,valid,completed,0,4,0,,12884901888,12110708736,False,0.9399147033691406,3869523968,0,10.890951599983964,0,True,False,
fc03c8d600fdbc727d966458,0,H1,6,4096,output_failure_unclassified,failed,0,3,1,BrokenProcessPool,12884901888,13067378688,True,1.0141620635986328,5093756928,0,146.90910289995372,0,True,False,
fc8cf5c25991f6f6c2c3a023,0,L1,0,4096,output_failure_unclassified,failed,0,3,1,BrokenProcessPool,12884901888,12967550976,True,1.0064144134521484,4982845440,0,15.510240399977192,0,True,False,
fcbe3d745c48f10563d2c1ab,2,A1,16,4096,valid,completed,0,4,0,,12884901888,13615288320,True,1.056685447692871,3308007424,0,19.378304199999548,3876,True,True,2145387008;2145387008;2145387008;2145387008
fd1c2053696ba369ccc03b12,2,H2,22,1024,valid,completed,0,4,0,,12884901888,11459235840,False,0.8893537521362305,3291971584,0,9.042340600000898,0,True,False,
fdef5979af8a87ad79ae5e9d,0,G2,3,1024,valid,completed,0,4,0,,12884901888,12113346560,False,0.9401194254557291,3867557888,0,8.444964000023901,0,True,False,
fe910476a8223b85eee7d00e,2,M1,16,1024,valid,completed,0,4,0,,12884901888,11409936384,False,0.8855276107788086,3274821632,0,8.988588600001094,0,True,False,
fef5d31a42dcbd563c9127be,2,H1,17,1024,valid,completed,0,4,0,,12884901888,11457781760,False,0.8892409006754557,3291111424,0,38.9028223000023,0,True,False,
ff11369581336b77289b2c1b,0,M1,2,4096,output_failure_unclassified,failed,0,3,1,BrokenProcessPool,12884901888,12936019968,True,1.00396728515625,4981374976,0,14.925271000014618,0,True,False,
ff5641e0c6cad7898d7cd1e5,2,G2,17,1024,valid,completed,0,4,0,,12884901888,12109312000,False,0.9398063023885092,3851976704,0,10.065636700004688,0,True,False,
ffb32e353edca755fbb2c45d,2,W1,16,4096,valid,completed,0,4,0,,12884901888,12281155584,False,0.9531431198120117,3736367104,0,12.354757100001734,0,True,False,
ffd521d0b148b67e42e91276,1,A1,13,1024,valid,completed,0,4,0,,12884901888,12109717504,False,0.9398377736409506,3825557504,0,8.575037100003101,0,True,False,
