candidate,batch,probability,log_probability,draws,event_proposals,denominator_ess,numerator_ess,maximum_denominator_weight,maximum_numerator_weight,log_denominator_mean,log_numerator_mean
0,0,1.569713120479828e-09,-20.272372960091616,131072,65652,44594.761794924336,30841.72116743743,3.700357588801495e-05,0.0017838440164050485,-1197.6167369206023,-1217.889109880694
0,1,1.5634411770692786e-09,-20.2763765623356,131072,65627,44804.9375322341,15594.550228224269,3.710836547399698e-05,0.004792660225603883,-1197.6117860221782,-1217.8881625845138
0,2,1.5429785237817684e-09,-20.289551182144578,131072,65274,44627.80000818444,34723.536026810565,3.713527603400742e-05,0.0016566790462640305,-1197.6154832566178,-1217.9050344387624
0,3,1.5897544234055376e-09,-20.259686283331348,131072,65491,44614.89632854777,11680.957211744748,3.6760629750719156e-05,0.006096937844925109,-1197.618382424778,-1217.8780687081094
0,4,1.5501742368465953e-09,-20.284898501464113,131072,65579,44773.04011563948,31624.241228079027,3.696689416343137e-05,0.0019558318200568283,-1197.6115288009446,-1217.8964273024087
0,5,1.5655353006229554e-09,-20.275038026311904,131072,65642,44452.864606957875,38343.135413236116,3.699276997893605e-05,0.0008498603530023729,-1197.6214376977146,-1217.8964757240265
0,6,1.5853657891785087e-09,-20.2624506744271,131072,65717,44352.91168129631,20594.823949124428,3.731714200569874e-05,0.0027159544844878565,-1197.6238163426601,-1217.8862670170872
0,7,1.5571669190034455e-09,-20.280397744314996,131072,65472,44669.02599509044,23105.886229799456,3.737922046674633e-05,0.003413975329270792,-1197.6168143388034,-1217.8972120831183
1,0,1.3880462699573236e-09,-20.395368639713297,131072,65628,20159.85902353078,52.977199030141904,8.548352302417827e-05,0.08751771074779968,-1197.6181199990083,-1218.0134886387216
1,1,2.406794859696051e-09,-19.844969908326675,131072,65525,20389.29562959328,21.728172703254646,8.513099237038858e-05,0.14496815593591264,-1197.6103577401295,-1217.4553276484562
1,2,1.4962460853278304e-09,-20.32030647538204,131072,65870,20135.715301581196,32.345725763782845,8.536170313019122e-05,0.14431278691096608,-1197.6145041580612,-1217.9348106334432
1,3,1.8177595139643094e-09,-20.125661130488652,131072,65937,20190.4676319352,34.88229725511548,8.550173421247392e-05,0.09179597892339328,-1197.6111460387426,-1217.7368071692313
1,4,1.8755401028078124e-09,-20.09436916417303,131072,66059,20101.087993302983,29.615794902831063,8.585529766327343e-05,0.12766749749823764,-1197.6176211631578,-1217.7119903273308
1,5,1.479452494502736e-09,-20.331593753760444,131072,65498,20170.478586169174,37.53666084049767,8.487948403779689e-05,0.10600638305461267,-1197.6085951482046,-1217.940188901965
1,6,2.068955027467533e-09,-19.996222174780996,131072,65791,20351.122317722395,21.846265369163607,8.469400729651363e-05,0.14655012968080197,-1197.6043751666366,-1217.6005973414176
1,7,1.5434618703560206e-09,-20.289237975656533,131072,65751,20008.054954400955,41.844359128954984,8.663925847853503e-05,0.09760886255263673,-1197.6248912483322,-1217.9141292239888
