row,original_outcome,artifact_kind,batch,budget,device,executor,id,input,kernel,model,protocol_sha256,replicate,workflow
1,numerical_failure,posterior,0,4096,cpu,quasi_deer,e19e9951d458f2b6b2491ec5,H1-rep0002.npz,mala,H1,91bbff0ec47f9f47b64ac4acfd328e2df8834a67b1d24a1c9e35c4fa0a980aeb,2,cpu-mala-quasi_deer
2,valid,posterior,0,4096,cpu,sequential,38122823d4de1e044dfb8fba,H1-rep0002.npz,mala,H1,91bbff0ec47f9f47b64ac4acfd328e2df8834a67b1d24a1c9e35c4fa0a980aeb,2,cpu-mala-sequential
3,numerical_failure,posterior,0,4096,cuda,quasi_deer,c0aa79c6914d252e47d611de,H1-rep0002.npz,mala,H1,91bbff0ec47f9f47b64ac4acfd328e2df8834a67b1d24a1c9e35c4fa0a980aeb,2,cuda-mala-quasi_deer
4,valid,posterior,0,4096,cuda,sequential,96540d4badb3af0adfaeeb2f,H1-rep0002.npz,mala,H1,91bbff0ec47f9f47b64ac4acfd328e2df8834a67b1d24a1c9e35c4fa0a980aeb,2,cuda-mala-sequential
5,numerical_failure,posterior,0,1024,cpu,quasi_deer,69465f6909f2f510ab42c4b8,H1-rep0003.npz,mala,H1,91bbff0ec47f9f47b64ac4acfd328e2df8834a67b1d24a1c9e35c4fa0a980aeb,3,cpu-mala-quasi_deer
6,valid,posterior,0,1024,cpu,sequential,c4510b44e77cd3cf10bed50a,H1-rep0003.npz,mala,H1,91bbff0ec47f9f47b64ac4acfd328e2df8834a67b1d24a1c9e35c4fa0a980aeb,3,cpu-mala-sequential
7,numerical_failure,posterior,0,1024,cuda,quasi_deer,f7562eda75242289755e7c6c,H1-rep0003.npz,mala,H1,91bbff0ec47f9f47b64ac4acfd328e2df8834a67b1d24a1c9e35c4fa0a980aeb,3,cuda-mala-quasi_deer
8,valid,posterior,0,1024,cuda,sequential,7915036d0e308c7914a48199,H1-rep0003.npz,mala,H1,91bbff0ec47f9f47b64ac4acfd328e2df8834a67b1d24a1c9e35c4fa0a980aeb,3,cuda-mala-sequential
9,numerical_failure,posterior,0,4096,cpu,quasi_deer,c6f2a5cdbf512d24c16c32ae,H1-rep0003.npz,mala,H1,91bbff0ec47f9f47b64ac4acfd328e2df8834a67b1d24a1c9e35c4fa0a980aeb,3,cpu-mala-quasi_deer
10,valid,posterior,0,4096,cpu,sequential,001597b4e5477af9edd342da,H1-rep0003.npz,mala,H1,91bbff0ec47f9f47b64ac4acfd328e2df8834a67b1d24a1c9e35c4fa0a980aeb,3,cpu-mala-sequential
11,numerical_failure,posterior,0,4096,cuda,quasi_deer,786dc342b7a56d146e1b3812,H1-rep0003.npz,mala,H1,91bbff0ec47f9f47b64ac4acfd328e2df8834a67b1d24a1c9e35c4fa0a980aeb,3,cuda-mala-quasi_deer
12,valid,posterior,0,4096,cuda,sequential,633b38b63fbeaf67d669001c,H1-rep0003.npz,mala,H1,91bbff0ec47f9f47b64ac4acfd328e2df8834a67b1d24a1c9e35c4fa0a980aeb,3,cuda-mala-sequential
13,numerical_failure,posterior,0,1024,cpu,quasi_deer,ed7aba1e89976e391399ff97,H1-rep0004.npz,mala,H1,91bbff0ec47f9f47b64ac4acfd328e2df8834a67b1d24a1c9e35c4fa0a980aeb,4,cpu-mala-quasi_deer
14,valid,posterior,0,1024,cpu,sequential,bb8fad34b9c6bc3e7b53792a,H1-rep0004.npz,mala,H1,91bbff0ec47f9f47b64ac4acfd328e2df8834a67b1d24a1c9e35c4fa0a980aeb,4,cpu-mala-sequential
15,numerical_failure,posterior,0,1024,cuda,quasi_deer,7283a44f80a00d7b230b71ce,H1-rep0004.npz,mala,H1,91bbff0ec47f9f47b64ac4acfd328e2df8834a67b1d24a1c9e35c4fa0a980aeb,4,cuda-mala-quasi_deer
16,valid,posterior,0,1024,cuda,sequential,7a116e823f104e31565bfa82,H1-rep0004.npz,mala,H1,91bbff0ec47f9f47b64ac4acfd328e2df8834a67b1d24a1c9e35c4fa0a980aeb,4,cuda-mala-sequential
17,numerical_failure,posterior,0,4096,cpu,quasi_deer,33e2ca296a5e8ff170853377,H1-rep0004.npz,mala,H1,91bbff0ec47f9f47b64ac4acfd328e2df8834a67b1d24a1c9e35c4fa0a980aeb,4,cpu-mala-quasi_deer
18,valid,posterior,0,4096,cpu,sequential,7163d9dc0ce4f9fd56e8ef0e,H1-rep0004.npz,mala,H1,91bbff0ec47f9f47b64ac4acfd328e2df8834a67b1d24a1c9e35c4fa0a980aeb,4,cpu-mala-sequential
19,numerical_failure,posterior,0,4096,cuda,quasi_deer,eef0a068d9a4b8ee9395a3d7,H1-rep0004.npz,mala,H1,91bbff0ec47f9f47b64ac4acfd328e2df8834a67b1d24a1c9e35c4fa0a980aeb,4,cuda-mala-quasi_deer
20,valid,posterior,0,4096,cuda,sequential,e1db00e43868543daa795b92,H1-rep0004.npz,mala,H1,91bbff0ec47f9f47b64ac4acfd328e2df8834a67b1d24a1c9e35c4fa0a980aeb,4,cuda-mala-sequential
21,numerical_failure,posterior,0,4096,cpu,quasi_deer,c4e2047247c6711e99694b22,H1-rep0006.npz,mala,H1,91bbff0ec47f9f47b64ac4acfd328e2df8834a67b1d24a1c9e35c4fa0a980aeb,6,cpu-mala-quasi_deer
22,valid,posterior,0,4096,cpu,sequential,0508a7ad6f22c85bc5824006,H1-rep0006.npz,mala,H1,91bbff0ec47f9f47b64ac4acfd328e2df8834a67b1d24a1c9e35c4fa0a980aeb,6,cpu-mala-sequential
23,numerical_failure,posterior,0,4096,cuda,quasi_deer,cc23220c61d0ae8be56a5028,H1-rep0006.npz,mala,H1,91bbff0ec47f9f47b64ac4acfd328e2df8834a67b1d24a1c9e35c4fa0a980aeb,6,cuda-mala-quasi_deer
24,valid,posterior,0,4096,cuda,sequential,f112dcb5bb0d0f30853d93d3,H1-rep0006.npz,mala,H1,91bbff0ec47f9f47b64ac4acfd328e2df8834a67b1d24a1c9e35c4fa0a980aeb,6,cuda-mala-sequential
25,numerical_failure,posterior,1,1024,cpu,quasi_deer,0eb9ef2e28735793d7cd847c,H1-rep0009.npz,mala,H1,91bbff0ec47f9f47b64ac4acfd328e2df8834a67b1d24a1c9e35c4fa0a980aeb,9,cpu-mala-quasi_deer
26,valid,posterior,1,1024,cpu,sequential,efaa66e4273689089b585f47,H1-rep0009.npz,mala,H1,91bbff0ec47f9f47b64ac4acfd328e2df8834a67b1d24a1c9e35c4fa0a980aeb,9,cpu-mala-sequential
27,numerical_failure,posterior,1,1024,cuda,quasi_deer,a6e4a74b117980b1653f5241,H1-rep0009.npz,mala,H1,91bbff0ec47f9f47b64ac4acfd328e2df8834a67b1d24a1c9e35c4fa0a980aeb,9,cuda-mala-quasi_deer
28,valid,posterior,1,1024,cuda,sequential,b6edb5a086c30b22fd1e2666,H1-rep0009.npz,mala,H1,91bbff0ec47f9f47b64ac4acfd328e2df8834a67b1d24a1c9e35c4fa0a980aeb,9,cuda-mala-sequential
29,numerical_failure,posterior,1,4096,cpu,quasi_deer,29109d09c77705b879ba66b6,H1-rep0009.npz,mala,H1,91bbff0ec47f9f47b64ac4acfd328e2df8834a67b1d24a1c9e35c4fa0a980aeb,9,cpu-mala-quasi_deer
30,valid,posterior,1,4096,cpu,sequential,84a0ceea83c388b41129fbae,H1-rep0009.npz,mala,H1,91bbff0ec47f9f47b64ac4acfd328e2df8834a67b1d24a1c9e35c4fa0a980aeb,9,cpu-mala-sequential
31,numerical_failure,posterior,1,4096,cuda,quasi_deer,f6eaf18b871386ec24a10f18,H1-rep0009.npz,mala,H1,91bbff0ec47f9f47b64ac4acfd328e2df8834a67b1d24a1c9e35c4fa0a980aeb,9,cuda-mala-quasi_deer
32,valid,posterior,1,4096,cuda,sequential,f860a04e2e117e9603ae31e9,H1-rep0009.npz,mala,H1,91bbff0ec47f9f47b64ac4acfd328e2df8834a67b1d24a1c9e35c4fa0a980aeb,9,cuda-mala-sequential
33,numerical_failure,posterior,1,4096,cpu,quasi_deer,003b2d6482ec432d84fc47c0,H1-rep0010.npz,mala,H1,91bbff0ec47f9f47b64ac4acfd328e2df8834a67b1d24a1c9e35c4fa0a980aeb,10,cpu-mala-quasi_deer
34,valid,posterior,1,4096,cpu,sequential,27181fd98c0303843787695d,H1-rep0010.npz,mala,H1,91bbff0ec47f9f47b64ac4acfd328e2df8834a67b1d24a1c9e35c4fa0a980aeb,10,cpu-mala-sequential
35,numerical_failure,posterior,1,4096,cuda,quasi_deer,05b3f2c68a126b9b533e37d7,H1-rep0010.npz,mala,H1,91bbff0ec47f9f47b64ac4acfd328e2df8834a67b1d24a1c9e35c4fa0a980aeb,10,cuda-mala-quasi_deer
36,valid,posterior,1,4096,cuda,sequential,996ff8794bde06c1abfe53fe,H1-rep0010.npz,mala,H1,91bbff0ec47f9f47b64ac4acfd328e2df8834a67b1d24a1c9e35c4fa0a980aeb,10,cuda-mala-sequential
37,numerical_failure,posterior,1,4096,cpu,quasi_deer,c42141b3a5ea88407e95a3cd,H1-rep0011.npz,mala,H1,91bbff0ec47f9f47b64ac4acfd328e2df8834a67b1d24a1c9e35c4fa0a980aeb,11,cpu-mala-quasi_deer
38,numerical_failure,posterior,1,4096,cpu,sequential,32c2f99076611f43a90fb37a,H1-rep0011.npz,mala,H1,91bbff0ec47f9f47b64ac4acfd328e2df8834a67b1d24a1c9e35c4fa0a980aeb,11,cpu-mala-sequential
39,numerical_failure,posterior,1,4096,cuda,quasi_deer,f00e5015268f17b8285ab6c6,H1-rep0011.npz,mala,H1,91bbff0ec47f9f47b64ac4acfd328e2df8834a67b1d24a1c9e35c4fa0a980aeb,11,cuda-mala-quasi_deer
40,numerical_failure,posterior,1,4096,cuda,sequential,456f9816f89211130f3e3b47,H1-rep0011.npz,mala,H1,91bbff0ec47f9f47b64ac4acfd328e2df8834a67b1d24a1c9e35c4fa0a980aeb,11,cuda-mala-sequential
41,numerical_failure,posterior,1,4096,cpu,quasi_deer,a8cc4212d629b9a28f1d4bef,H1-rep0014.npz,mala,H1,91bbff0ec47f9f47b64ac4acfd328e2df8834a67b1d24a1c9e35c4fa0a980aeb,14,cpu-mala-quasi_deer
42,valid,posterior,1,4096,cpu,sequential,916441d7bd1854527a84127e,H1-rep0014.npz,mala,H1,91bbff0ec47f9f47b64ac4acfd328e2df8834a67b1d24a1c9e35c4fa0a980aeb,14,cpu-mala-sequential
43,numerical_failure,posterior,1,4096,cuda,quasi_deer,dd16a2384d2b4795c68815f3,H1-rep0014.npz,mala,H1,91bbff0ec47f9f47b64ac4acfd328e2df8834a67b1d24a1c9e35c4fa0a980aeb,14,cuda-mala-quasi_deer
44,valid,posterior,1,4096,cuda,sequential,ed0796df0a8254a6166fb3a5,H1-rep0014.npz,mala,H1,91bbff0ec47f9f47b64ac4acfd328e2df8834a67b1d24a1c9e35c4fa0a980aeb,14,cuda-mala-sequential
45,numerical_failure,posterior,1,1024,cpu,quasi_deer,4468197420d592739062e096,H1-rep0015.npz,mala,H1,91bbff0ec47f9f47b64ac4acfd328e2df8834a67b1d24a1c9e35c4fa0a980aeb,15,cpu-mala-quasi_deer
46,valid,posterior,1,1024,cpu,sequential,c986ee369d35a567446e63c0,H1-rep0015.npz,mala,H1,91bbff0ec47f9f47b64ac4acfd328e2df8834a67b1d24a1c9e35c4fa0a980aeb,15,cpu-mala-sequential
47,numerical_failure,posterior,1,1024,cuda,quasi_deer,e4513d1daa3fc7223bc619a8,H1-rep0015.npz,mala,H1,91bbff0ec47f9f47b64ac4acfd328e2df8834a67b1d24a1c9e35c4fa0a980aeb,15,cuda-mala-quasi_deer
48,valid,posterior,1,1024,cuda,sequential,ce907e94bf80bdb158c6b5b4,H1-rep0015.npz,mala,H1,91bbff0ec47f9f47b64ac4acfd328e2df8834a67b1d24a1c9e35c4fa0a980aeb,15,cuda-mala-sequential
49,numerical_failure,posterior,1,4096,cpu,quasi_deer,db29530330ab93ebe344a905,H1-rep0015.npz,mala,H1,91bbff0ec47f9f47b64ac4acfd328e2df8834a67b1d24a1c9e35c4fa0a980aeb,15,cpu-mala-quasi_deer
50,valid,posterior,1,4096,cpu,sequential,719d0d1de694cf6b35cc621a,H1-rep0015.npz,mala,H1,91bbff0ec47f9f47b64ac4acfd328e2df8834a67b1d24a1c9e35c4fa0a980aeb,15,cpu-mala-sequential
51,numerical_failure,posterior,1,4096,cuda,quasi_deer,aaf5777b75e821d0790b6926,H1-rep0015.npz,mala,H1,91bbff0ec47f9f47b64ac4acfd328e2df8834a67b1d24a1c9e35c4fa0a980aeb,15,cuda-mala-quasi_deer
52,valid,posterior,1,4096,cuda,sequential,4f980881ba6655536490b19c,H1-rep0015.npz,mala,H1,91bbff0ec47f9f47b64ac4acfd328e2df8834a67b1d24a1c9e35c4fa0a980aeb,15,cuda-mala-sequential
53,numerical_failure,posterior,2,1024,cpu,quasi_deer,ca8c0331efbec2f294276716,H1-rep0016.npz,mala,H1,91bbff0ec47f9f47b64ac4acfd328e2df8834a67b1d24a1c9e35c4fa0a980aeb,16,cpu-mala-quasi_deer
54,valid,posterior,2,1024,cpu,sequential,33400b25543382ce639a878b,H1-rep0016.npz,mala,H1,91bbff0ec47f9f47b64ac4acfd328e2df8834a67b1d24a1c9e35c4fa0a980aeb,16,cpu-mala-sequential
55,numerical_failure,posterior,2,1024,cuda,quasi_deer,0150c74f72e868e364ffc87f,H1-rep0016.npz,mala,H1,91bbff0ec47f9f47b64ac4acfd328e2df8834a67b1d24a1c9e35c4fa0a980aeb,16,cuda-mala-quasi_deer
56,valid,posterior,2,1024,cuda,sequential,e14679a14bce37c75d57b53b,H1-rep0016.npz,mala,H1,91bbff0ec47f9f47b64ac4acfd328e2df8834a67b1d24a1c9e35c4fa0a980aeb,16,cuda-mala-sequential
57,numerical_failure,posterior,2,4096,cpu,quasi_deer,55aa7ef81fd042833bebf555,H1-rep0016.npz,mala,H1,91bbff0ec47f9f47b64ac4acfd328e2df8834a67b1d24a1c9e35c4fa0a980aeb,16,cpu-mala-quasi_deer
58,valid,posterior,2,4096,cpu,sequential,cb3e4b7992cc2092d9476092,H1-rep0016.npz,mala,H1,91bbff0ec47f9f47b64ac4acfd328e2df8834a67b1d24a1c9e35c4fa0a980aeb,16,cpu-mala-sequential
59,numerical_failure,posterior,2,4096,cuda,quasi_deer,9de3a3745d32baacf8e61ca5,H1-rep0016.npz,mala,H1,91bbff0ec47f9f47b64ac4acfd328e2df8834a67b1d24a1c9e35c4fa0a980aeb,16,cuda-mala-quasi_deer
60,valid,posterior,2,4096,cuda,sequential,ff21580e5049cfe6ca53efb7,H1-rep0016.npz,mala,H1,91bbff0ec47f9f47b64ac4acfd328e2df8834a67b1d24a1c9e35c4fa0a980aeb,16,cuda-mala-sequential
61,numerical_failure,posterior,2,1024,cpu,quasi_deer,a4cc7d7cff477262f528808a,H1-rep0017.npz,mala,H1,91bbff0ec47f9f47b64ac4acfd328e2df8834a67b1d24a1c9e35c4fa0a980aeb,17,cpu-mala-quasi_deer
62,valid,posterior,2,1024,cpu,sequential,8c9e836c19597769738da79b,H1-rep0017.npz,mala,H1,91bbff0ec47f9f47b64ac4acfd328e2df8834a67b1d24a1c9e35c4fa0a980aeb,17,cpu-mala-sequential
63,numerical_failure,posterior,2,1024,cuda,quasi_deer,500e169144b0a93bddba1721,H1-rep0017.npz,mala,H1,91bbff0ec47f9f47b64ac4acfd328e2df8834a67b1d24a1c9e35c4fa0a980aeb,17,cuda-mala-quasi_deer
64,valid,posterior,2,1024,cuda,sequential,83bf168a84adc672c5aa0b69,H1-rep0017.npz,mala,H1,91bbff0ec47f9f47b64ac4acfd328e2df8834a67b1d24a1c9e35c4fa0a980aeb,17,cuda-mala-sequential
65,numerical_failure,posterior,2,4096,cpu,quasi_deer,16a4d7ac895f86d179fe6a39,H1-rep0017.npz,mala,H1,91bbff0ec47f9f47b64ac4acfd328e2df8834a67b1d24a1c9e35c4fa0a980aeb,17,cpu-mala-quasi_deer
66,valid,posterior,2,4096,cpu,sequential,d4463b7931c232427541fb1a,H1-rep0017.npz,mala,H1,91bbff0ec47f9f47b64ac4acfd328e2df8834a67b1d24a1c9e35c4fa0a980aeb,17,cpu-mala-sequential
67,numerical_failure,posterior,2,4096,cuda,quasi_deer,34efe2e8b34530de33d985dc,H1-rep0017.npz,mala,H1,91bbff0ec47f9f47b64ac4acfd328e2df8834a67b1d24a1c9e35c4fa0a980aeb,17,cuda-mala-quasi_deer
68,valid,posterior,2,4096,cuda,sequential,1269022c979a49eab1e134aa,H1-rep0017.npz,mala,H1,91bbff0ec47f9f47b64ac4acfd328e2df8834a67b1d24a1c9e35c4fa0a980aeb,17,cuda-mala-sequential
69,numerical_failure,posterior,2,4096,cpu,quasi_deer,42ded9ffe3a774aea1005c97,H1-rep0021.npz,mala,H1,91bbff0ec47f9f47b64ac4acfd328e2df8834a67b1d24a1c9e35c4fa0a980aeb,21,cpu-mala-quasi_deer
70,valid,posterior,2,4096,cpu,sequential,23eb53b7bf3cab985d1f90f4,H1-rep0021.npz,mala,H1,91bbff0ec47f9f47b64ac4acfd328e2df8834a67b1d24a1c9e35c4fa0a980aeb,21,cpu-mala-sequential
71,numerical_failure,posterior,2,4096,cuda,quasi_deer,fc5121c6ee5feb6b90b573f3,H1-rep0021.npz,mala,H1,91bbff0ec47f9f47b64ac4acfd328e2df8834a67b1d24a1c9e35c4fa0a980aeb,21,cuda-mala-quasi_deer
72,valid,posterior,2,4096,cuda,sequential,5f057c6105f108f77d2d2029,H1-rep0021.npz,mala,H1,91bbff0ec47f9f47b64ac4acfd328e2df8834a67b1d24a1c9e35c4fa0a980aeb,21,cuda-mala-sequential
73,numerical_failure,posterior,2,1024,cpu,quasi_deer,ade2e1c52e1c69baf6530433,H1-rep0023.npz,mala,H1,91bbff0ec47f9f47b64ac4acfd328e2df8834a67b1d24a1c9e35c4fa0a980aeb,23,cpu-mala-quasi_deer
74,valid,posterior,2,1024,cpu,sequential,eab7b220fd3334b514a0d7bd,H1-rep0023.npz,mala,H1,91bbff0ec47f9f47b64ac4acfd328e2df8834a67b1d24a1c9e35c4fa0a980aeb,23,cpu-mala-sequential
75,numerical_failure,posterior,2,1024,cuda,quasi_deer,253867a474a64e8b1201370b,H1-rep0023.npz,mala,H1,91bbff0ec47f9f47b64ac4acfd328e2df8834a67b1d24a1c9e35c4fa0a980aeb,23,cuda-mala-quasi_deer
76,valid,posterior,2,1024,cuda,sequential,07382b99b34abe75de62c3e0,H1-rep0023.npz,mala,H1,91bbff0ec47f9f47b64ac4acfd328e2df8834a67b1d24a1c9e35c4fa0a980aeb,23,cuda-mala-sequential
77,numerical_failure,posterior,2,4096,cpu,quasi_deer,d827dba2dbc3aac4c03933c3,H1-rep0023.npz,mala,H1,91bbff0ec47f9f47b64ac4acfd328e2df8834a67b1d24a1c9e35c4fa0a980aeb,23,cpu-mala-quasi_deer
78,valid,posterior,2,4096,cpu,sequential,141a89a89ecd9914b746e3f4,H1-rep0023.npz,mala,H1,91bbff0ec47f9f47b64ac4acfd328e2df8834a67b1d24a1c9e35c4fa0a980aeb,23,cpu-mala-sequential
79,numerical_failure,posterior,2,4096,cuda,quasi_deer,07dde2f93a01aa71066036f7,H1-rep0023.npz,mala,H1,91bbff0ec47f9f47b64ac4acfd328e2df8834a67b1d24a1c9e35c4fa0a980aeb,23,cuda-mala-quasi_deer
80,valid,posterior,2,4096,cuda,sequential,174186e890001e858aeb8335,H1-rep0023.npz,mala,H1,91bbff0ec47f9f47b64ac4acfd328e2df8834a67b1d24a1c9e35c4fa0a980aeb,23,cuda-mala-sequential
