id,model,workflow,status,raw_sha256,state_sha256,max_rhat,min_bulk_ess,min_tail_ess,undefined_rhat,divergences,accepted,total_transitions
A1-rwm-sequential,A1,rwm-sequential,completed,9d032346698281f4ecb2f2710c03089bfe3ea76abc71a1ab08cfc8f6f58211a0,464b4a4521ff56ef27ddd32ddd1fb728ecb239b137818df65abaa2754cfd7ef1,3.07752837651296,2.28571428571429,8.32574913120451,1,,83,128
A1-rwm-online_picard,A1,rwm-online_picard,completed,4614ae7c2328ef556fd2406ac6ae7a953e22b47f4278d5c38b08a23ef9f4e79e,464b4a4521ff56ef27ddd32ddd1fb728ecb239b137818df65abaa2754cfd7ef1,3.07752837651296,2.28571428571429,8.32574913120451,1,,83,128
A1-mala-sequential,A1,mala-sequential,completed,79fde246da148ef2877323363734ebf507778f42571cd292490e19611e4e5f82,464b4a4521ff56ef27ddd32ddd1fb728ecb239b137818df65abaa2754cfd7ef1,2.82622886230321,2.60963419190401,11.4607035674798,0,,128,128
A1-mala-quasi_deer,A1,mala-quasi_deer,completed,92e5518af3a8f9a970251063a8b6c82a4f1499b266e1b05ef9f8d604dad9e748,464b4a4521ff56ef27ddd32ddd1fb728ecb239b137818df65abaa2754cfd7ef1,2.82622886230321,2.60963419190401,11.4607035674798,0,,128,128
A1-nuts-cpu,A1,nuts-cpu,completed,78d53278be79e8ea9412ddbdb32b01ca0c3cdf02a7ba06cc79f8ac691914d160,464b4a4521ff56ef27ddd32ddd1fb728ecb239b137818df65abaa2754cfd7ef1,1.02970981275781,333.984177813765,213.852261477437,0,0,,
G1-rwm-sequential,G1,rwm-sequential,completed,44be206ed15597428f2f965163db2756746d7387e5bd17314aca645dfc64bd73,48ca1e8129be33feab88ac5dd62bc4a1c962a2e3e92e9a579156bca202a8c6ea,2.03566453555968,3.04222562257259,10.1532064608988,0,,73,128
G1-rwm-online_picard,G1,rwm-online_picard,completed,61d7ee0cfa59f1cab0a2cd12f6e3cca2af379faba8df84a4605edaf1a5642da1,48ca1e8129be33feab88ac5dd62bc4a1c962a2e3e92e9a579156bca202a8c6ea,2.03566453555968,3.04222562257259,10.1532064608988,0,,73,128
G1-mala-sequential,G1,mala-sequential,completed,ce20e86f474f5c4f42f1b31205c2f15f27fd8c075a9aac91764207ee14395936,48ca1e8129be33feab88ac5dd62bc4a1c962a2e3e92e9a579156bca202a8c6ea,2.07098655628285,3.1022191848656,11.5090072737985,0,,125,128
G1-mala-quasi_deer,G1,mala-quasi_deer,completed,751f247ac5bb4b4830960b2316a73497708ba643ab9d9d433c129db0065909a6,48ca1e8129be33feab88ac5dd62bc4a1c962a2e3e92e9a579156bca202a8c6ea,2.07098211211768,3.10231048084403,11.5090072737985,0,,125,128
G1-nuts-cpu,G1,nuts-cpu,completed,2015b2e13f36f60c39271e1400cd74fe8bce20bc411f7301b122aabbfa86947c,48ca1e8129be33feab88ac5dd62bc4a1c962a2e3e92e9a579156bca202a8c6ea,1.02101117206298,632.291165442076,309.521466944629,0,0,,
G2-rwm-sequential,G2,rwm-sequential,completed,fb8164b118b7a01e62d199ba5dd5416bba3e14227824b7ae11a7e198386e8b39,84c0e9032ef5e931ac709735f70b58e4b673c336ffe7a9936c83cd1c32f5f794,3.09686542090285,2.55664908713094,8.87649207431099,1,,69,128
G2-rwm-online_picard,G2,rwm-online_picard,completed,b2f89b132e170cb86a31039fe4794188dc16ad8151a71a2260929a0aa66bdc05,84c0e9032ef5e931ac709735f70b58e4b673c336ffe7a9936c83cd1c32f5f794,3.09686542090285,2.55664908713094,8.87649207431099,1,,69,128
G2-mala-sequential,G2,mala-sequential,completed,34ee7b154aa630e845903c4ecd8b9ad6e523053f5bcfb0171c3dce5223927662,84c0e9032ef5e931ac709735f70b58e4b673c336ffe7a9936c83cd1c32f5f794,3.05739152702843,2.56222816966835,10.7954429518789,0,,127,128
G2-mala-quasi_deer,G2,mala-quasi_deer,completed,1225afca871b284731911a23fa95cc65ae12d252673ca23e9a2d8c6c8e10c9cd,84c0e9032ef5e931ac709735f70b58e4b673c336ffe7a9936c83cd1c32f5f794,3.05737336296541,2.56223371061296,11.4848046309696,0,,127,128
G2-nuts-cpu,G2,nuts-cpu,completed,2e4f642a1182d7fcb1a5ac62f666fb20f4649fc8a1df2552b1e253aa33394930,84c0e9032ef5e931ac709735f70b58e4b673c336ffe7a9936c83cd1c32f5f794,1.02979796374127,554.089754082043,202.456356720938,0,0,,
H1-rwm-sequential,H1,rwm-sequential,completed,996b81de1f784189c519d31ee5fa79dc458c19a53e04d05335bc558fb4dc7eb1,de058e73cc145578a54ba133673353787798e2147dc7c77127b105d75caa46ad,2.59841803495802,2.68560155104532,11.5090072737985,0,,84,128
H1-rwm-online_picard,H1,rwm-online_picard,completed,0cbedac39f2dcbb07bb2cc57d6906f711a87792a34059849b1c80ebd4637dcac,de058e73cc145578a54ba133673353787798e2147dc7c77127b105d75caa46ad,2.59841803495802,2.68560155104532,11.5090072737985,0,,84,128
H1-mala-sequential,H1,mala-sequential,completed,1961d5f4d16775dec87215125be1f3e5f01c31dcae4161e9d698fa33db00d753,de058e73cc145578a54ba133673353787798e2147dc7c77127b105d75caa46ad,2.4271397658071,2.75551424236428,11.4607035674798,0,,122,128
H1-mala-quasi_deer,H1,mala-quasi_deer,completed,b2d8e7f4ac54a939b0001c955d9a7e842dc0c3e08cb294e5051621eab53a3421,de058e73cc145578a54ba133673353787798e2147dc7c77127b105d75caa46ad,2.42641348581229,2.75584819099545,11.4607035674798,0,,122,128
H1-nuts-cpu,H1,nuts-cpu,completed,93c894f3700ed3578435ef1c58341c1507505ddfb24f259c1de492316eee9b14,de058e73cc145578a54ba133673353787798e2147dc7c77127b105d75caa46ad,1.4432548787735,4.15708016275013,28.3254313184305,0,0,,
H2-rwm-sequential,H2,rwm-sequential,completed,af27cce909422a9d81a618bc8cb8652b8052a9fb35f157c3eeb181819296c9f6,2735987f5040ea5791629470c01a05990378eb97e549af4db9f7adf93730262c,2.32066798817578,2.28571428571429,9.34746760895171,1,,76,128
H2-rwm-online_picard,H2,rwm-online_picard,completed,9e66c02c1f1dd2aa581ba1f072601f79f0269b11efc4906f0d52f4f0157d25e0,2735987f5040ea5791629470c01a05990378eb97e549af4db9f7adf93730262c,2.32066798817578,2.28571428571429,9.34746760895171,1,,76,128
H2-mala-sequential,H2,mala-sequential,completed,4780b57efcddb2ee0f50891a96e31a186623ac7f7adfe585fcad9d61088e7890,2735987f5040ea5791629470c01a05990378eb97e549af4db9f7adf93730262c,2.30642868658201,2.28571428571429,13.223469027207,1,,126,128
H2-mala-quasi_deer,H2,mala-quasi_deer,completed,73b53b5242a004762ceb121411741904301a20ba50b0bfe30581b6e9db2750c4,2735987f5040ea5791629470c01a05990378eb97e549af4db9f7adf93730262c,2.30642105513004,2.28571428571429,13.223469027207,1,,126,128
H2-nuts-cpu,H2,nuts-cpu,completed,1637c1e002c593db1129a2570d3f9c5756023b318d25a1d124b42c90e3205d8e,2735987f5040ea5791629470c01a05990378eb97e549af4db9f7adf93730262c,1.00353536657961,384.375052522799,235.960894929903,0,0,,
L1-rwm-sequential,L1,rwm-sequential,completed,d061dfcb99ee570718c5c6007e620ef7a525e6985bc4d7e62ebf801af73ba97f,9a64d46bf82d2386c5de9ddfe4fe19628eb9c9eac4f2444daf273ae643127569,2.76156811741549,2.63629272442809,9.95577857926926,0,,82,128
L1-rwm-online_picard,L1,rwm-online_picard,completed,db6b08c4bf640d61fca6cccb6a46ffdb679f9d02a7fa5a89cbf815ffb4d8350f,9a64d46bf82d2386c5de9ddfe4fe19628eb9c9eac4f2444daf273ae643127569,2.76156811741549,2.63629272442809,9.95577857926926,0,,82,128
L1-mala-sequential,L1,mala-sequential,completed,fe4b64244e5029d3184d9913b4d15a5db62c52d94e8baa03b416530f0d9bb6ad,9a64d46bf82d2386c5de9ddfe4fe19628eb9c9eac4f2444daf273ae643127569,1.69117581333886,3.56741956264626,11.5090072737985,0,,125,128
L1-mala-quasi_deer,L1,mala-quasi_deer,completed,a372beb28c936cf7a330b1ecb5832630547ba2f14a4c360cc819543b64250788,9a64d46bf82d2386c5de9ddfe4fe19628eb9c9eac4f2444daf273ae643127569,1.69117393375576,3.56748192399897,11.5090072737985,0,,125,128
L1-nuts-cpu,L1,nuts-cpu,completed,e105c2e25c6673fc4abc24f366496f2303b6a73d94fef8c7eea24b6623a5302b,9a64d46bf82d2386c5de9ddfe4fe19628eb9c9eac4f2444daf273ae643127569,1.01595923790657,469.174224190336,316.328292456803,0,0,,
L2-rwm-sequential,L2,rwm-sequential,completed,b7448f39aae444f0fc046ba4b955e992ff57bd8fb0bd8cb736cd1c93ba9b606f,68c167facdb33e2c774eea7cbaddd87bd70635eb0ac863856691e28e5feab574,1.87531887793503,3.21079857960151,11.2537445714792,1,,82,128
L2-rwm-online_picard,L2,rwm-online_picard,completed,29be0e0cda42134731c0f331e856e415e264398a6f9696e890fe51f11140bf8a,68c167facdb33e2c774eea7cbaddd87bd70635eb0ac863856691e28e5feab574,1.87531887793503,3.21079857960151,11.2537445714792,1,,82,128
L2-mala-sequential,L2,mala-sequential,completed,7fdd43fba930c7e480eb86c672df43ce2660af0483539568b34168865983d073,68c167facdb33e2c774eea7cbaddd87bd70635eb0ac863856691e28e5feab574,1.74508826181357,3.39685508679823,11.6233151017232,1,,127,128
L2-mala-quasi_deer,L2,mala-quasi_deer,completed,522f3e1ed36d1860286252e15b0a35ae8ac259c9f506a8bc3a44531dd01ba9d2,68c167facdb33e2c774eea7cbaddd87bd70635eb0ac863856691e28e5feab574,1.74508030263513,3.39681011539483,11.6233151017232,1,,127,128
L2-nuts-cpu,L2,nuts-cpu,completed,50c1bcbe49a5fa8be9ab09ae07e00f4ed54ec60d8b739830f19375f8e34a3871,68c167facdb33e2c774eea7cbaddd87bd70635eb0ac863856691e28e5feab574,1.02398936345749,940.757622241171,277.539087611368,1,0,,
M1-rwm-sequential,M1,rwm-sequential,completed,3cc7b04be795469c0faa9c9b884a7bc68f28cd277040f594d3c5dd0784fdabba,0615caae7e056e8ce66192443a19655eccf63855fe6252cb35040643e17b9907,2.53411056719688,2.28571428571429,13.7152732771657,1,,79,128
M1-rwm-online_picard,M1,rwm-online_picard,completed,a1cf6dc69d023c239fc1190d470494468bb84f81e7b54d8595c8254127fd879c,0615caae7e056e8ce66192443a19655eccf63855fe6252cb35040643e17b9907,2.53411056719688,2.28571428571429,13.7152732771657,1,,79,128
M1-mala-sequential,M1,mala-sequential,completed,3b4446e537d2980ab09db401246652f7d14402c18a6d38d062b6c7de7ce2f8f4,0615caae7e056e8ce66192443a19655eccf63855fe6252cb35040643e17b9907,2.0434382122091,2.28571428571429,11.4607035674798,1,,127,128
M1-mala-quasi_deer,M1,mala-quasi_deer,completed,51b536f9a72ebcbc00465065c257bbac6150e719168cdbc96f09f79a67cf3e7c,0615caae7e056e8ce66192443a19655eccf63855fe6252cb35040643e17b9907,2.0434382122091,2.28571428571429,11.4607035674798,1,,127,128
M1-nuts-cpu,M1,nuts-cpu,completed,e99709b06f09fbc9053c7537763f8dd1d8fe8d08a0f1b56eb957ea3789676b2d,0615caae7e056e8ce66192443a19655eccf63855fe6252cb35040643e17b9907,1.82835515619291,2.06451612903226,87.044271458469,1,0,,
W1-rwm-sequential,W1,rwm-sequential,completed,eace4c4a8b0d71d29f4bb2904755644b0c9eaee8611651d44d13e3fb5b67e124,c8ab3834a81d611f11f364e65ad282fdc0755916beaeeab0289a482e13fac9aa,1.28494902099424,6.07794668150003,12.8746261089987,1,,83,128
W1-rwm-online_picard,W1,rwm-online_picard,completed,bb7fe5d7468b2375988463de19db7cd4e02b04622afb02fd00d7e1a2b62b49e3,c8ab3834a81d611f11f364e65ad282fdc0755916beaeeab0289a482e13fac9aa,1.28494902099424,6.07794668150003,12.8746261089987,1,,83,128
W1-mala-sequential,W1,mala-sequential,completed,ef800a11eefaa21ef69de02c613ec101b358148010e4b6bccaba3b559d15211e,c8ab3834a81d611f11f364e65ad282fdc0755916beaeeab0289a482e13fac9aa,1.46261570700363,4.59795667630803,12.7571943220473,1,,126,128
W1-mala-quasi_deer,W1,mala-quasi_deer,completed,74007fb6135f3d5e637312d8bcc916a867ca333d8938419cfd8c5bf00a1bd579,c8ab3834a81d611f11f364e65ad282fdc0755916beaeeab0289a482e13fac9aa,1.46261396656345,4.59782103708692,12.7571943220473,1,,126,128
W1-nuts-cpu,W1,nuts-cpu,completed,adbabc7f1cdff5871eec30befb04cca1a426bec5af4aa461c29f3bf618b8a347,c8ab3834a81d611f11f364e65ad282fdc0755916beaeeab0289a482e13fac9aa,1.0062591920121,471.345545534459,374.626060492967,1,0,,
