audit_api_speed_ratio,both_completed,chains,device,draws,jvp_per_transition,kernel,mapping_per_transition,model,normal_speed_ratio,replicate,warmed_speed_ratio,window
1.2567249482313096,True,4,cpu,512,0.0,rwm,4.68359375,L2,1.522049554414993,0,1.5971314274343371,16
1.289585379052653,True,4,cuda,512,0.0,rwm,6.59375,G1,1.4485804547731276,1,1.4062822517910067,16
2.1893451221082842,True,4,cpu,512,0.0,rwm,2.2734375,G2,2.675047945694353,3,3.198091903271983,16
0.4945329900005835,True,4,cuda,512,5.96875,mala,11.9375,H2,0.45687084453114507,1,0.4731354121717695,16
0.18219378447812976,True,4,cuda,128,14.375,mala,28.75,A1,0.16333551097134208,0,0.16309748188447298,16
0.1278104449416735,True,4,cpu,128,14.75,mala,29.5,A1,0.10735000781826584,2,0.11053465908939497,16
0.16626273669723485,True,4,cuda,512,14.71875,mala,29.4375,A1,0.1806582804472767,3,0.17969455148814747,16
0.1921490034017321,True,4,cpu,512,11.6875,mala,23.375,H1,0.17926174925955335,2,0.1765922502018603,16
0.4137324931109964,True,4,cuda,128,6.0,mala,12.0,G1,0.4141627841785184,0,0.373739373262619,16
1.2945469640204492,True,4,cuda,128,0.0,rwm,6.78125,G1,1.3412075435396762,3,0.7082211486993267,16
0.25034747990375494,True,4,cuda,512,11.625,mala,23.25,H1,0.2533125642897398,1,0.2623115425402081,16
1.6047925791219313,True,4,cuda,128,0.0,rwm,6.53125,H1,1.7291717995816487,1,1.9914027106692045,16
1.8982093334030068,True,4,cuda,128,0.0,rwm,6.8125,M1,2.692191071586053,2,1.8804376288266922,16
0.14576245613077263,True,4,cpu,512,10.90625,mala,21.8125,L1,0.11573101309644947,2,0.12156453799458962,16
0.81661873045678,True,4,cpu,128,0.0,rwm,5.78125,L1,0.9768083333236547,0,0.8596093831151717,16
0.2381007367229978,True,4,cuda,512,11.15625,mala,22.3125,G2,0.24206330304463353,0,0.23299056194884274,16
0.2166382225252331,True,4,cpu,128,6.0,mala,12.0,G1,0.204945651372331,2,0.2016402263691972,16
1.3772276922798874,True,4,cpu,128,0.0,rwm,3.328125,L2,0.9794421761145689,1,2.0513653875173246,16
0.8337965072887794,True,4,cpu,512,0.0,rwm,6.421875,L1,0.8315881651455833,1,0.789246935758963,16
2.1535288300871285,True,4,cuda,512,0.0,rwm,2.18359375,G2,3.983845618183967,2,3.9944315002450734,16
0.5609477547967123,True,4,cuda,512,6.03125,mala,12.0625,M1,0.5099401545762519,1,0.50278721790122,16
0.9533023173547095,True,4,cpu,128,0.0,rwm,4.5,L1,1.0166026329878421,2,0.9496437010288423,16
0.49003694397811687,True,4,cuda,512,6.0625,mala,12.125,H2,0.5015681702328213,2,0.4575457458991967,16
0.8744752791620166,True,4,cpu,512,0.0,rwm,6.375,H2,1.2914128710307076,2,1.4182471422036156,16
0.2528949163908015,True,4,cuda,128,11.0,mala,22.0,G2,0.24294141853339948,2,0.22394297949388461,16
0.3060582188182941,True,4,cpu,128,6.0,mala,12.0,H2,0.35832788470935445,0,0.3533116665784739,16
0.3512319162439991,True,4,cpu,512,6.03125,mala,12.0625,M1,0.2213777173212734,1,0.2255735226072211,16
1.258357079707235,True,4,cuda,512,0.0,rwm,6.88671875,M1,1.626160817223021,0,1.6760734182133044,16
1.316897120222259,True,4,cuda,128,0.0,rwm,5.859375,H1,1.5311369685277436,2,1.9068915844257417,16
0.1546757795765008,True,4,cpu,128,11.0,mala,22.0,G2,0.1387534720735905,3,0.13471028371267166,16
0.7888882319835282,True,4,cpu,128,0.0,rwm,6.15625,G1,0.7939565090905243,0,0.8805035749599281,16
1.163518899356429,True,4,cpu,512,0.0,rwm,6.62890625,H2,1.3630569268243526,1,1.3912956201831843,16
0.26439637836263097,True,4,cuda,512,12.0625,mala,24.125,L2,0.20766156158426008,3,0.19267977261753602,16
0.11611475061384702,True,4,cpu,128,14.75,mala,29.5,A1,0.1033887311571174,3,0.1041087713653869,16
1.0373777216900246,True,4,cuda,128,0.0,rwm,7.328125,M1,1.5705601507004192,0,1.408174699700873,16
0.837707574077129,True,4,cpu,128,0.0,rwm,5.53125,L1,0.64907161018524,3,0.8596559431599554,16
0.15365944537321258,True,4,cpu,128,11.0,mala,22.0,G2,0.14562270850296893,2,0.13521988212488892,16
2.112458742672343,True,4,cpu,128,0.0,rwm,2.46875,G2,2.7946419206979725,3,2.409912567798569,16
0.14923165401475663,True,4,cpu,512,11.15625,mala,22.3125,G2,0.14116609952902084,0,0.13664678885333553,16
1.2291473946936626,True,4,cpu,512,0.0,rwm,5.8828125,H1,1.4407051324389293,3,1.531917119424986,16
1.3996797144239894,True,4,cuda,512,0.0,rwm,6.48828125,H1,1.8424006002679358,0,1.5001582300430747,16
0.14704519214835887,True,4,cpu,512,11.1875,mala,22.375,G2,0.13870030251343343,1,0.14260849022333338,16
0.15007356154187074,True,4,cpu,512,11.125,mala,22.25,G2,0.13692797361978684,2,0.12892055486458168,16
0.18583216206446407,True,4,cpu,128,12.375,mala,24.75,L2,0.13722057001452237,2,0.12381042902254329,16
0.863953346189669,True,4,cuda,128,0.0,rwm,6.15625,G1,1.291501542465702,0,1.2588733269909034,16
0.2684659490337955,True,4,cuda,128,12.25,mala,24.5,L2,0.19852953672950288,0,0.18826474427969875,16
0.21972471538902796,True,4,cuda,128,11.0,mala,22.0,L1,0.20867701419671164,2,0.2390163824643623,16
0.13814500020493467,True,4,cpu,512,10.71875,mala,21.4375,L1,0.1295223854860773,0,0.11911755475683698,16
0.20540210318337784,True,4,cuda,128,11.375,mala,22.75,L1,0.19330633271299016,3,0.20987205966894731,16
1.3104469625071067,True,4,cuda,128,0.0,rwm,5.53125,L1,1.7340174854755863,3,1.6164141942088563,16
1.184849187513108,True,4,cuda,512,0.0,rwm,6.62890625,M1,1.43596110677259,3,1.235511388015268,16
0.11968703874007489,True,4,cpu,512,14.90625,mala,29.8125,A1,0.09872964510883528,0,0.09996949497326808,16
0.8912010890085722,True,4,cpu,128,0.0,rwm,5.671875,M1,1.2589022837500365,1,1.0300613965786314,16
0.4849489229174705,True,4,cuda,512,6.125,mala,12.25,M1,0.4159677781715827,0,0.48877129526702373,16
0.2575848146351294,True,4,cuda,512,12.0,mala,24.0,L2,0.19858145737660707,1,0.19552294794131175,16
2.0267591621288807,True,4,cpu,128,0.0,rwm,2.0,A1,2.673525738701777,2,3.2286880120999357,16
1.2645504179451468,True,4,cuda,512,0.0,rwm,4.68359375,L2,1.9193615579861885,0,2.7714171635616056,16
0.41807421194958266,True,4,cuda,512,5.96875,mala,11.9375,G1,0.4121076970096576,3,0.38268220929448377,16
0.30267947964265585,True,4,cuda,128,9.75,mala,19.5,H1,0.2944801146433159,2,0.3138283913864561,16
1.6843779765066016,True,4,cuda,512,0.0,rwm,6.890625,G1,1.4588171087186868,3,1.3487461048878684,16
0.15349218449473714,True,4,cpu,128,11.0,mala,22.0,G2,0.14519036954794728,0,0.13858419304637973,16
0.2348426478465296,True,4,cuda,128,11.0,mala,22.0,G2,0.2313039068372983,3,0.2215789746946569,16
0.13470108734819927,True,4,cpu,128,14.75,mala,29.5,A1,0.11784654368444045,1,0.10253247225294747,16
0.26063940757802506,True,4,cuda,512,12.0625,mala,24.125,L2,0.20937964546908924,2,0.19152253309528156,16
1.179915479233396,True,4,cuda,128,0.0,rwm,6.21875,G1,1.2745417534029388,2,0.9345667707467487,16
0.2358251129130676,True,4,cuda,512,11.6875,mala,23.375,H1,0.23550788562115096,2,0.2518933848400845,16
2.2674995718904913,True,4,cuda,128,0.0,rwm,5.734375,G1,1.619255550947611,1,1.3879516311915825,16
1.2785780418983865,True,4,cpu,128,0.0,rwm,6.65625,H2,1.570268993707278,1,1.3477206374696151,16
0.21475087104048915,True,4,cpu,128,10.0,mala,20.0,H1,0.20721229360743273,1,0.20651763152840846,16
1.338320861978232,True,4,cuda,512,0.0,rwm,4.89453125,L2,2.627078968250206,2,2.3595038086205458,16
0.21471428203163728,True,4,cuda,512,10.8125,mala,21.625,L1,0.21665037326219172,1,0.23730166116333062,16
0.3378782114500883,True,4,cpu,128,6.0,mala,12.0,H2,0.35451605844016887,2,0.36042369251723044,16
0.1821560394485674,True,4,cpu,512,11.03125,mala,22.0625,G2,0.14366909627042354,3,0.14997045702481063,16
0.1530442727427799,True,4,cpu,128,11.125,mala,22.25,L1,0.1255078546237274,0,0.12300255364993543,16
0.1820312872043832,True,4,cuda,128,14.75,mala,29.5,A1,0.1769731338686585,1,0.1652698481152159,16
0.1422808766205502,True,4,cpu,512,10.875,mala,21.75,L1,0.12341042978294946,3,0.12231974912029385,16
0.13522581755122462,True,4,cpu,128,11.0,mala,22.0,L1,0.11790075178499491,2,0.12055394629626236,16
1.7115464949329657,True,4,cuda,128,0.0,rwm,6.890625,H2,1.638442769610065,0,1.4533234021599808,16
1.3936374222111607,True,4,cpu,128,0.0,rwm,6.53125,H1,1.0717804617988314,1,1.7033851819547465,16
1.581398938465549,True,4,cuda,512,0.0,rwm,6.67578125,G1,1.547882882590871,0,1.298707960805341,16
1.3762796194053966,True,4,cuda,512,0.0,rwm,7.22265625,M1,1.5270130621369808,2,1.3932315832175217,16
1.5016548549769153,True,4,cpu,512,0.0,rwm,6.91015625,H2,1.250488883599247,3,1.3838548421643686,16
0.2903902738527634,True,4,cuda,512,10.15625,mala,20.3125,H1,0.30233013346097076,0,0.2864307639624937,16
0.2547321646597465,True,4,cuda,512,10.875,mala,21.75,L1,0.23418678765457102,3,0.21387427958717636,16
0.23835686429240455,True,4,cuda,128,12.125,mala,24.25,L2,0.2082861748590103,3,0.1974367143881635,16
0.32318272392302716,True,4,cpu,128,6.5,mala,13.0,M1,0.2134261106002245,2,0.2024482987377958,16
0.19836912647434163,True,4,cpu,128,6.375,mala,12.75,G1,0.1897316830956125,3,0.1900061449165995,16
0.24280240498503777,True,4,cuda,512,11.125,mala,22.25,G2,0.22372826397775092,2,0.2166218335079129,16
2.419599283773708,True,4,cpu,128,0.0,rwm,2.0,G2,2.1421961603337554,2,3.1563420342583273,16
4.393086288713778,True,4,cuda,128,0.0,rwm,2.0,G2,4.109784102363947,0,9.71826851272276,16
1.2278202959407647,True,4,cuda,512,0.0,rwm,6.1875,L1,1.3344625121888667,3,1.3765824113730005,16
1.5996843530560796,True,4,cuda,512,0.0,rwm,6.1328125,L1,1.186778210347946,0,1.4686210191562727,16
1.7906272076308285,True,4,cuda,128,0.0,rwm,4.828125,H1,2.065080615540913,3,2.123272771594613,16
0.32201637543329376,True,4,cuda,128,9.625,mala,19.25,H1,0.2963247401789938,3,0.3009948987817497,16
0.22758094203051027,True,4,cuda,512,10.90625,mala,21.8125,L1,0.21529171234548777,2,0.22579908519235148,16
0.7217624279699544,True,4,cpu,512,0.0,rwm,6.28515625,L1,0.8164645786538807,2,0.7580953977193449,16
0.6781812276427094,True,4,cpu,128,0.0,rwm,6.78125,G1,0.7803790013890228,3,0.9509994704643085,16
0.5114207514444759,True,4,cuda,512,5.96875,mala,11.9375,H2,0.5408145677483673,0,0.5372504915031022,16
0.9267879086894991,True,4,cpu,512,0.0,rwm,6.88671875,M1,0.802406749166048,0,0.8929765368048358,16
2.390631202829603,True,4,cuda,512,0.0,rwm,2.3125,G2,3.593651960993534,0,4.764619467360026,16
1.6612212455777753,True,4,cuda,128,0.0,rwm,5.921875,H1,1.7364914659773605,0,1.5846174925839582,16
0.5281768337577222,True,4,cuda,128,6.125,mala,12.25,M1,0.47564061594985396,1,0.5067115683051227,16
1.1976307976593363,True,4,cuda,512,0.0,rwm,5.0859375,L2,1.7024779757405026,1,1.8926367445173367,16
3.3765168040146305,True,4,cuda,128,0.0,rwm,2.0,A1,3.725335957297724,2,5.004895791621222,16
1.610893617278171,True,4,cuda,128,0.0,rwm,3.328125,L2,3.5449712301406007,1,3.216635783472484,16
1.247623532820153,True,4,cuda,128,0.0,rwm,5.671875,M1,1.3686516415795937,1,2.2110764305086876,16
0.31360609956533153,True,4,cpu,128,9.75,mala,19.5,H1,0.21132470995582586,2,0.21658900607890097,16
1.3528922799308054,True,4,cuda,512,0.0,rwm,6.8515625,H2,1.3145279215691175,0,1.700240597522459,16
0.5289624381471666,True,4,cuda,128,6.0,mala,12.0,H2,0.43595302476809605,3,0.45795081788655834,16
0.2607978158963029,True,4,cuda,128,11.0,mala,22.0,G2,0.2552925765127775,0,0.2476641724675358,16
2.767305645144534,True,4,cuda,512,0.0,rwm,2.3671875,G2,3.458104479959477,1,2.6437833585473083,16
0.38169779405201965,True,4,cpu,512,5.96875,mala,11.9375,H2,0.33665851010122416,0,0.33937163045569785,16
1.2359122284469972,True,4,cpu,512,0.0,rwm,4.6796875,L2,1.4948791236468548,3,1.5675187208608827,16
2.200062433582768,True,4,cpu,512,0.0,rwm,2.0,A1,2.9369427378065995,1,2.8071148182534986,16
1.9725504949399135,True,4,cuda,512,0.0,rwm,6.62890625,H2,1.5710885193965998,1,1.583076426918255,16
2.23521016862678,True,4,cuda,128,0.0,rwm,3.3125,L2,1.6437323049036814,3,2.761788167147782,16
0.1829874904085347,True,4,cuda,128,14.75,mala,29.5,A1,0.1762716531086998,2,0.1625447800224296,16
0.12962966228076528,True,4,cpu,128,14.375,mala,28.75,A1,0.10418317820430908,0,0.10273857171123653,16
3.7130104457001694,True,4,cuda,128,0.0,rwm,2.0,A1,3.082697052640275,1,4.631019926062177,16
1.29979462600961,True,4,cuda,128,0.0,rwm,5.640625,H2,2.0516414202148945,2,1.7901111454862995,16
0.33394803944263396,True,4,cpu,512,6.09375,mala,12.1875,M1,0.2215078267647129,2,0.22621279931791852,16
0.20131940746615318,True,4,cpu,512,11.625,mala,23.25,H1,0.1787034583534633,1,0.1734146054300986,16
0.26515741799886894,True,4,cuda,128,11.5,mala,23.0,H1,0.23198345823660718,0,0.2281862716682824,16
0.5435164435188994,True,4,cuda,512,6.09375,mala,12.1875,M1,0.5242481626736667,2,0.4740594062585293,16
1.4180334437891935,True,4,cpu,128,0.0,rwm,5.921875,H1,2.0958119751894624,0,1.4469951028754635,16
1.3774721493771924,True,4,cuda,512,0.0,rwm,6.375,H2,1.3310211359105957,2,1.1244172864660815,16
1.1602160562110615,True,4,cpu,512,0.0,rwm,6.890625,G1,0.8425309303473063,3,0.8969519048958656,16
1.3975316949805865,True,4,cpu,128,0.0,rwm,2.96875,L2,1.9644889816315996,2,2.4083825173807614,16
0.2862727201605364,True,4,cuda,128,10.0,mala,20.0,H1,0.2646747111165706,1,0.2659691068584449,16
0.6086789060014646,True,4,cuda,128,6.25,mala,12.5,M1,0.5308047296841938,3,0.5028317850287429,16
0.2854340165111928,True,4,cuda,512,10.9375,mala,21.875,H1,0.26636341623099424,3,0.26610233653884086,16
2.702355741093627,True,4,cuda,128,0.0,rwm,2.46875,G2,3.852053977627886,3,2.753060119410571,16
1.9894351273838102,True,4,cuda,512,0.0,rwm,6.73046875,H1,1.6072784098603894,1,1.7978585422557765,16
0.17970777845439542,True,4,cpu,512,12.0625,mala,24.125,L2,0.132478240031105,3,0.1316351363727755,16
1.1792625821651188,True,4,cpu,128,0.0,rwm,4.828125,H1,1.4214727940998757,3,1.7458352386952316,16
0.8390379011991367,True,4,cpu,512,0.0,rwm,6.67578125,G1,0.8478461728647035,0,0.8329779863243119,16
3.298446267978765,True,4,cuda,128,0.0,rwm,2.0,A1,2.983508824619468,0,4.8448050113100525,16
1.3297155080413938,True,4,cpu,512,0.0,rwm,6.48828125,H1,1.3823839487132565,0,1.3866438036695479,16
0.32882660692317656,True,4,cpu,512,6.125,mala,12.25,M1,0.21532696768510828,0,0.22309670971637602,16
0.20424517214686186,True,4,cpu,512,12.0,mala,24.0,L2,0.15522500031955014,1,0.14534683274414834,16
1.6400249090213002,True,4,cuda,512,0.0,rwm,6.546875,H1,1.7010543987604194,2,1.9511223391285952,16
0.4798277560395507,True,4,cuda,128,6.0,mala,12.0,H2,0.4675977829908215,2,0.5023210850076668,16
0.11584608428290884,True,4,cpu,512,14.65625,mala,29.3125,A1,0.11226993239430927,2,0.1059060891642715,16
3.246204495099746,True,4,cuda,128,0.0,rwm,2.0,G2,4.223627938087224,2,5.633233631213714,16
0.3365342390925725,True,4,cpu,512,6.0625,mala,12.125,H2,0.3298031542136112,2,0.3390539330361017,16
3.421710920476618,True,4,cuda,512,0.0,rwm,2.0,A1,4.696651720947198,1,4.18837748873883,16
0.17945295158402222,True,4,cuda,512,14.59375,mala,29.1875,A1,0.1674758002082247,1,0.1621154791579587,16
0.45594654972636406,True,4,cuda,128,6.0,mala,12.0,G1,0.46922132228213065,2,0.4748039079516778,16
3.185204402199416,True,4,cuda,512,0.0,rwm,2.0,A1,4.602847910326177,0,5.08093287648599,16
0.513601949380244,True,4,cuda,128,6.0,mala,12.0,H2,0.49372611133062805,0,0.532874263801357,16
1.1446951528569902,True,4,cpu,128,0.0,rwm,5.640625,H2,1.5100317439266355,2,1.1836273357684224,16
0.8636325196075397,True,4,cpu,512,0.0,rwm,6.8515625,H2,1.0228793376997278,0,1.5628664853565235,16
1.6638768755430775,True,4,cpu,512,0.0,rwm,6.73046875,H1,1.3335966602992757,1,1.3342798440915158,16
0.2703386490085987,True,4,cuda,128,11.0,mala,22.0,G2,0.26129982709967703,1,0.2464966262400828,16
3.121113117225916,True,4,cuda,128,0.0,rwm,2.0,G2,3.82123465202172,1,4.826133129278283,16
0.9579493004506859,True,4,cpu,128,0.0,rwm,6.828125,M1,0.7995940900493949,3,0.8896830074169952,16
1.6457667604383241,True,4,cuda,512,0.0,rwm,5.8828125,H1,1.4442003849069622,3,1.7390903500101855,16
2.06108435917236,True,4,cpu,512,0.0,rwm,2.0,A1,3.3194134518019003,0,3.3544640676191344,16
1.1522127953183356,True,4,cuda,512,0.0,rwm,6.45703125,G1,1.2435328542945718,2,1.361860201299204,16
0.33762942278974084,True,4,cpu,512,6.21875,mala,12.4375,M1,0.22884774318188406,3,0.221201757479828,16
3.2350080364370584,True,4,cpu,128,0.0,rwm,2.0,G2,2.7821413579562995,0,4.2833050071348735,16
0.1805513018191143,True,4,cuda,512,14.65625,mala,29.3125,A1,0.1891655818530548,2,0.16988164943585152,16
0.7649550059639827,True,4,cpu,128,0.0,rwm,7.328125,M1,0.7544377001057175,0,0.9127119020888294,16
0.9853370892608435,True,4,cpu,512,0.0,rwm,6.1328125,L1,0.8633481813847319,0,0.7452855118150041,16
0.9576831307541038,True,4,cpu,512,0.0,rwm,6.62890625,M1,0.9215046489008254,3,0.9069675687080712,16
0.20962222399866606,True,4,cpu,128,12.25,mala,24.5,L2,0.16831758004615816,0,0.14366135768689825,16
0.48743850684430184,True,4,cpu,128,6.0,mala,12.0,H2,0.3793565321476325,3,0.3576400836065941,16
1.514755333749014,True,4,cuda,128,0.0,rwm,5.78125,L1,1.2387907539818275,0,1.6774032617164025,16
1.3797907805582939,True,4,cuda,512,0.0,rwm,6.28515625,L1,1.6985684344423908,2,1.57570599741757,16
5.003920160850173,True,4,cuda,128,0.0,rwm,4.59375,L1,2.0390178637230405,1,2.5834055619214427,16
0.13914760249105282,True,4,cpu,512,10.8125,mala,21.625,L1,0.11887871673406791,1,0.12435539037329926,16
1.6291050139453171,True,4,cpu,512,0.0,rwm,2.3671875,G2,2.761946585953649,1,2.9130590372886487,16
3.44246253148417,True,4,cuda,512,0.0,rwm,2.2734375,G2,3.8430354214845943,3,5.038568652238518,16
0.24263175686614308,True,4,cuda,128,12.125,mala,24.25,L2,0.1841078898019019,1,0.19119022168999608,16
0.2198235258653623,True,4,cpu,128,9.625,mala,19.25,H1,0.20887173449555863,3,0.21629977518438473,16
3.4032854859168187,True,4,cuda,512,0.0,rwm,2.0,A1,4.963576978295306,3,3.9814055585596515,16
0.25782173514231205,True,4,cuda,128,12.375,mala,24.75,L2,0.2119546059030184,2,0.1989110728637442,16
1.8533778699977443,True,4,cpu,512,0.0,rwm,2.18359375,G2,2.505417127204604,2,3.704421955692387,16
4.180731099276673,True,4,cuda,128,0.0,rwm,2.0,A1,5.422522408966683,3,5.150658559400097,16
1.2348895125417279,True,4,cuda,128,0.0,rwm,7.046875,H2,1.37287318498619,3,1.3827266574923192,16
0.4432246212405023,True,4,cuda,128,6.0,mala,12.0,G1,0.44048375438768944,1,0.4648091678975761,16
0.44473944124590703,True,4,cpu,128,6.125,mala,12.25,M1,0.2268209820377564,1,0.225459856222271,16
0.8481061054406869,True,4,cpu,512,0.0,rwm,6.5625,M1,0.7355075630281881,1,0.9278047130157602,16
1.6363728621879257,True,4,cuda,128,0.0,rwm,2.96875,L2,2.194611935763558,2,4.059501122788545,16
1.4313512211978623,True,4,cuda,128,0.0,rwm,4.5,L1,1.5950862281048244,2,1.733373389292673,16
0.5029854063990985,True,4,cuda,512,6.21875,mala,12.4375,M1,0.538217857994778,3,0.507101861731202,16
0.3792602456094958,True,4,cuda,512,6.03125,mala,12.0625,G1,0.36756535212400576,0,0.41059419188743035,16
1.217754109255806,True,4,cpu,512,0.0,rwm,4.89453125,L2,1.4178922131981297,2,1.517999476755531,16
2.193247261638447,True,4,cpu,512,0.0,rwm,2.3125,G2,2.402349527643147,0,2.9224983446830772,16
0.14837468326501466,True,4,cpu,128,11.0,mala,22.0,G2,0.15164787104136382,1,0.12945656603750344,16
0.2549385532034913,True,4,cpu,128,6.0,mala,12.0,G1,0.21392879323294417,1,0.2037085495567672,16
0.5606211765660856,True,4,cuda,128,6.125,mala,12.25,M1,0.5203234583562812,0,0.5207800393754111,16
0.8156431297182545,True,4,cpu,512,0.0,rwm,6.45703125,G1,0.9227826796276702,2,0.800877101860505,16
0.23823711752110852,True,4,cuda,512,11.03125,mala,22.0625,G2,0.21710718706225937,3,0.22002480773023544,16
0.8068480554400423,True,4,cpu,512,0.0,rwm,6.59375,G1,0.8506213582545661,1,0.790095939876847,16
1.7547958141917441,True,4,cuda,128,0.0,rwm,6.65625,H2,1.64654002339677,1,1.5283547324619693,16
0.657023786389975,True,4,cuda,512,5.875,mala,11.75,G1,0.4137332905404777,1,0.4251409562064291,16
1.2015618460289907,True,4,cpu,512,0.0,rwm,5.0859375,L2,1.4004876863524016,1,1.4565791138745885,16
0.3965169192474262,True,4,cpu,128,6.125,mala,12.25,M1,0.2317117957060486,0,0.21648740859586327,16
1.3580404690726768,True,4,cpu,128,0.0,rwm,3.3125,L2,2.340051715629974,3,2.2381058875128623,16
0.2418532514262567,True,4,cuda,128,11.125,mala,22.25,L1,0.23418826072094356,0,0.25672082586692946,16
0.12482497775878766,True,4,cpu,512,14.71875,mala,29.4375,A1,0.10345997583859433,3,0.10233165090481383,16
2.162402704521518,True,4,cpu,512,0.0,rwm,2.0,A1,2.5681792902008014,2,3.877839313605446,16
0.26859569607386835,True,4,cuda,512,10.71875,mala,21.4375,L1,0.24595697995338414,0,0.21795576258404895,16
1.3423646534035452,True,4,cpu,128,0.0,rwm,5.859375,H1,1.4337416062625794,2,1.4907691386193849,16
1.6558510932972126,True,4,cpu,512,0.0,rwm,6.546875,H1,1.4027673176856748,2,1.4183260666198403,16
1.7295401112941422,True,4,cuda,128,0.0,rwm,3.234375,L2,2.3164216409976244,0,3.130296119764479,16
2.3256448464667856,True,4,cpu,512,0.0,rwm,2.0,A1,3.3381241544242215,3,3.745546895390236,16
0.25624390062553054,True,4,cpu,512,5.875,mala,11.75,G1,0.19846927309090007,1,0.19884169302483645,16
0.19617068953475572,True,4,cpu,128,11.5,mala,23.0,H1,0.18255799098442932,0,0.17779633503327535,16
0.22591504659152284,True,4,cpu,512,6.03125,mala,12.0625,G1,0.20301755725309134,0,0.20252153338790252,16
0.19761364736559406,True,4,cuda,128,14.75,mala,29.5,A1,0.18134370346644338,3,0.17423076251732172,16
0.31425028616078143,True,4,cpu,128,6.0,mala,12.0,G1,0.2189393500793759,0,0.1939777014375983,16
1.7536804089466425,True,4,cpu,128,0.0,rwm,2.0,A1,1.6411755364258402,1,4.333165819346035,16
0.2156663486474574,True,4,cpu,512,10.15625,mala,20.3125,H1,0.20318219541145305,0,0.20446713806088498,16
0.1838386957414461,True,4,cpu,512,12.0625,mala,24.125,L2,0.13292735483794318,0,0.12705170265494778,16
1.7799634674405331,True,4,cpu,128,0.0,rwm,2.0,A1,3.3742756660779376,3,2.469010827130079,16
0.1442210833856005,True,4,cpu,128,11.125,mala,22.25,L1,0.11619368005432006,1,0.12390891287562933,16
0.9351431501983087,True,4,cpu,512,0.0,rwm,7.22265625,M1,0.9242292497923101,2,0.9631646762896776,16
0.4330668759033577,True,4,cuda,128,6.375,mala,12.75,G1,0.42275980805969415,3,0.40576057441677177,16
1.5941448440620196,True,4,cuda,512,0.0,rwm,6.91015625,H2,1.4444694551648898,3,1.2750578086719877,16
0.342653594570018,True,4,cpu,128,6.25,mala,12.5,M1,0.22421280181394135,3,0.21766718030343768,16
1.9647013102931934,True,4,cpu,128,0.0,rwm,2.0,A1,1.8092079215177501,0,2.8335597796076275,16
1.528781449427265,True,4,cuda,512,0.0,rwm,4.6796875,L2,2.006518782157328,3,2.1677247062419718,16
1.1674805442377911,True,4,cpu,128,0.0,rwm,6.890625,H2,1.4803876683269652,0,1.156478019227797,16
0.403494466984879,True,4,cuda,512,5.9375,mala,11.875,G1,0.41171052110130135,2,0.41946645833905477,16
0.3715011264625402,True,4,cpu,512,5.96875,mala,11.9375,H2,0.36179133891418475,3,0.345286554555942,16
0.8837137320941617,True,4,cpu,128,0.0,rwm,5.734375,G1,0.8677111993910266,1,0.9568348461036003,16
0.4351384910706635,True,4,cpu,128,6.125,mala,12.25,H2,0.38549544367435223,1,0.37490908980153925,16
0.2304500775380443,True,4,cpu,512,5.9375,mala,11.875,G1,0.22628495239918145,2,0.20109240658939323,16
0.8352385505646931,True,4,cpu,512,0.0,rwm,6.1875,L1,0.8442951782424287,3,0.8153388705523803,16
0.257424622326706,True,4,cuda,512,12.0625,mala,24.125,L2,0.18941810825656952,0,0.18975146495943693,16
1.1284059900263554,True,4,cuda,512,0.0,rwm,6.5625,M1,1.8375472047802723,1,1.312217902631117,16
3.71444566211084,True,4,cuda,512,0.0,rwm,2.0,A1,4.801698783856928,2,3.987109926672901,16
0.11333698217303566,True,4,cpu,512,14.59375,mala,29.1875,A1,0.10034365826876747,1,0.09763310266618615,16
0.13713903038254538,True,4,cpu,128,11.375,mala,22.75,L1,0.12017750888746413,3,0.11851980273925243,16
0.19873496024355666,True,4,cpu,512,10.9375,mala,21.875,H1,0.18553486567476815,3,0.18960721029168784,16
1.045869913622803,True,4,cpu,128,0.0,rwm,6.21875,G1,0.8349438866015549,2,0.9291067768146706,16
0.4928415999729116,True,4,cuda,128,6.125,mala,12.25,H2,0.4510968402837761,1,0.4541836473195705,16
1.1340615880705864,True,4,cpu,128,0.0,rwm,6.8125,M1,1.0860821782237122,2,1.0046867250322589,16
1.4098529566804892,True,4,cuda,512,0.0,rwm,6.421875,L1,1.5571637269237286,1,1.4162361232214837,16
0.3473302387911743,True,4,cpu,512,5.96875,mala,11.9375,H2,0.35370684621107584,1,0.34489698286320775,16
1.3804662652600523,True,4,cpu,128,0.0,rwm,3.234375,L2,1.6476203392458575,0,2.204937751179624,16
0.2617864393286108,True,4,cuda,128,11.125,mala,22.25,L1,0.2247925136317891,1,0.2238019892372984,16
0.48453025885199225,True,4,cuda,128,6.5,mala,13.0,M1,0.42790542009772536,2,0.4271590814966152,16
0.2189968923048956,True,4,cuda,512,11.1875,mala,22.375,G2,0.22359124521510068,1,0.21264956295745557,16
0.2163631505064902,True,4,cpu,128,12.125,mala,24.25,L2,0.1408498750984257,1,0.13793121231218786,16
0.19068253441328595,True,4,cuda,512,14.90625,mala,29.8125,A1,0.17771246099540217,0,0.16365265030705956,16
0.19225876798041744,True,4,cpu,128,12.125,mala,24.25,L2,0.14832021006226756,3,0.13001213029036243,16
0.18974040947890625,True,4,cpu,512,12.0625,mala,24.125,L2,0.1403672402549938,2,0.13227577431210802,16
1.7592836652551507,True,4,cpu,128,0.0,rwm,7.046875,H2,0.8345885576467199,3,0.9457790074266955,16
0.5274921574542575,True,4,cuda,512,5.96875,mala,11.9375,H2,0.5222589768004791,3,0.5026282592740153,16
1.7271021989239452,True,4,cuda,128,0.0,rwm,6.828125,M1,2.2269335014831846,3,1.9898011032579184,16
2.169069928422531,True,4,cpu,128,0.0,rwm,2.0,G2,2.7554137317449876,1,3.963687188377514,16
0.21788734315503525,True,4,cpu,512,5.96875,mala,11.9375,G1,0.19642105413360583,3,0.20209369930873466,16
1.0407678791970476,True,4,cpu,128,0.0,rwm,4.59375,L1,0.9210875030473558,1,1.182697545985163,16
